-- phpMyAdmin SQL Dump
-- version 4.9.1
-- https://www.phpmyadmin.net/
--
-- Host: 10.123.0.88:3306
-- Generation Time: Jun 11, 2024 at 11:04 PM
-- Server version: 5.7.27
-- PHP Version: 7.0.33-0+deb9u12

SET SQL_MODE = "NO_AUTO_VALUE_ON_ZERO";
SET AUTOCOMMIT = 0;
START TRANSACTION;
SET time_zone = "+00:00";


/*!40101 SET @OLD_CHARACTER_SET_CLIENT=@@CHARACTER_SET_CLIENT */;
/*!40101 SET @OLD_CHARACTER_SET_RESULTS=@@CHARACTER_SET_RESULTS */;
/*!40101 SET @OLD_COLLATION_CONNECTION=@@COLLATION_CONNECTION */;
/*!40101 SET NAMES utf8mb4 */;

--
-- Database: `itiud_referencialos_ud`
--

-- --------------------------------------------------------

--
-- Table structure for table `Administrador`
--

CREATE TABLE `Administrador` (
  `idAdministrador` int(11) NOT NULL,
  `nombre` varchar(45) COLLATE utf8_unicode_ci NOT NULL,
  `apellido` varchar(45) COLLATE utf8_unicode_ci NOT NULL,
  `correo` varchar(45) COLLATE utf8_unicode_ci NOT NULL,
  `clave` varchar(45) COLLATE utf8_unicode_ci NOT NULL,
  `foto` varchar(45) COLLATE utf8_unicode_ci DEFAULT NULL,
  `telefono` varchar(45) COLLATE utf8_unicode_ci DEFAULT NULL,
  `celular` varchar(45) COLLATE utf8_unicode_ci DEFAULT NULL,
  `estado` tinyint(4) NOT NULL
) ENGINE=InnoDB DEFAULT CHARSET=utf8 COLLATE=utf8_unicode_ci TABLESPACE `itiud_referencialos_ud`;

--
-- Dumping data for table `Administrador`
--

INSERT INTO `Administrador` (`idAdministrador`, `nombre`, `apellido`, `correo`, `clave`, `foto`, `telefono`, `celular`, `estado`) VALUES
(1, 'Hector', 'Florez', 'iti@udistrital.edu.co', '7acf5826ff4e666aec5e01c0f5ac5961', 'image/1717880656.png', '3193029693', '3193029693', 1),
(2, 'Dana', 'Macias', 'dsofiamrojasd6419@gmail.com', '202cb962ac59075b964b07152d234b70', 'image/1716617005.png', '', '', 1);

-- --------------------------------------------------------

--
-- Table structure for table `CategoriaDeCriterio`
--

CREATE TABLE `CategoriaDeCriterio` (
  `idCategoriaDeCriterio` int(11) NOT NULL,
  `nombre` varchar(45) COLLATE utf8_unicode_ci NOT NULL
) ENGINE=InnoDB DEFAULT CHARSET=utf8 COLLATE=utf8_unicode_ci TABLESPACE `itiud_referencialos_ud`;

--
-- Dumping data for table `CategoriaDeCriterio`
--

INSERT INTO `CategoriaDeCriterio` (`idCategoriaDeCriterio`, `nombre`) VALUES
(1, 'Académico'),
(2, 'Social');

-- --------------------------------------------------------

--
-- Table structure for table `Criterio`
--

CREATE TABLE `Criterio` (
  `idCriterio` int(11) NOT NULL,
  `nombre` varchar(45) COLLATE utf8_unicode_ci NOT NULL,
  `descripcion` varchar(200) COLLATE utf8_unicode_ci NOT NULL,
  `categoriaDeCriterio_idCategoriaDeCriterio` int(11) NOT NULL
) ENGINE=InnoDB DEFAULT CHARSET=utf8 COLLATE=utf8_unicode_ci TABLESPACE `itiud_referencialos_ud`;

--
-- Dumping data for table `Criterio`
--

INSERT INTO `Criterio` (`idCriterio`, `nombre`, `descripcion`, `categoriaDeCriterio_idCategoriaDeCriterio`) VALUES
(1, 'Dominio del curso', 'El profesor conoce con precisión todos los temas del curso', 1),
(2, 'Metodología', 'La forma en que el profesor enseña permite a los estudiantes comprender y apropiar los temas del curso. Además, su forma de calificar es coherente con los objetivos del curso.', 1),
(3, 'Cumplimiento de los temas', 'El profesor explica completamente todos los temas propuestos en el curso', 1),
(4, 'Examenes justos', 'El profesor plantea exámenes solubles que incluyen preguntas de temas presentados previamente al examen', 1),
(5, 'Exigencia', 'El profesor exige a los estudiantes lo adecuado para lograr los objetivos del curso', 1),
(6, 'Amabilidad', 'El profesor se expresa con los estudiantes de manera cordial y asertiva', 2),
(7, 'Asistencia', 'El profesor asiste a todas las clases. En caso de no asistir por fuerza mayor, el profesor informa con anticipación y propone la recuperación de la clase', 2),
(8, 'Puntualidad', 'El profesor inicia y termina cada clase a la hora establecida en el horario o acordada con los estudiantes', 2),
(9, 'Imparcialidad', 'El profesor tiene un trato justo y equitativo con todos los estudiantes', 2),
(10, 'Actitud', 'El profesor es apasinado por enseñar, emplea dinámicas para que los estudiantes adquieran la competencias académicas, propone actividades para mantener la atención y motivación de los estudiantes', 2);

-- --------------------------------------------------------

--
-- Table structure for table `Curso`
--

CREATE TABLE `Curso` (
  `idCurso` int(11) NOT NULL,
  `nombre` varchar(100) COLLATE utf8_unicode_ci NOT NULL
) ENGINE=InnoDB DEFAULT CHARSET=utf8 COLLATE=utf8_unicode_ci TABLESPACE `itiud_referencialos_ud`;

--
-- Dumping data for table `Curso`
--

INSERT INTO `Curso` (`idCurso`, `nombre`) VALUES
(1, 'ACABADOS CERAMICOS'),
(2, 'ACCIONAMIENTOS NEUMATICOS-HIDRAULICOS'),
(3, 'ACONDICIONAMIENTO FISICO I'),
(4, 'ACONDICIONAMIENTO PARA EL CANTO I'),
(5, 'ACONDICIONAMIENTO PARA EL CANTO II'),
(6, 'ACONDICIONAMIENTO PARA EL HABLA I'),
(7, 'ACONDICIONAMIENTO PARA EL HABLA II'),
(8, 'ACTUACION I'),
(9, 'ACTUACION II'),
(10, 'ACTUACION III'),
(11, 'ACTUACION IV'),
(12, 'ACTUACION PARA MEDIOS AUDIOVISUALES Y SONOROS'),
(13, 'ACUEDUCTO Y ALCANTARILLADO'),
(14, 'ACUEDUCTOS'),
(15, 'ADAPTACION DRAMATICA'),
(16, 'ADMINISTRACION'),
(17, 'ADMINISTRACION DE EMPRESAS'),
(18, 'ADMINISTRACION DE LAS ORGANIZACIONES'),
(19, 'ADMINISTRACION DE RECURSOS NATURALES'),
(20, 'ADMINISTRACIÓN FINANCIERA'),
(21, 'ADMINISTRACION GENERAL'),
(22, 'ADMINISTRACION MUNICIPAL'),
(23, 'ADMINISTRACION PUBLICA AMBIENTAL'),
(24, 'ADMINISTRACION Y REGIMEN TERRITORIAL'),
(25, 'ADQUISICION DE DATOS'),
(26, 'ADVANCED ENGLISH I'),
(27, 'ADVANCED ENGLISH II'),
(28, 'AISLAMIENTO ELECTRICO'),
(29, 'AJUSTES GEODESICOS'),
(30, 'ALCANTARILLADOS'),
(31, 'ALGEBRA DE MATRICES'),
(32, 'ALGEBRA LINEAL'),
(33, 'ALGEBRA LINEAL Y GEOMETRIA'),
(34, 'ALGEBRA Y TRIGONOMETRIA'),
(35, 'ALGORITMOS EN C/C'),
(36, 'ALTIMETRIA'),
(37, 'AMBIENTES VIRTUALES EN PEDAGOGIA HOSPITALARIA DOMICILIARIA'),
(38, 'AMBIENTES Y MEDIACIONES. INFANCIA, ADOLESCENCIA Y JUVENTUD'),
(39, 'AMOR Y SUJETO MUJER EN INDUSTRIAS CULTURALES'),
(40, 'ANALISIS COMPLEJO'),
(41, 'ANALISIS DE CIRCUITOS I'),
(42, 'ANALISIS DE CIRCUITOS I Y LABORATORIO'),
(43, 'ANALISIS DE CIRCUITOS II'),
(44, 'ANALISIS DE CIRCUITOS II Y LABORATORIO'),
(45, 'ANALISIS DE CIRCUITOS III'),
(46, 'ANALISIS DE DATOS'),
(47, 'ANALISIS DE ESTRUCTURAS I'),
(48, 'ANALISIS DE ESTRUCTURAS II'),
(49, 'ANALISIS DE FALLAS Y PROTECCIONES'),
(50, 'ANALISIS DE FOURIER'),
(51, 'ANALISIS DE FOURIER WAVELETS'),
(52, 'ANALISIS DE SISTEMAS'),
(53, 'ANALISIS DE SISTEMAS DE POTENCIA'),
(54, 'ANALISIS DE SISTEMAS DINAMICOS'),
(55, 'ANALISIS DEL DISCURSO'),
(56, 'ANALISIS DEL ESPECTACULO'),
(57, 'ANALISIS DEL TEATRO'),
(58, 'ANALISIS ESTADISTICO UTILIZANDO R-STUDIO'),
(59, 'ANALISIS FINANCIERO'),
(60, 'ANALISIS FUNCIONAL DEL MOVIMIENTO'),
(61, 'ANALISIS MATEMATICO I'),
(62, 'ANALISIS MATEMATICO II'),
(63, 'ANALISIS MUSICAL I'),
(64, 'ANALISIS MUSICAL II'),
(65, 'ANALISIS MUSICAL III'),
(66, 'ANALISIS MUSICAL IV'),
(67, 'ANALISIS NUMERICO'),
(68, 'ANALISIS QUIMICO'),
(69, 'ANALISIS QUIMICO INSTRUMENTAL'),
(70, 'ANALISIS QUIMICO INSTRUMENTAL I'),
(71, 'ANALISIS QUIMICO INSTRUMENTAL II'),
(72, 'ANALISIS QUIMICO ORGANICO'),
(73, 'ANALISIS SOCIAL COLOMBIANO'),
(74, 'ANALISIS VECTORIAL'),
(75, 'ANALISIS Y DECISIONES FINANCIERAS'),
(76, 'ANALISIS Y DISEÑO DE MICROPROCESADORES'),
(77, 'ANALISIS Y GESTION DEL RIESGO'),
(78, 'ANALISIS Y METODOS NUMERICOS'),
(79, 'ANATOMIA PARA EL MOVIMIENTO'),
(80, 'ANILLOS Y CAMPOS'),
(81, 'ANTENAS Y PROPAGACION'),
(82, 'ANTEPROYECTO DE GRADO'),
(83, 'ANTROPOLOGIA, SUBJETIVIDADES Y ESCUELA'),
(84, 'APLICACIONES COMPUTACIONALES'),
(85, 'APLICACIONES DE LA BIOMASA Y OTRAS FUENTES ALTERNAS'),
(86, 'APLICACIONES DE LA ENERGIA SOLAR FOTOVOLTAICA'),
(87, 'APLICACIONES PARA DISPOSITIVOS DE TELECOMUNICACIONES'),
(88, 'APLICACIONES PARA INTERNET'),
(89, 'APOYOS DIGITALES'),
(90, 'APRECIACION DE LA DANZA'),
(91, 'APROVECHAMIENTO FORESTAL'),
(92, 'ARBORICULTURA URBANA'),
(93, 'ARCHIVOS DE IMAGEN Y SONIDO'),
(94, 'ARCHIVOS E HISTORIA'),
(95, 'ARCHIVOS Y MEMORIA'),
(96, 'AREAS PROTEGIDAS'),
(97, 'ARGUMENTACION'),
(98, 'ARMONIA APLICADA A LA GUITARRA'),
(99, 'ARMONIA I'),
(100, 'ARMONIA II'),
(101, 'ARMONIA III'),
(102, 'ARPA LLANERA II'),
(103, 'ARPA LLANERA IV'),
(104, 'ARPA LLANERA VI'),
(105, 'ARQUITECTURA DE COMPUTADORES'),
(106, 'ARQUITECTURA DE COMPUTADORES Y LABORATORIO'),
(107, 'ARQUITECTURA DE MICROCONTROLADORES'),
(108, 'ARREGLOS MUSICALES III'),
(109, 'ARREGLOS MUSICALES V'),
(110, 'ARREGLOS MUSICALES VI'),
(111, 'ARTE Y REVOLUCION'),
(112, 'ARTE, CONSUMO Y SOSTENIBILIDAD'),
(113, 'ARTE, ESPACIO Y NATURALEZA'),
(114, 'ARTE, TECNOLOGIAS Y MEDIOS'),
(115, 'ARTES CIRCENSES I'),
(116, 'ARTES CIRCENSES II'),
(117, 'ASEGURAMIENTO METROLOGICO'),
(118, 'ASTROBIOLOGIA'),
(119, 'ASTRONOMIA ESFERICA'),
(120, 'ASTRONOMIA Y LABORATORIO'),
(121, 'AUDICION MUSICAL PARA NO MUSICOS'),
(122, 'AUDITORIA DE ARCHIVOS'),
(123, 'AUDITORIA I'),
(124, 'AUDITORIA II'),
(125, 'AUDITORIAS AMBIENTALES'),
(126, 'AUTOCAD'),
(127, 'AUTOMATICA DSC'),
(128, 'AUTOMATICA I'),
(129, 'AUTOMATICA II'),
(130, 'AUTOMATICA III'),
(131, 'AUTOMATISMOS'),
(132, 'AUTOMATIZACION'),
(133, 'AUTOMATIZACION DE MAQUINARIA'),
(134, 'AUTOMATIZACION Y CONTROL I'),
(135, 'AVALUOS MASIVOS'),
(136, 'AVALUOS PUNTUALES'),
(137, 'AVANCES EN PROCESOS DE MANUFACTURA'),
(138, 'BAILES CANTAOS Y TOCAOS'),
(139, 'BAJO ELECTRICO'),
(140, 'BAJO ELECTRICO II'),
(141, 'BAJO ELECTRICO III'),
(142, 'BAJO ELECTRICO IV'),
(143, 'BAJO ELECTRICO IX'),
(144, 'BAJO ELECTRICO V'),
(145, 'BAJO ELECTRICO VI'),
(146, 'BAJO ELECTRICO VIII'),
(147, 'BAJO ELÉCTRICO X'),
(148, 'BALANCE DE MASA Y ENERGIA APLICADO A PROBLEMAS DE INGENIERIA SANITARIA'),
(149, 'BANDOLA ANDINA V'),
(150, 'BANDOLA ANDINA X'),
(151, 'BASES DE DATOS'),
(152, 'BASES DE DATOS AVANZADAS'),
(153, 'BASES DE DATOS DISTRIBUIDAS'),
(154, 'BASES DE DATOS EN INGENIERIA'),
(155, 'BASES DE DATOS ESPACIALES'),
(156, 'BASES DE DATOS I'),
(157, 'BASES DE DATOS II'),
(158, 'BASES DEL ENTRENAMIENTO PARA LA ESCENA'),
(159, 'BASIC ENGLISH'),
(160, 'BIG DATA'),
(161, 'BIOESTADISTICA'),
(162, 'BIOETICA'),
(163, 'BIOETICA Y EDUCACION ARTISTICA'),
(164, 'BIOFISICA I'),
(165, 'BIOFISICA II'),
(166, 'BIOGEOQUIMICA'),
(167, 'BIOINGENIERIA I'),
(168, 'BIOINGENIERIA II'),
(169, 'BIOINGENIERIA III'),
(170, 'BIOLOGIA'),
(171, 'BIOLOGIA CELULAR'),
(172, 'BIOLOGIA COMPARADA'),
(173, 'BIOLOGIA DE LA CONSERVACION'),
(174, 'BIOLOGIA DE LIQUENES Y BRIOFITAS'),
(175, 'BIOLOGIA DE LOS HONGOS'),
(176, 'BIOLOGIA DEL DESARROLLO'),
(177, 'BIOLOGIA GENERAL'),
(178, 'BIOLOGIA MOLECULAR'),
(179, 'BIOQUIMICA'),
(180, 'BIOQUIMICA I'),
(181, 'BIOTECNOLOGIA'),
(182, 'BOTANICA I'),
(183, 'BOTANICA II'),
(184, 'BOTANICA SISTEMATICA'),
(185, 'BOTANICA TAXONOMICA'),
(186, 'BRIOFITOS'),
(187, 'BYUNGCHUL-HAN. UNA MIRADA DESDE LA COMUNICACION'),
(188, 'CAD/CAM'),
(189, 'CALCULO'),
(190, 'CALCULO DIFERENCIAL'),
(191, 'CALCULO INTEGRAL'),
(192, 'CALCULO MULTIVARIADO'),
(193, 'CALCULO VECTORIAL'),
(194, 'CALIDAD AMBIENTAL'),
(195, 'CALIDAD DE POTENCIA EN MEDIA Y BAJA TENSION'),
(196, 'CALIDAD DEL AGUA'),
(197, 'CALIDAD DEL AIRE'),
(198, 'CAMBIO CLIMATICO'),
(199, 'CAMPOS ELECTROMAGNETICOS'),
(200, 'CANTO'),
(201, 'CANTO II'),
(202, 'CANTO III'),
(203, 'CANTO IV'),
(204, 'CANTO IX'),
(205, 'CANTO V'),
(206, 'CANTO VI'),
(207, 'CANTO VII'),
(208, 'CANTO VIII'),
(209, 'CARACTEROLOGIA Y PERSONAJE'),
(210, 'CARBONES'),
(211, 'CARTOGRAFIA'),
(212, 'CARTOGRAFIA DIGITAL'),
(213, 'CARTOGRAFIA DIGITAL AVANZADA'),
(214, 'CARTOGRAFIA TEMATICA'),
(215, 'CARTOGRAFIA Y SIG'),
(216, 'CATASTRO'),
(217, 'CATASTRO MULTIPROPOSITO'),
(218, 'CATEDRA AMBIENTAL'),
(219, 'CATEDRA DE CONTEXTO'),
(220, 'CATEDRA DEMOCRACIA Y CIUDADANIA'),
(221, '﻿CATEDRA DEMOCRACIA Y CIUDADANIA'),
(222, 'CATEDRA FRANCISCO JOSE DE CALDAS'),
(223, 'CERAMICA ESCULTORICA'),
(224, 'CHARANGO III'),
(225, 'CHARANGO V'),
(226, 'CHARANGO VII'),
(227, 'CIBERCULTURA'),
(228, 'CIBERNETICA'),
(229, 'CIBERNETICA CUALITATIVA'),
(230, 'CIBERNETICA CUALITATIVA II'),
(231, 'CIBERNETICA CUALITATIVA III'),
(232, 'CIBERNETICA II'),
(233, 'CIBERNETICA III'),
(234, 'CIENCIA AGROECOLOGICA'),
(235, 'CIENCIA TECNOLOGIA Y SOCIEDAD'),
(236, 'CIENCIAS DE LA COMPUTACION I'),
(237, 'CIENCIAS DE LA COMPUTACION II'),
(238, 'CIENCIAS DE LA COMPUTACION III'),
(239, 'CIENCIAS DE LA SALUD APLICADA AL DEPORTE'),
(240, 'CIENCIAS SOCIALES ESCOLARES'),
(241, 'CIENCIAS SOCIALES Y LITERATURA: MIRADAS DESDE LA EDUCACION Y LA INVESTIGACION'),
(242, 'CIRCUITOS DIGITALES'),
(243, 'CIRCUITOS DIGITALES I'),
(244, 'CIRCUITOS DIGITALES II'),
(245, 'CIRCUITOS ELECTRICOS I'),
(246, 'CIRCUITOS ELECTRICOS II'),
(247, 'CIRCUITOS I'),
(248, 'CIRCUITOS II'),
(249, 'CIRCUITOS III'),
(250, 'CIUDAD Y PATRIMONIO CULTURAL EN EL CONTEXTO DE LA EDUCACION ARTISTICA'),
(251, 'CLARINETE'),
(252, 'CLARINETE II'),
(253, 'CLARINETE IV'),
(254, 'CLARINETE IX'),
(255, 'CLARINETE V'),
(256, 'CLARINETE VI'),
(257, 'CLARINETE VIII'),
(258, 'CLARINETE X'),
(259, 'CLARINETEVII'),
(260, 'CLASIFICACION Y ORDENACION DOCUMENTAL'),
(261, 'CLAVES FEMINISTAS PARA EL PODERIO Y LA AUTONOMIA DE LAS MAESTRAS XX'),
(262, 'CLIMATOLOGIA'),
(263, 'COLECTIVO INSTRUMENTAL'),
(264, 'COLOGRAFIA'),
(265, 'COMERCIO ELECTRONICO'),
(266, 'COMITES AMBIENTALES LOCALES'),
(267, 'COMPETENCIAS CIENTIFICAS'),
(268, 'COMPOSICION COREOGRAFICA APLICADA I'),
(269, 'COMPOSICION COREOGRAFICA APLICADA II'),
(270, 'COMPOSICION ESCENICA'),
(271, 'COMPOSICION FOTOGRAFICA'),
(272, 'COMPOSICION MUSICAL II'),
(273, 'COMPOSICION MUSICAL III'),
(274, 'COMPOSICION MUSICAL V'),
(275, 'COMPOSTAJE Y LOMBRICULTURA'),
(276, 'COMPRENSION Y PRODUCCION DE TEXTOS'),
(277, 'COMPUTACION CUANTICA'),
(278, 'COMPUTACION MATEMATICA'),
(279, 'COMUNICACION INTERCULTURAL'),
(280, 'COMUNICACION ORAL Y ESCRITA'),
(281, 'COMUNICACION PARA EL BUEN VIVIR'),
(282, 'COMUNICACION Y MEDIACIONES SOCIOCULTURALES'),
(283, 'COMUNICACION, PERIODISMO Y CONFLICTO SOCIAL'),
(284, 'COMUNICACIONES ANALOGICAS'),
(285, 'COMUNICACIONES DIGITALES'),
(286, 'COMUNICACIONES MOVILES'),
(287, 'CONCEPTOS BASICOS DE PROBABILIDAD UTILIZADOS EN BIOESTADISTICA'),
(288, 'CONCIENCIA CORPORAL, PRE-DANZA Y JUEGO PARA LA ESCUELA'),
(289, 'CONFIGURACION ESPACIAL 1: CUERPO, ESPACIO Y ACCION'),
(290, 'CONFIGURACION ESPACIAL 2: ESPACIO, TERRITORIO E INTERVENCION'),
(291, 'CONJUNTO INSTRUMENTAL IV'),
(292, 'CONSERVACION DE SUELOS'),
(293, 'CONSERVACION DEL PATRIMONIO DOCUMENTAL'),
(294, 'CONSTITUCION INICIAL DEL SUJETO Y PERSPECTIVAS DEL DESARROLLO INFANTIL'),
(295, 'CONSTITUCION POLITICA Y DERECHO LABORAL'),
(296, 'CONSTRUCCION DE EDIFICACIONES'),
(297, 'CONSTRUCCION DE EXPERIENCIAS DE APRENDIZAJE DESDE EL DUA Y EL PIAR'),
(298, 'CONSTRUCCION DE SABERES, CONOCIMIENTOS Y EXPERIENCIAS SOBRE LA NATURALEZA'),
(299, 'CONSTRUCCION DE VIAS Y URBANISMO'),
(300, 'CONSTRUCCION DEL MUNDO MATEMATICO'),
(301, 'CONSTRUCCION SENSIBLE, PENSAMIENTO DIVERGENTE E IMAGINACION CREADORA'),
(302, 'CONSTRUCCION SOCIAL DE LA INFANCIA'),
(303, 'CONSTRUCCION SOSTENIBLE'),
(304, 'CONTABILIDAD'),
(305, 'CONTABILIDAD DE COSTOS'),
(306, 'CONTABILIDAD GENERAL'),
(307, 'CONTABILIDAD Y COSTOS'),
(308, 'CONTACTO I'),
(309, 'CONTACTO II'),
(310, 'CONTAMINACION AMBIENTAL I'),
(311, 'CONTAMINACION AMBIENTAL II'),
(312, 'CONTENIDOS Y PROCESOS ESCULTORICOS'),
(313, 'CONTEXTO Y ESCUELA'),
(314, 'CONTEXTOS EDUCATIVOS I'),
(315, 'CONTEXTOS EDUCATIVOS II'),
(316, 'CONTEXTOS ESCOLARES'),
(317, 'CONTRABAJO'),
(318, 'CONTRABAJO III'),
(319, 'CONTRABAJO VII'),
(320, 'CONTRABAJO VIII'),
(321, 'CONTRABAJO X'),
(322, 'CONTROL'),
(323, 'CONTROL DE MOVIMIENTO'),
(324, 'CONTROL DE PROCESOS'),
(325, 'CONTROL ESTADISTICO DE CALIDAD'),
(326, 'CONTROL I'),
(327, 'CONTROL II'),
(328, 'CONTROL III'),
(329, 'CONTROL INTELIGENTE'),
(330, 'CONTROL Y ASEGURAMIENTO DE LA CALIDAD'),
(331, 'CONTROL Y SUPERVISION DE PROYECTOS'),
(332, 'CONVERGENCIA DIGITAL Y SUBJETIVIDAD. REFLEXIONES PARA EDUCAR EN LA DIVERSIDAD'),
(333, 'CONVERSION ELECTROMAGNETICA'),
(334, 'COORDINACION DE AISLAMIENTO'),
(335, 'CORNO FRANCES VII'),
(336, 'CORNO FRANCES VIII'),
(337, 'CORPORALIDAD Y AUTOBIOGRAFIA'),
(338, 'CORPORALIDAD Y MOVIMIENTO EN LA INFANCIA'),
(339, 'CORPOREIDADES Y ADMINISTRACION DE LA MIRADA'),
(340, 'CORRIENTES PEDAGOGICAS CONTEMPORANEAS'),
(341, 'COSTOS DE PRODUCCIÓN'),
(342, 'COSTOS Y PRESUPUESTOS'),
(343, 'COURSE DESING & METHODOLOGY IN PRIMARY SCHOOL'),
(344, 'COURSE DESING & METHODOLOGY IN SECONDARY SCHOOL'),
(345, 'CREACION DESDE LA PERSPECTIVA DE LA EDUCACION MUSICAL'),
(346, 'CREACION Y MONTAJE DE COMPARSA EN LA ESCUELA'),
(347, 'CRIPTOGRAFIA Y SEGURIDAD EN REDES'),
(348, 'CRIPTOLOGIA'),
(349, 'CUATRO VII'),
(350, 'CUATRO X'),
(351, 'CUENCAS HIDROGRAFICAS'),
(352, 'CUERPO INDIVIDUAL, CUERPO RELACIONAL'),
(353, 'CUERPO RITMICO COREOGRAFICO'),
(354, 'CUERPO Y PERFORMANCE'),
(355, 'CUERPO Y VOZ PARA BAILARINES'),
(356, 'CUERPO, SEXUALIDAD Y LENGUAJE, UNA APROXIMACION PSICOANALITICA.'),
(357, 'CULTURA POLITICA, ETICA Y CIUDADANA'),
(358, 'CULTURA Y SOCIEDAD EN AMERICA LATINA'),
(359, 'CULTURAS Y RELIGIONES'),
(360, 'CUMPLIMIENTO MINERO AMBIENTAL'),
(361, 'CURADURIA'),
(362, 'CURRICULO Y EVALUACION'),
(363, 'CURRICULO Y EVALUACION EN LA EDUCACION INFANTIL'),
(364, 'DANZA - TEATRO: CUERPO, MANIPULACION Y OBJETO'),
(365, 'DANZA CLASICA ELONGACION Y ALINEACION I'),
(366, 'DANZA CLASICA ELONGACION Y ALINEACION II'),
(367, 'DANZA CLASICA: CUERPO Y ESPACIO I'),
(368, 'DANZA CLASICA: CUERPO Y ESPACIO II'),
(369, 'DANZA CLASICA: FLUIDEZ DEL MOVIMIENTO I'),
(370, 'DANZA CLASICA: FLUIDEZ DEL MOVIMIENTO II'),
(371, 'DANZA CLASICA: LABORATORIO DE CREACION CLASICA'),
(372, 'DANZA CLASICA: REPERTORIO CLASICO'),
(373, 'DANZA CLASICA: TEMPO Y MOVIMIENTO I'),
(374, 'DANZA CLASICA: TEMPO Y MOVIMIENTO II'),
(375, 'DANZA CONTEMPORANEA ESCRITURAS DEL MOVIMIENTO'),
(376, 'DANZA CONTEMPORANEA TRANSITOS DINAMICOS'),
(377, 'DANZA CONTEMPORANEA. CUERPO RELACIONAL'),
(378, 'DANZA CONTEMPORANEA. PLANTEAMIENTOS TECNICOS'),
(379, 'DANZA PARA LA ESCENA'),
(380, 'DANZA TEATRO: ORGANICIDAD, IMPULSO Y ACCION FISICA'),
(381, 'DANZA TEATRO: SITUACION, ACCION, PERSONAJE'),
(382, 'DANZA TRADICIONAL COLOMBIANA GENERALIDADES I'),
(383, 'DANZA TRADICIONAL COLOMBIANA GENERALIDADES II'),
(384, 'DANZA TRADICIONAL COLOMBIANA REGION ANDINA I'),
(385, 'DANZA TRADICIONAL COLOMBIANA REGION CARIBE I'),
(386, 'DANZA TRADICIONAL COLOMBIANA REGION CARIBE II'),
(387, 'DANZA TRADICIONAL COLOMBIANA REGION ORINOQUIA'),
(388, 'DANZA TRADICIONAL COLOMBIANA REGION PACIFICA I'),
(389, 'DANZA TRADICIONAL COLOMBIANA REGION PACIFICA II'),
(390, 'DANZA URBANA II'),
(391, 'DATOS MOLECULARES EN BIODIVERSIDAD'),
(392, 'DE LOS MEDIOS PICTORICOS AL COLOR'),
(393, 'DEMOGRAFIA'),
(394, 'DENDROLOGIA I'),
(395, 'DENDROLOGIA II'),
(396, 'DEPORTE DE ALTO RENDIMIENTO'),
(397, 'DEPORTE FORMATIVO'),
(398, 'DEPORTE PARA TODOS Y NUEVAS TENDENCIAS'),
(399, 'DERECHO A LA INFORMACION'),
(400, 'DERECHO EMPRESARIAL'),
(401, 'DERECHOS HUMANOS Y EDUCACION EN DERECHOS HUMANOS'),
(402, 'DESARROLLO COMUNICATIVO EN LENGUA MATERNA'),
(403, 'DESARROLLO DE APLICACIONES MULTIPLATAFORMA'),
(404, 'DESARROLLO DEL ESPIRITU EMPRESARIAL'),
(405, 'DESARROLLO DEL PENSAMIENTO ANALITICO Y CREATIVO'),
(406, 'DESARROLLO ORGANIZACIONAL'),
(407, 'DESARROLLO PSICO- SOCIAL DEL NIÑO'),
(408, 'DESARROLLO SUSTENTABLE'),
(409, 'DESCRIPCION DOCUMENTAL'),
(410, 'DIAGNOSTICO Y GESTION DE LA COMUNICACION COMUNITARIA'),
(411, 'DIBUJO ARTISTICO'),
(412, 'DIBUJO DE ELEMENTOS DE MAQUINAS'),
(413, 'DIBUJO DE TALLER INDUSTRIAL'),
(414, 'DIBUJO EN INGENIERIA'),
(415, 'DIBUJO TECNICO'),
(416, 'DIBUJO VI'),
(417, 'DIBUJO Y GRAMATICA VISUAL'),
(418, 'DIBUJO Y MIMESIS'),
(419, 'DIBUJO Y PENSAMIENTO'),
(420, 'DIBUJO Y SOCIALIDADES'),
(421, 'DIDACTICA DE LA ARITMETICA I'),
(422, 'DIDACTICA DE LA ARITMETICA II'),
(423, 'DIDACTICA DE LA BIOLOGIA'),
(424, 'DIDACTICA DE LA FISICA I'),
(425, 'DIDACTICA DE LA FISICA II'),
(426, 'DIDACTICA DE LA FISICA III'),
(427, 'DIDACTICA DE LA GEOMETRIA'),
(428, 'DIDACTICA DE LA LECTURA Y ESCRITURA'),
(429, 'DIDACTICA DE LA LENGUA Y LA LITERATURA I'),
(430, 'DIDACTICA DE LA LENGUA Y LITERATURA II'),
(431, 'DIDACTICA DE LA PROBABILIDAD Y ESTADISTICA'),
(432, 'DIDACTICA DE LA VARIACION I'),
(433, 'DIDACTICA DEL ALGEBRA'),
(434, 'DIDACTICA DEL CALCULO'),
(435, 'DIGITAL TRANSFORMATION'),
(436, 'DINAMICA DE MECANISMOS'),
(437, 'DINAMICA ESTRUCTURAL'),
(438, 'DINAMICA INDUSTRIAL'),
(439, 'DIRECCION AMBIENTAL DE LA EMPRESA'),
(440, 'DIRECCION DE ACTORES EN TEXTOS REALISTAS'),
(441, 'DIRECCION DE PRODUCCION'),
(442, 'DIRECCION I'),
(443, 'DIRECCION II'),
(444, 'DIRECCION III'),
(445, 'DIRECCION IV'),
(446, 'DISCOGRAFIA POPULAR'),
(447, 'DISCURSO ARGUMENTATIVO'),
(448, 'DISEÑO ARQUITECTURAL DE SOFTWARE Y PATRONES'),
(449, 'DISEÑO ASISTIDO POR COMPUTADOR'),
(450, 'DISEÑO COMPUTACIONAL DE VIAS'),
(451, 'DISEÑO CURRICULAR'),
(452, 'DISEÑO DE DIAGNOSTICOS DE APRENDIZAJE Y UNIDADES DIDACTICAS'),
(453, 'DISEÑO DE ESPECIFICACION DE PROCESOS DE SOLDADURA'),
(454, 'DISEÑO DE ESTRUCTURAS'),
(455, 'DISEÑO DE ESTRUCTURAS METALICAS'),
(456, 'DISEÑO DE EXPERIMENTOS'),
(457, 'DISEÑO DE INSTALACIONES'),
(458, 'DISEÑO DE INSTALACIONES INDUSTRIALES'),
(459, 'DISEÑO DE MAQUINAS'),
(460, 'DISEÑO DE MUESTREO AMBIENTAL'),
(461, 'DISEÑO DE PROCESOS DE FABRICACION'),
(462, 'DISEÑO DE PROCESOS DE PRODUCCION'),
(463, 'DISEÑO DE PROTOTIPOS ELECTRONICOS'),
(464, 'DISEÑO DE PROYECTOS DE AULA EN CIENCIAS SOCIALES'),
(465, 'DISEÑO DE PUESTOS DE TRABAJO'),
(466, 'DISEÑO DE RECIPIENTES A PRESION'),
(467, 'DISEÑO DE REDES DE ACUEDUCTO Y ALCANTARRILLADO'),
(468, 'DISEÑO DE SISTEMAS DE PUESTA A TIERRA'),
(469, 'DISEÑO DE VEHICULOS IMPULSADOS POR POTENCIA HUMANA'),
(470, 'DISEÑO DIGITAL AVANZADO'),
(471, 'DISEÑO DIGITAL CON MICROCONTROLADORES'),
(472, 'DISEÑO ESCENICO : SONIDO'),
(473, 'DISEÑO ESCENICO: ILUMINACION'),
(474, 'DISEÑO ESCENICO: VESTUARIO'),
(475, 'DISEÑO EXPERIMENTAL'),
(476, 'DISEÑO GEOMETRICO DE VIAS'),
(477, 'DISEÑO INDUSTRIAL'),
(478, 'DISEÑO INTEGRADO DE PRODUCTO Y PROCESO'),
(479, 'DISEÑO LOGICO'),
(480, 'DISEÑO POR ELEMENTOS FINITOS'),
(481, 'DISEÑO TOPOGRAFICO'),
(482, 'DISEÑO VIAL COMPUTARIZADO'),
(483, 'DISEÑO Y CONSTRUCCION DE CANALES'),
(484, 'DISEÑO Y CONSTRUCCION DE INFRAESTRUCTURA AEROPORTUORIA'),
(485, 'DISEÑO Y CONSTRUCCION DE PAVIMENTOS'),
(486, 'DISEÑO Y DIAGRAMACION'),
(487, 'DISEÑO Y FORMULACION DE PROYECTOS DE INVESTIGACION SOCIAL Y EDUCATIVA'),
(488, 'DISEÑO Y PLANEACION DE REDES'),
(489, 'DISPOSITIVOS DIGITALES PROGRAMABLES'),
(490, 'DISPOSITIVOS SEMICONDUCTORES'),
(491, 'DIVERSIDAD CULTURAL Y DIDACTICA DE LA FISICA'),
(492, 'DIVERSIDAD DE HEXAPODA'),
(493, 'DIVERSIDAD LINGUISTICA Y CULTURAL DE COLOMBIA'),
(494, 'DOCUMENTOS EN ENTORNOS DIGITALES'),
(495, 'DRAMATURGIA'),
(496, 'DRAMATURGIA DE LA IMAGEN I'),
(497, 'DRAMATURGIA DE LA IMAGEN II'),
(498, 'DRAMATURGIA MUSICAL I'),
(499, 'DRAMATURGIAS DEL CUERPO'),
(500, 'DSP'),
(501, 'ECOLOGIA'),
(502, 'ECOLOGIA AMBIENTAL'),
(503, 'ECOLOGIA ANALITICA'),
(504, 'ECOLOGIA DEL PAISAJE'),
(505, 'ECOLOGIA FORESTAL AVANZADA'),
(506, 'ECOLOGIA FORESTAL BASICA'),
(507, 'ECOLOGIA HUMANA'),
(508, 'ECONOMETRIA'),
(509, 'ECONOMIA'),
(510, 'ECONOMIA AMBIENTAL'),
(511, 'ECONOMIA COLOMBIANA'),
(512, 'ECONOMIA DE RECURSOS NATURALES'),
(513, 'ECONOMIA I'),
(514, 'ECONOMIA II'),
(515, 'ECONOMIA POLITICA DE LA COMUNICACION'),
(516, 'ECOTURISMO Y TURISMO SOSTENIBLE'),
(517, 'ECUACIONES DIFERENCIALES'),
(518, 'EDICION DE MEDIOS'),
(519, 'EDICION FOTOGRAFICA DIGITAL'),
(520, 'EDUCACION AMBIENTAL'),
(521, 'EDUCACION ARTISTICA E INDUSTRIAS CULTURALES, CREATIVAS Y DEL ENTRETENIMIENTO'),
(522, 'EDUCACION ARTISTICA Y GESTION CULTURAL'),
(523, 'EDUCACION EMOCIONAL Y FORMACION DOCENTE'),
(524, 'EDUCACION EN BIOLOGIA Y CONSTRUCCION DE CIUDADANIAS'),
(525, 'EDUCACION EN TECNOLOGIA'),
(526, 'EDUCACION LITERARIA Y LITERATURA INFANTIL EN CONTEXTOS MULTICULTURALES'),
(527, 'EDUCACION MATEMATICA Y CURRICULO. PRACTICA'),
(528, 'EDUCACION MUSICAL BASICA I'),
(529, 'EDUCACION MUSICAL BASICA II'),
(530, 'EDUCACION MUSICAL I'),
(531, 'EDUCACION MUSICAL II'),
(532, 'EDUCACION PARA LA SALUD'),
(533, 'EDUCACION PUBLICA: FUNDAMENTOS PARA UNA FORMACION ETICOPOLITICA'),
(534, 'EDUCACION Y CULTURA'),
(535, 'EDUCACION Y PEDAGOGIA'),
(536, 'EDUCACION, CULTURA Y PEDAGOGIAS DE LA DIFERENCIA'),
(537, 'EDUCACION, CULTURA Y POLITICA'),
(538, 'EDUCATIONAL CONTEXT IN PRIMARY SCHOOL'),
(539, 'EDUCATIONAL CONTEXT IN SECONDARY SCHOOL'),
(540, 'EDUCATIONAL RESEARCH PROJET'),
(541, 'EL ARTE DE ANDAR'),
(542, 'EL CINE COMO OBJETO Y FUENTE DE LAS CIENCIAS SOCIALES'),
(543, 'EL ECOTURISMO UNA EMPRESA RENTABLE'),
(544, 'EL LABERINTO DE LA PALABRA'),
(545, 'EL LENGUAJE DE LA CIENCIA: TALLER DE TEXTO CIENTIFICO'),
(546, 'EL LENGUAJE PARA LA EDUCACION INFANTIL'),
(547, 'EL OBJETO Y SUS ESTETICAS'),
(548, 'EL SANEAMIENTO AMBIENTAL DESDE NUESTRO PUEBLOS ORIGINARIOS'),
(549, 'EL TEATRO EN LA HISTORIA'),
(550, 'ELECTIVA DE COMPLEMENTACION PROFESIONAL I'),
(551, 'ELECTIVA DE COMPLEMENTACION PROFESIONAL II'),
(552, 'ELECTIVA DE COMPLEMENTACION PROFESIONAL III'),
(553, 'ELECTIVA EN EL AREA DE PROFUNDIZACION'),
(554, 'ELECTIVA EN EL AREA DE TRABAJO DE GRADO'),
(555, 'ELECTIVA EN PRACTICA PEDAGOGICA I'),
(556, 'ELECTIVA I'),
(557, 'ELECTIVA II'),
(558, 'ELECTIVA INTRINSECA III'),
(559, 'ELECTIVA SOCIOHUMANISTICA'),
(560, 'ELECTIVA VI'),
(561, 'ELECTRICIDAD Y MAGNETISMO'),
(562, 'ELECTROMAGNETISMO'),
(563, 'ELECTRONICA APLICADA'),
(564, 'ELECTRONICA DE POTENCIA'),
(565, 'ELECTRONICA DIGITAL'),
(566, 'ELECTRONICA DIGITAL Y LABORATORIO I'),
(567, 'ELECTRONICA I'),
(568, 'ELECTRONICA II'),
(569, 'ELECTRONICA III'),
(570, 'ELECTRONICA INDUSTRIAL'),
(571, 'ELECTRONICA INDUSTRITAL'),
(572, 'ELEMENTOS COMPUTACIONALES'),
(573, 'ELEMENTOS DE MAQUINAS I'),
(574, 'ELEMENTOS DE MAQUINAS II'),
(575, 'ELEMENTOS DE PLANIFICACION AMBIENTAL TERRITORIAL'),
(576, 'EMISIONES ATMOSFERICAS'),
(577, 'EMP-GEST. EMP.'),
(578, 'EMPRENDIMIENTO'),
(579, 'EMPRENDIMIENTO EMPRESARIAL'),
(580, 'EMPRENDIMIENTO EMPRESARIAL E IDEAS DE NEGOCIOS'),
(581, 'EMPRENDIMIENTO FORESTAL'),
(582, 'ENEGRECER LA FORMACION DOCENTE: CUERPOS Y SUBJETIVIDADES NEGRAS EN LA DANZA'),
(583, 'ENERGIA SOLAR Y MEDIO AMBIENTE'),
(584, 'ENERGIA Y MEDIO AMBIENTE'),
(585, 'ENERGIAS ALTERNATIVAS'),
(586, 'ENERGIAS RENOVABLES'),
(587, 'ENFASIS I'),
(588, 'ENFASIS II'),
(589, 'ENFASIS III'),
(590, 'ENFASIS IV'),
(591, 'ENFASIS V'),
(592, 'ENFASIS VI'),
(593, 'ENFOQUE REGIONAL DE LOS CERROS ORIENTALES'),
(594, 'ENFOQUES'),
(595, 'ENFOQUES CURRICULARES EN EDUCACION ARTISTICA'),
(596, 'ENFOQUES EPISTEMOLOGICOS Y METODOLOGICOS EN INVESTIGACION EDUCATIVA'),
(597, 'ENFOQUES EPISTEMOLOGICOS Y METODOLOGICOS EN INVESTIGACION SOCIAL'),
(598, 'ENFOQUES EVALUATIVOS EN EDUCACION ARTISTICA'),
(599, 'ENFOQUES METODOLOGICOS EN EDUCACION ARTISTICA'),
(600, 'ENGLISH LANGUAGE FORMS'),
(601, 'ENSAMBLE'),
(602, 'ENSAMBLE DE FACULTAD'),
(603, 'ENSAMBLE I'),
(604, 'ENSAMBLE II'),
(605, 'ENSAMBLE III'),
(606, 'ENSAMBLE IV'),
(607, 'ENSAMBLE V'),
(608, 'ENSAMBLE VI'),
(609, 'ENSAMBLE VII'),
(610, 'ENSAMBLE VIII'),
(611, 'ENSAMBLE VOCAL INSTRUMENTAL EN LA ESCUELA'),
(612, 'ENSEÑANZA DE LAS CIENCIAS SOCIALES EN COLOMBIA'),
(613, 'EPIDEMIOLOGIA'),
(614, 'EPISTEMOLOGIA DE LA FISICA'),
(615, 'EPISTEMOLOGIA DE LA FISICA I'),
(616, 'EPISTEMOLOGIA DE LA FISICA II'),
(617, 'EPISTEMOLOGIA DE LA PEDAGOGIA'),
(618, 'EPISTEMOLOGIA DE LA QUIMICA'),
(619, 'EPISTEMOLOGIA DE LAS CIENCIAS'),
(620, 'EPISTEMOLOGIA E HISTORIA DE LA BIOLOGIA'),
(621, 'EPISTEMOLOGIA Y PEDAGOGIA'),
(622, 'EPISTEMOLOGIAS, EDUCACION Y PEDAGOGIA'),
(623, 'ERGONOMIA'),
(624, 'ESCENARIOS Y ENTORNOS DEPORTIVOS'),
(625, 'ESCENOGRAFIA'),
(626, 'ESCRITURA DE ESCENARIO'),
(627, 'ESCRITURA DE TESIS'),
(628, 'ESCRITURA Y MONTAJE DEL TEATRO PARA LA ESCUELA'),
(629, 'ESCUELA Y FORMACION CIUDADANA'),
(630, 'ESPACIOS ARTISTICOS PARA VER Y OIR'),
(631, 'ESPECTROSCOPIA AVANZADA'),
(632, 'ESPECTROSCOPIA BASICA'),
(633, 'ESTABILIDAD DE TALUDES'),
(634, 'ESTADISTICA'),
(635, 'ESTADISTICA DESCRIPTIVA'),
(636, 'ESTADISTICA INFERENCIAL'),
(637, 'ESTADISTICA INFERENCIAL Y DISEÑO DE EXPERIMENTOS'),
(638, 'ESTADISTICA PARA LAS CIENCIAS SOCIALES'),
(639, 'ESTADISTICA Y PROBABILIDAD'),
(640, 'ESTADO SOLIDO Y DISPOSITIVOS SEMICONDUCTORES'),
(641, 'ESTATICA'),
(642, 'ESTETICAS DRAG, TRANS Y QUEER PARA UNA SOCIEDAD IGUALITARIA'),
(643, 'ESTRATEGIAS PARA LA ADAPTACION AL CAMBIO CLIMATICO'),
(644, 'ESTRATIFICACION SOCIOECONOMICA'),
(645, 'ESTRUCTURA DE DATOS'),
(646, 'ESTRUCTURA MENTAL Y COMPORTAMIENTOS PRODUCTIVOS'),
(647, 'ESTRUCTURAS DE MADERA'),
(648, 'ESTRUCTURAS HIDRAULICAS'),
(649, 'ESTUDIOS LITERARIOS'),
(650, 'ESTUDIOS Y ANALISIS DEL DISCURSO'),
(651, 'ETICA AMBIENTAL'),
(652, 'ETICA DE LA COMUNICACION Y LOS MEDIOS'),
(653, 'ETICA E INTRODUCCION A LA INGENIERIA TOPOGRAFICA'),
(654, 'ETICA PROFESIONAL'),
(655, 'ETICA Y BIOETICA'),
(656, 'ETICA Y BIOETICA PROFESIONAL'),
(657, 'ETICA Y SOCIEDAD'),
(658, 'ETNOGRAFIA DE AULA'),
(659, 'EUFONIO IV'),
(660, 'EUFONIO VIII'),
(661, 'EVALUACION'),
(662, 'EVALUACION AMBIENTAL'),
(663, 'EVALUACION AMBIENTAL DE LOS RESIDUOS PELIGROSOS'),
(664, 'EVALUACION AMBIENTAL I'),
(665, 'EVALUACION AMBIENTAL II'),
(666, 'EVALUACION DE APRENDIZAJE'),
(667, 'EVALUACION DE IMPACTO AMBIENTAL'),
(668, 'EVALUACION DE PROYECTOS FORESTALES'),
(669, 'EVALUACION DEL IMPACTO AMBIENTAL'),
(670, 'EVALUACION SOCIAL DE PROYECTOS'),
(671, 'EVALUACION SOCIAL Y ECONOMICA DE PROYECTOS'),
(672, 'EVALUATION PROCESSES IN L2'),
(673, 'EVOLUCION'),
(674, 'EXPERIMENTACION FOTOGRAFICA'),
(675, 'EXPRESION ARTISTICA MUSICAL'),
(676, 'EXPRESION DIGITAL III'),
(677, 'EXPRESION DIGITAL IV'),
(678, 'EXPRESION GRAFICA'),
(679, 'EXTENSION FORESTAL'),
(680, 'EXTENSION TECNICA SOCIAL'),
(681, 'EXTENSIONES NUMERICAS'),
(682, 'FACTORES DE RIESGO AMBIENTAL EN SALUD PÚBLICA'),
(683, 'FACTORES HUMANOS'),
(684, 'FAGOT VII'),
(685, 'FERTILIZANTES Y FERTILIZACION'),
(686, 'FILOSOFIA'),
(687, 'FILOSOFIA DE LA EDUCACION'),
(688, 'FILOSOFIA PARA NIÑAS Y NIÑOS'),
(689, 'FIRST AND SECOND LANGUAGE ACQUISITION'),
(690, 'FISICA'),
(691, 'FISICA ANATOMICA Y NUCLEAR'),
(692, 'FISICA CLASICA'),
(693, 'FISICA COMPUTACIONAL I'),
(694, 'FISICA COMPUTACIONAL II'),
(695, 'FISICA DE ONDAS'),
(696, 'FISICA DE SEMICONDUCTORES'),
(697, 'FISICA ESTADISTICA'),
(698, 'FISICA I'),
(699, 'FISICA I Y LABORATORIO'),
(700, 'FISICA I: MECANICA NEWTONIANA'),
(701, 'FISICA II'),
(702, 'FISICA II Y LABORATORIO'),
(703, 'FISICA II: ELECTROMAGNETISMO'),
(704, 'FISICA III Y LABORATORIO'),
(705, 'FISICA III: ONDAS Y FISICA '),
(706, 'FISICA III: ONDAS Y FISICA MODERNA'),
(707, 'FISICA MECANICA'),
(708, 'FISICA MODERNA'),
(709, 'FISICA MODERNA II'),
(710, 'FISICA MODERNA Y LABORATORIO'),
(711, 'FISICA ONDULATORIA'),
(712, 'FISICO QUIMICA DE FLUIDOS'),
(713, 'FISICO-QUIMICA'),
(714, 'FISICOQUIMICA I'),
(715, 'FISICOQUIMICA I: TERMODINAMICA'),
(716, 'FISICOQUIMICA II'),
(717, 'FISICOQUIMICA II: ESPONTANEIDAD Y EQUILIBRIO'),
(718, 'FISIOLOGIA ANIMAL'),
(719, 'FISIOLOGIA FORESTAL'),
(720, 'FISIOLOGIA VEGETAL'),
(721, 'FITOMEJORAMIENTO FORESTAL'),
(722, 'FLAUTA TRAVERSA II'),
(723, 'FLAUTA TRAVERSA IV'),
(724, 'FLAUTA TRAVERSA IX'),
(725, 'FLAUTA TRAVERSA V'),
(726, 'FLAUTA TRAVERSA VI'),
(727, 'FLAUTA TRAVERSA VII'),
(728, 'FLAUTA TRAVERSA VIII'),
(729, 'FLUIDOS Y TERMODINAMICA'),
(730, 'FONETICA Y FONOLOGIA'),
(731, 'FORMACION AUDITIVA I'),
(732, 'FORMACION AUDITIVA II'),
(733, 'FORMACION AUDITIVA III'),
(734, 'FORMACION AUDITIVA IV'),
(735, 'FORMACION DE MAESTROS PARA POBLACIONES CON NECESIDADES ESPECIALES (NEES)'),
(736, 'FORMACION DE MEDIADORES DE LECTURA Y ESCRITURA LITERARIA EN ESPACIOS ESCOLARES'),
(737, 'FORMACION DE MEDIADORES DE LECTURA Y ESCRITURA LITERARIA EN ESPACIOS NO ESCOLARE'),
(738, 'FORMACION INTEGRAL DE EDUCADORES'),
(739, 'FORMAS POETICAS EN ALGUNAS MUSICAS TRADICIONALES: ESTUDIO Y PRACTICA'),
(740, 'FORMAS Y TRENZAS'),
(741, 'FORMULACION DE PROYECTOS TECNOLOGICOS'),
(742, 'FORMULACION Y EVALUACION DE PROYECTOS'),
(743, 'FORMULACION Y EVALUACION DE PROYECTOS AMBIENTALES'),
(744, 'FORMULACION, GESTION  Y EVALUACION DE PROYECTOS'),
(745, 'FOTOGRABADO'),
(746, 'FOTOGRAFIA'),
(747, 'FOTOGRAFIA E IMAGEN EN MOVIMIENTO'),
(748, 'FOTOGRAFIA I'),
(749, 'FOTOGRAFIA Y VIDEO DIGITAL'),
(750, 'FOTOGRAFIA Y VIDEO III'),
(751, 'FOTOGRAMETRIA'),
(752, 'FOTOGRAMETRIA DIGITAL'),
(753, 'FOTOGRAMETRIA Y FOTOINTERPRETACION'),
(754, 'FUNDACIONES'),
(755, 'FUNDAMENTACION TEORICA'),
(756, 'FUNDAMENTOS DE ACUEDUCTOS Y ALCANTARILLADOS'),
(757, 'FUNDAMENTOS DE ADMINISTRACION Y GESTION EMPRESARIAL'),
(758, 'FUNDAMENTOS DE ARCHIVISTICA'),
(759, 'FUNDAMENTOS DE BASES DE DATOS'),
(760, 'FUNDAMENTOS DE BIOJURIDICA Y BIOPOLITICA'),
(761, 'FUNDAMENTOS DE CIRCUITOS DIGITALES'),
(762, 'FUNDAMENTOS DE DIRECCION'),
(763, 'FUNDAMENTOS DE DIRECCION I'),
(764, 'FUNDAMENTOS DE DIRECCION IV'),
(765, 'FUNDAMENTOS DE DISEÑO ESCENICO'),
(766, 'FUNDAMENTOS DE ECOLOGIA'),
(767, 'FUNDAMENTOS DE GESTION AMBIENTAL'),
(768, 'FUNDAMENTOS DE INGENIERIA DE SOFTWARE'),
(769, 'FUNDAMENTOS DE INTELIGENCIA ARTIFICIAL'),
(770, 'FUNDAMENTOS DE INVESTIGACION EN COMUNICACION Y PERIODISMO'),
(771, 'FUNDAMENTOS DE LENGUA Y CULTURA GRECO - LATINA'),
(772, 'FUNDAMENTOS DE MATEMATICAS'),
(773, 'FUNDAMENTOS DE MATEMATICAS Y GEOMETRIA'),
(774, 'FUNDAMENTOS DE METROLOGIA'),
(775, 'FUNDAMENTOS DE MICROSCOPIA E HISTOTECNOLOGIA'),
(776, 'FUNDAMENTOS DE ORGANIZACIÓN'),
(777, 'FUNDAMENTOS DE PEDAGOGIA Y EDUCACION'),
(778, 'FUNDAMENTOS DE PROGRAMACION'),
(779, 'FUNDAMENTOS DE PSICOLOGIA'),
(780, 'FUNDAMENTOS DE QUIMICA'),
(781, 'FUNDAMENTOS DE SELECCION DE MATERIALES'),
(782, 'FUNDAMENTOS DE TECNOLOGIAS DE LA INFORMACION Y LA COMUNICACIÓN'),
(783, 'FUNDAMENTOS DE TELEMATICA'),
(784, 'FUNDAMENTOS QUIMICOS Y BIOQUIMICOS'),
(785, 'GABO: OFICIO DE PERIODISMO'),
(786, 'GENERACION DE ENERGIA ELECTRICA'),
(787, 'GENERACION ENERGIA ELECTRICA'),
(788, 'GENERACION HIDROELECTRICA'),
(789, 'GENERO Y DEPORTE'),
(790, 'GENEROS DE OPINION E INTERPRETACION'),
(791, 'GENEROS INFORMATIVOS'),
(792, 'GENETICA'),
(793, 'GENETICA MOLECULAR'),
(794, 'GEODESIA FISICA'),
(795, 'GEODESIA GEOMETRICA'),
(796, 'GEODESIA POSICIONAL'),
(797, 'GEODESIA SATELITAL'),
(798, 'GEOESTADISTICA'),
(799, 'GEOFISICA'),
(800, 'GEOGRAFIA DEL CUENTO FANTASTICO EN AMERICA LATINA'),
(801, 'GEOGRAFIA ECONOMICA'),
(802, 'GEOGRAFIA HUMANA Y FISICA'),
(803, 'GEOLOGIA'),
(804, 'GEOLOGIA AMBIENTAL'),
(805, 'GEOLOGIA Y GEOMORFOLOGIA'),
(806, 'GEOMATICA I'),
(807, 'GEOMATICA II'),
(808, 'GEOMETRIA ANALITICA'),
(809, 'GEOMETRIA DE NUMEROS COMPLEJOS'),
(810, 'GEOMETRIA DE SUPERFICIES'),
(811, 'GEOMETRIA DESCRIPTIVA'),
(812, 'GEOMETRIA ELEMENTAL'),
(813, 'GEOMETRIA EUCLIDIANA'),
(814, 'GEOPOLITICA'),
(815, 'GERENCIA DE PRODUCCION'),
(816, 'GERENCIA DE PROYECTOS'),
(817, 'GERENCIA DEL TALENTO HUMANO'),
(818, 'GERENCIA ESTRATEGICA'),
(819, 'GERENCIA INTEGRAL Y GESTION PUBLICA'),
(820, 'GERENCIA SOCIAL'),
(821, 'GERENCIA Y AUDITORIA EN REDES'),
(822, 'GESTION AMBIENTAL'),
(823, 'GESTION AMBIENTAL DE LA PRODUCCION'),
(824, 'GESTION AMBIENTAL DE RECURSOS HIDRICOS'),
(825, 'GESTION AMBIENTAL II'),
(826, 'GESTION AMBIENTAL TERRITORIAL'),
(827, 'GESTION CATASTRAL Y CATASTRO MULTIPROPOSITO'),
(828, 'GESTION COMERCIAL DE LOS SERVICIOS PUBLICOS'),
(829, 'GESTION CULTURAL'),
(830, 'GESTION DE CALIDAD'),
(831, 'GESTION DE COLECCIONES DE DOCUMENTOS DIGITALES'),
(832, 'GESTION DE CONTENIDOS'),
(833, 'GESTION DE DATOS E INFORMACION'),
(834, 'GESTION DE INOCUIDAD'),
(835, 'GESTION DE LA CALIDAD'),
(836, 'GESTION DE LA SEGURIDAD INDUSTRIAL'),
(837, 'GESTION DE LOS SISTEMAS DE CALIDAD'),
(838, 'GESTION DE MANTENIMIENTO PARA INGENIEROS INDUSTRIALES'),
(839, 'GESTION DE OPERACIONES'),
(840, 'GESTION DE PROYECTOS DE INVESTIGACION'),
(841, 'GESTION DE RECURSOS'),
(842, 'GESTION DE RECURSOS FORESTALES'),
(843, 'GESTION DE REDES TELEMATICAS'),
(844, 'GESTION DE RIESGOS'),
(845, 'GESTION DE SEGURIDAD Y SALUD OCUPACIONAL'),
(846, 'GESTION DE SELLOS VERDES'),
(847, 'GESTION DE TECNOLOGIA'),
(848, 'GESTION DEL CONOCIMIENTO'),
(849, 'GESTION DEL DESARROLLO HUMANO'),
(850, 'GESTION DEL ESPECTRO RADIOELECTRICO'),
(851, 'GESTION DEL RIESGO'),
(852, 'GESTION DEL RIESGO E INCERTIDUMBRE. MODELOS DINAMICOS-POLITICAS AMBIENTALES'),
(853, 'GESTION DEL TALENTO HUMANO.'),
(854, 'GESTION DOCUMENTAL'),
(855, 'GESTION E INNOVACION TECNOLOGICA'),
(856, 'GESTION EMPRESARIAL IV'),
(857, 'GESTION EN SEGURIDAD INDUSTRIAL Y SALUD OCUPACIONAL'),
(858, 'GESTION FINANCIERA'),
(859, 'GESTION HUMANA'),
(860, 'GESTION INTEGRAL DE RESIDUOS SOLIDOS'),
(861, 'GESTION PUBLICA'),
(862, 'GESTION TECNOLOGICA'),
(863, 'GESTION Y POLITICAS PUBLICAS'),
(864, 'GESTION Y POLITICAS PUBLICAS DE COMUNICACION'),
(865, 'GESTION Y PRODUCCION ARTISTICA Y CULTURAL'),
(866, 'GESTION Y PRODUCCION EN ARTES ESCENICAS'),
(867, 'GESTION, CALIDAD, VERIFICACION Y VALIDACION DE SOFTWARE'),
(868, 'GLOBALIZACION'),
(869, 'GOBIERNO ELECTRONICO'),
(870, 'GRABACION DIGITAL DE AUDIO I'),
(871, 'GRABADO CALCOGRAFICO'),
(872, 'GRABADO EN RELIEVE'),
(873, 'GRABADO III'),
(874, 'GRABADO IV'),
(875, 'GRAMATICA MUSICAL EN EDUCACION ARTISTICA'),
(876, 'GRAMATICAS DEL DIBUJO 1'),
(877, 'GRAMATICAS DEL DIBUJO 2'),
(878, 'GRAMATICAS PLASTICAS Y VISUALES 1'),
(879, 'GRAMATICAS PLASTICAS Y VISUALES 2'),
(880, 'GUION CINEMATOGRAFICO'),
(881, 'GUITARRA ACUSTICA'),
(882, 'GUITARRA ACUSTICA III'),
(883, 'GUITARRA ACUSTICA IV'),
(884, 'GUITARRA ACUSTICA IX'),
(885, 'GUITARRA ACUSTICA V'),
(886, 'GUITARRA ACUSTICA VI'),
(887, 'GUITARRA ACUSTICA VII'),
(888, 'GUITARRA ACÚSTICA VIII'),
(889, 'GUITARRA ACUSTICA X'),
(890, 'GUITARRA ELECTRICA'),
(891, 'GUITARRA ELECTRICA II'),
(892, 'GUITARRA ELECTRICA III'),
(893, 'GUITARRA ELECTRICA IV'),
(894, 'GUITARRA ELÉCTRICA IX'),
(895, 'GUITARRA ELECTRICA V'),
(896, 'GUITARRA ELECTRICA VI'),
(897, 'GUITARRA ELECTRICA VII'),
(898, 'GUITARRA ELÉCTRICA VIII'),
(899, 'GUITARRA ELECTRICA X'),
(900, 'GUITARRA POPULAR Y CLASICA'),
(901, 'HABILIDADES GERENCIALES'),
(902, 'HECHO CINEMATOGRAFICO / AUDIOVISUAL'),
(903, 'HERRAMIENTAS COMPUTACIONALES PARA INGENIERIA'),
(904, 'HERRAMIENTAS DE DISEÑO Y ANIMACION'),
(905, 'HERRAMIENTAS OFIMATICAS PARA LA ADMINISTRACION'),
(906, 'HIDRAULICA'),
(907, 'HIDROGEOLOGIA'),
(908, 'HIDROLOGIA'),
(909, 'HIGIENE INDUSTRIAL'),
(910, 'HIGIENE Y SEGURIDAD DEPORTIVA'),
(911, 'HIPERTEXTO'),
(912, 'HISTOLOGIA VEGETAL'),
(913, 'HISTORIA'),
(914, 'HISTORIA DE LA EDUCACION Y LA PEDAGOGIA'),
(915, 'HISTORIA DE LA LENGUA'),
(916, 'HISTORIA DE LA MATEMATICA'),
(917, 'HISTORIA DE LA PEDAGOGIA'),
(918, 'HISTORIA DE LA QUIMICA'),
(919, 'HISTORIA DEL ARTE'),
(920, 'HISTORIA DEL ARTE DE COLOMBIA: LOCALISMOS Y CONTEXTOS'),
(921, 'HISTORIA DEL ARTE EN AMERICA LATINA Y MIRADAS DECOLONIALES'),
(922, 'HISTORIA DEL ARTE Y MANIFESTACIONES DE LO SAGRADO'),
(923, 'HISTORIA DEL ARTE, NACION Y ESTADO'),
(924, 'HISTORIA SOCIAL DE LA COMUNICACION EN COLOMBIA'),
(925, 'HISTORIA SOCIAL DE LA COMUNICACION EN EL MUNDO'),
(926, 'HISTORIA SOCIAL Y POLITICA DE COLOMBIA'),
(927, 'HISTORIA Y CULTURA COLOMBIANA'),
(928, 'HISTORIAS DE LAS MUSICAS PARA NO MUSICOS'),
(929, 'HOMBRE SOCIEDAD Y ECOLOGIA'),
(930, 'HUMANIDADES'),
(931, 'HUMANIDADES VI'),
(932, 'HUMANIDADES VII'),
(933, 'I.P. FLAUTA TRAVERSA VI'),
(934, 'IDEAS Y MODELOS PEDAGOGICOS'),
(935, 'ILUMINACION'),
(936, 'ILUSTRACION DIGITAL'),
(937, 'ILUSTRACION EDITORIAL COMO LENGUAJE VISUAL PARA LA PEDAGOGIA Y LA COMUNICACION'),
(938, 'IMAGEN DINAMICA'),
(939, 'IMPROVISACION APLICADA A LA DANZA'),
(940, 'IMPROVISACION, EXPERIENCIACION'),
(941, 'IMPUGNACIONES: POST-COLONIALIDAD Y DE-COLONIALIDAD'),
(942, 'INCLUSIVE EDUCATION STRATEGIES FOR EFL TEACHING CONTEXT'),
(943, 'INDUCCION I'),
(944, 'INDUCCION II'),
(945, 'INDUSTRIA 4.0 APLICADA'),
(946, 'INDUSTRIAS FORESTALES I'),
(947, 'INDUSTRIAS FORESTALES II'),
(948, 'INFANCIAS Y REDES DE CUIDADO: COMUNIDAD, ESCUELA Y FAMILIA'),
(949, 'INFORMACION CIENTIFICA'),
(950, 'INFORMATICA Y ALGORITMOS'),
(951, 'INFORMATICA Y PROGRAMACION BASICA I'),
(952, 'INFORMATICA Y SOCIEDAD'),
(953, 'INGENIERIA AMBIENTAL'),
(954, 'INGENIERIA ASISTIDA POR COMPUTADOR'),
(955, 'INGENIERIA DE MANUFACTURA'),
(956, 'INGENIERIA DE METODOS Y TIEMPOS'),
(957, 'INGENIERIA DE SISTEMAS SOCIALES PARA EL TERRITORIO'),
(958, 'INGENIERIA DE SOFTWARE'),
(959, 'INGENIERIA DE TRAFICO'),
(960, 'INGENIERIA DE TRANSITO Y TRANSPORTE'),
(961, 'INGENIERIA DEL AUTOMOVIL'),
(962, 'INGENIERIA ECONOMICA'),
(963, 'INICIACION EN COMPOSICION Y ARREGLOS'),
(964, 'INICIACION EN COMPOSICION Y ARREGLOS II'),
(965, 'INICIATIVAS EXPERIMENTALES EN LA CIUDAD'),
(966, 'INICIATIVAS Y EMPRENDIMIENTO CULTURAL'),
(967, 'INNOVACION EMPRESARIAL'),
(968, 'INNOVACION Y EMPRENDIMIENTO'),
(969, 'INSTALACIONES ELECTRICAS'),
(970, 'INSTALACIONES HIDROSANITARIAS Y DE GAS EN EDIFICACIONES'),
(971, 'INSTITUCIONES Y DOCUMENTOS'),
(972, 'INSTRUMENTACION'),
(973, 'INSTRUMENTACION DE PROCESOS I'),
(974, 'INSTRUMENTACION DE PROCESOS II'),
(975, 'INSTRUMENTACION ELECTRONICA I'),
(976, 'INSTRUMENTACION ELECTRONICA II'),
(977, 'INSTRUMENTACION I'),
(978, 'INSTRUMENTACION II'),
(979, 'INSTRUMENTACION III'),
(980, 'INSTRUMENTACION INDUSTRIAL'),
(981, 'INSTRUMENTACION IV'),
(982, 'INSTRUMENTACION Y MEDIDAS'),
(983, 'INSTRUMENTO COMPLEMENTARIO I'),
(984, 'INSTRUMENTO COMPLEMENTARIO II'),
(985, 'INSTRUMENTO COMPLEMENTARIO III'),
(986, 'INSTRUMENTO COMPLEMENTARIO IV'),
(987, 'INSTRUMENTOS OPERATIVOS'),
(988, 'INT. A LA GESTION AMBIENTAL Y LOS SERVIC. PUBLICOS'),
(989, 'INTEGRAL I'),
(990, 'INTEGRAL II'),
(991, 'INTEGRAL III'),
(992, 'INTEGRAL IV'),
(993, 'INTEGRAL V'),
(994, 'INTELIGENCIA ARTIFICIAL'),
(995, 'INTELIGENCIA ARTIFICIAL APLICADA AL TERRITORIO'),
(996, 'INTELIGENCIA ARTIFICIAL I'),
(997, 'INTELIGENCIA ARTIFICIAL II'),
(998, 'INTELIGENCIA COMPUTACIONAL I'),
(999, 'INTELIGENCIA COMPUTACIONAL II'),
(1000, 'INTELIGENCIA DE NEGOCIOS Y VIGILANCIA TECNOLOGICA'),
(1001, 'INTERCULTURALIDAD, MEMORIA Y PAZ'),
(1002, 'INTERFEROMETRIA DE RADAR'),
(1003, 'INTERMEDIATE ENGLISH'),
(1004, 'INTERVENTORIA DE OBRAS'),
(1005, 'INTERVENTORIA PARA INGENIEROS'),
(1006, 'INTRODUCCION A ALGORITMOS'),
(1007, 'INTRODUCCION A LA ADMINISTRACION AMBIENTAL'),
(1008, 'INTRODUCCION A LA ASTROFISICA'),
(1009, 'INTRODUCCION A LA CEM'),
(1010, 'INTRODUCCION A LA CIENCIA DE DATOS EN INGENIERIA DE SISTEMAS'),
(1011, 'INTRODUCCION A LA CIENCIA DE MATERIALES'),
(1012, 'INTRODUCCION A LA CONTAMINACION AMBIENTAL'),
(1013, 'INTRODUCCION A LA DIDACTICA'),
(1014, 'INTRODUCCION A LA DIRECCION DE PROYECTOS'),
(1015, 'INTRODUCCIÓN A LA ELECTRICIDAD'),
(1016, 'INTRODUCCION A LA ELECTRONICA'),
(1017, 'INTRODUCCION A LA FISICA'),
(1018, 'INTRODUCCION A LA FISICA DEL ESTADO SOLIDO'),
(1019, 'INTRODUCCION A LA GESTION AMBIENTAL'),
(1020, 'INTRODUCCION A LA HISTORIA DEL ARTE'),
(1021, 'INTRODUCCION A LA INGENIERIA AMBIENTAL'),
(1022, 'INTRODUCCION A LA INGENIERIA FORESTAL'),
(1023, 'INTRODUCCION A LA INGENIERIA SANITARIA'),
(1024, 'INTRODUCCION A LA LINGUISTICA'),
(1025, 'INTRODUCCION A LA LITERATURA'),
(1026, 'INTRODUCCION A LA MECANICA CUANTICA'),
(1027, 'INTRODUCCION A LA MECANICA INDUSTRIAL'),
(1028, 'INTRODUCCION A LA OPTIMIZACION'),
(1029, 'INTRODUCCION A LA PRODUCCION INDUSTRIAL'),
(1030, 'INTRODUCCION A LA ROBOTICA'),
(1031, 'INTRODUCCION A LA TEORIA DE NUMEROS'),
(1032, 'INTRODUCCION A LA TEORIA ESPECIAL DE LA RELATIVIDAD'),
(1033, 'INTRODUCCION A LAS CONSTRUCCIONES CIVILES'),
(1034, 'INTRODUCCION AL ANALISIS DE DATOS APOYADO EN SOFTWARE'),
(1035, 'INTRODUCCION AL CALCULO'),
(1036, 'INTRODUCCION AL CONTROL DE LOS SISTEMAS ROBOTICOS'),
(1037, 'INTRODUCCION AL LATEX'),
(1038, 'INTRODUCCION AL SANEAMIENTO AMBIENTAL'),
(1039, 'INTRODUCCION Y CLASIFICACION DE LOS DEPORTES'),
(1040, 'INVESTIGACION APLICADA A LA DANZA TRADICIONAL COLOMBIANA'),
(1041, 'INVESTIGACION DE MERCADOS'),
(1042, 'INVESTIGACION DE OPERACIONES'),
(1043, 'INVESTIGACION DE OPERACIONES I'),
(1044, 'INVESTIGACION DE OPERACIONES II'),
(1045, 'INVESTIGACION DE OPERACIONES III'),
(1046, 'INVESTIGACION EDUCATIVA'),
(1047, 'INVESTIGACION EDUCATIVA Y EN EL AULA'),
(1048, 'INVESTIGACION EN ARTE'),
(1049, 'INVESTIGACION EN ARTE I'),
(1050, 'INVESTIGACION EN ARTE II'),
(1051, 'INVESTIGACION EN EL AULA I'),
(1052, 'INVESTIGACION EN EL AULA II'),
(1053, 'INVESTIGACION EN ENSEÑANZA DE LA FISICA'),
(1054, 'INVESTIGACION FORMATIVA'),
(1055, 'INVESTIGACION I'),
(1056, 'INVESTIGACION II'),
(1057, 'INVESTIGACION III'),
(1058, 'INVESTIGACION Y PRACTICA PEDAGOGICA I'),
(1059, 'INVESTIGACION Y PRACTICA PEDAGOGICA II'),
(1060, 'INVESTIGACION Y PRACTICA PEDAGOGICA III'),
(1061, 'INVESTIGACION Y SISTEMATIZACION DE EXPERIENCIAS EN DIDACTICA DE LA LITERATURA'),
(1062, 'INVESTIGACION Y SISTEMATIZACION DE EXPERIENCIAS EN DIDACTICAS DE LA MUSICA'),
(1063, 'INVESTIGACION Y SISTEMATIZACION DE EXPERIENCIAS EN DIDACTICAS DE LAS ARTES ESCEN'),
(1064, 'INVESTIGACION Y SISTEMATIZACION DE EXPERIENCIAS EN DIDACTICAS DE LAS ARTES PLAST'),
(1065, 'JUEGO Y OTRAS FORMAS DE COMUNICACION'),
(1066, 'JUEGOS GERENCIALES Y TOMA DE DECISIONES'),
(1067, 'LA ACCION DIDACTICA EN ASTRONOMIA'),
(1068, 'LA CRITICA EN EL CINE'),
(1069, 'LA GRAFICA Y SUS LENGUAJES'),
(1070, 'LA IMAGEN SUCESO SOCIAL'),
(1071, 'LA MUSICA EN Y PARA LA INFANCIA'),
(1072, 'LA MUSICA Y LA ESCENA'),
(1073, 'LABORATORIO DE AISLAMIENTO'),
(1074, 'LABORATORIO DE COMPOSICION DRAMATICA I'),
(1075, 'LABORATORIO DE CREACION'),
(1076, 'LABORATORIO DE LA IMAGEN ESCENICA'),
(1077, 'LABORATORIO TALLER CENTRAL I'),
(1078, 'LABORATORIO TALLER CENTRAL II'),
(1079, 'LANGUAGE, SOCIETY AND CULTURAL IDENTITY'),
(1080, 'LATINOAMERICA RELATO EN LA PANTALLA'),
(1081, 'LECTURA'),
(1082, 'LECTURA RAPIDA AL PIANO'),
(1083, 'LECTURA SEMIOTICA DE LAS CIUDADES'),
(1084, 'LEGISLACION AMBIENTAL'),
(1085, 'LEGISLACION CATASTRAL'),
(1086, 'LEGISLACION COMERCIAL Y DEPORTIVA'),
(1087, 'LEGISLACION DE LA COMUNICACION'),
(1088, 'LEGISLACION DE TELECOMUNICACIONES'),
(1089, 'LEGISLACION E INTERVENTORIA'),
(1090, 'LEGISLACION LABORAL Y COMERCIAL'),
(1091, 'LEGISLACION Y GESTION AMBIENTAL'),
(1092, 'LEGISLACION Y LIDERAZGO DOCENTE'),
(1093, 'LEGISLACION Y NORMATIVIDAD ARCHIVISTICA'),
(1094, 'LEGISLACION Y POLITICA AMBIENTAL'),
(1095, 'LENGUA DE SEÑAS COLOMBIANA NIVEL I'),
(1096, 'LENGUAJE CINEMATOGRAFICO'),
(1097, 'LENGUAJE DE PROGRAMACION'),
(1098, 'LENGUAJE RITMICO EN LA EDUCACION MUSICAL ESCOLAR'),
(1099, 'LENGUAJE Y COMUNICACION'),
(1100, 'LENGUAJE Y PUESTA EN ESCENA EN EL AULA'),
(1101, 'LENGUAJE, ESTETICA Y SOCIEDAD'),
(1102, 'LENGUAJES Y ALGORITMOS'),
(1103, 'LEVANTAMIENTOS ALTIMETRICOS'),
(1104, 'LEVANTAMIENTOS ASTRONOMICOS'),
(1105, 'LEVANTAMIENTOS ESPECIALES'),
(1106, 'LEVANTAMIENTOS ESPECIALES I'),
(1107, 'LEVANTAMIENTOS ESPECIALES II'),
(1108, 'LEVANTAMIENTOS FOTOGRAMETRICOS'),
(1109, 'LEVANTAMIENTOS GEODESICOS'),
(1110, 'LEVANTAMIENTOS PLANIMETRICOS'),
(1111, 'LIBRO Y ARTE'),
(1112, 'LICITACIONES Y CONTRATACIONES'),
(1113, 'LINEA DE APLICACION I (A,B,C,D,E)'),
(1114, 'LINEA DE APLICACION II (A,B,C,D,E)'),
(1115, 'LINEAS DE INVESTIGACION EN DIDACTICA DE LAS CIENCIAS'),
(1116, 'LINGUISTICA I'),
(1117, 'LINGUISTICA II'),
(1118, 'LITERATURA DEL INSTRUMENTO'),
(1119, 'LITERATURA EXPERIMENTAL'),
(1120, 'LITERATURA ITALIANA DEL SIGLO XX'),
(1121, 'LITERATURA LATINOAMERICANA'),
(1122, 'LITERATURE IN ENGLISH I'),
(1123, 'LITERATURE IN ENGLISH II'),
(1124, 'LITOGRAFIA'),
(1125, 'LOCALIZACION DE VIAS'),
(1126, 'LOGICA'),
(1127, 'LOGICA DE PROGRAMACION'),
(1128, 'LOGICA MATEMATICA'),
(1129, 'LOGICA PROPOSICIONAL'),
(1130, 'LOGISTICA INDUSTRIAL I'),
(1131, 'LOGISTICA INDUSTRIAL II'),
(1132, 'LOGISTICA INDUSTRIAL III'),
(1133, 'LOGISTICA INTEGAL'),
(1134, 'LOS CONFLICTOS FAMILIARES Y SU INCIDENCIA EN EL AMBITO EDUCATIVO'),
(1135, 'LOS DERECHOS DE LOS NIÑOS Y LAS NIÑAS EN COLOMBIA Y AMERICA LATINA'),
(1136, 'MACHINE LEARNING CON R'),
(1137, 'MACROECONOMIA Y POLITICA ECONOMICA'),
(1138, 'MAESTROS Y MAESTRAS EN LA RURALIDAD. MAS ALLA DE LA PRACTICA PEDAGOGICA'),
(1139, 'MANEJO COLECCIONES BOTANICAS (HERBARIO'),
(1140, 'MANEJO E HIGIENE DE ALIMENTOS'),
(1141, 'MANEJO INTEGRAL DE CUENCAS HIDROGRAFICAS'),
(1142, 'MANEJO INTEGRAL DE RESIDUOS LIQUIDOS'),
(1143, 'MANEJO RESIDUOS LIQUIDOS'),
(1144, 'MANEJO TECNICO AMBIENTAL'),
(1145, 'MANIPULACION DE LA IMAGEN'),
(1146, 'MANTENIMIENTO DE MAQUINAS'),
(1147, 'MANTENIMIENTO DE MAQUINAS INDUSTRIALES'),
(1148, 'MANTENIMIENTO INDUSTRIAL'),
(1149, 'MANUFACTURA ESBELTA'),
(1150, 'MAQUILLAJE Y CARACTERIZACION'),
(1151, 'MAQUINARIA Y EQUIPOS'),
(1152, 'MAQUINAS DE ELEVACION Y TRANSPORTE'),
(1153, 'MAQUINAS ELECTRICAS'),
(1154, 'MAQUINAS HIDRAULICAS'),
(1155, 'MAQUINAS TERMICAS'),
(1156, 'MARKETING ESTRATEGICO'),
(1157, 'MARQUETIN Y PUBLICIDAD'),
(1158, 'MATEMATICA FINANCIERA'),
(1159, 'MATEMATICA I'),
(1160, 'MATEMATICA II'),
(1161, 'MATEMATICA III'),
(1162, 'MATEMATICAS'),
(1163, 'MATEMATICAS APLICADAS EN EL PROCESAMIENTO DIGITAL DE IMAGENES'),
(1164, 'MATEMATICAS BASICAS'),
(1165, 'MATEMATICAS DISCRETAS'),
(1166, 'MATEMATICAS ESPECIALES'),
(1167, 'MATEMATICAS I'),
(1168, 'MATEMATICAS II'),
(1169, 'MATEMATICAS Y EDUCACION ARTISTICA'),
(1170, 'MATEMATIZACION DE PROBLEMAS MEDIO AMBIENTALES'),
(1171, 'MATERIALES DE CONSTRUCCION'),
(1172, 'MATERIALES INDUSTRIALES'),
(1173, 'MATERIALES METALICOS'),
(1174, 'MATERIALES PARA INGENIERIA'),
(1175, 'MATERIALES POLIMERICOS Y COMPUESTOS'),
(1176, 'MATERIALS, MEDIA AND MEDIATION'),
(1177, 'MECANICA APLICADA'),
(1178, 'MECANICA CLASICA I'),
(1179, 'MECANICA CLASICA II'),
(1180, 'MECANICA CUANTICA I'),
(1181, 'MECANICA CUANTICA II'),
(1182, 'MECANICA DE FLUIDOS'),
(1183, 'MECANICA DE SUELOS'),
(1184, 'MECANICA ESTADISTICA'),
(1185, 'MECANICA TEORICA'),
(1186, 'MEDIACIONES SENSIBLES Y MULTISENSORIALES DESDE LA DISCAPACIDAD VISUAL'),
(1187, 'MEDICINA PREVENTIVA'),
(1188, 'MEDICIONES FORESTALES'),
(1189, 'MEDIDAS ELECTRICAS'),
(1190, 'MEDIOS COMPLEMENTARIOS I'),
(1191, 'MEDIOS COMPLEMENTARIOS II'),
(1192, 'MEDIOS COMPLEMENTARIOS III'),
(1193, 'MEDIOS DE COMUNICACIÓN'),
(1194, 'MEDIOS DE TRANSMISION'),
(1195, 'MEDIOS Y MEDIACIONES'),
(1196, 'MEDIOS Y NUEVAS TECNOLOGIAS'),
(1197, 'MEDIOS, MATERIALES ESCULTORICOS Y OBJETUALES'),
(1198, 'MEMORIA SOCIAL Y COLECTIVA'),
(1199, 'MERCADEO'),
(1200, 'MERCADEO DE SERVICIOS DE INFORMACION'),
(1201, 'MERCADOTECNIA'),
(1202, 'METODOLOGIA DE LA INVESTIGACION'),
(1203, 'METODOLOGIA DE LA INVESTIGACION. CUALITATIVA /CUANTITATIVA'),
(1204, 'METODOLOGIAS DE LA ENSEÑANZA DE LAS TECNICAS DE DANZA MODERNA Y CONTEMPORANEA II'),
(1205, 'METODOLOGIAS DE LA ENSEÑANZA DE LAS TECNICAS DE DANZA TRADICIONAL II'),
(1206, 'METODOLOGIAS DE LA ENSEÑANZA DE LAS TECNICAS DE LA DANZA TRADICIONAL I'),
(1207, 'METODOLOGIAS DE LE ENSEÑANZA DE LA TECNICA DE LA DANZA CLASICA II'),
(1208, 'METODOS DE BUSQUEDA ESTADISTICA'),
(1209, 'METODOS DE BUSQUEDA ESTOCASTICA'),
(1210, 'METODOS DE ESTUDIO'),
(1211, 'METODOS DE ESTUDIO E INVESTIGACION'),
(1212, 'METODOS DE INVESTIGACION CUALITATIVA APLICADOS A LA EDUCACION MATEMATICA'),
(1213, 'METODOS DE INVESTIGACION CUALITATIVA EN COMUNICACION Y PERIODISMO'),
(1214, 'METODOS DE INVESTIGACION CUANTITATIVA EN COMUNICACION Y PERIODISMO'),
(1215, 'METODOS DE INVESTIGACION EN ENSEÑANZA DE LA FISICA'),
(1216, 'METODOS DE PROSPECCION GEOFISICA'),
(1217, 'METODOS MATEMATICOS DE LA FISICA'),
(1218, 'METODOS NUMERICOS'),
(1219, 'METODOS NUMERICOS Y COMPUTACION'),
(1220, 'METROLOGIA DIMENSIONAL'),
(1221, 'MEZCLA EN VIVO'),
(1222, 'MICROBIOLOGIA'),
(1223, 'MICROECONOMIA'),
(1224, 'MICROONDAS'),
(1225, 'MICROREDES Y REDES INTELIGENTES'),
(1226, 'MINERIA DE DATOS'),
(1227, 'MODELACION DE SISTEMAS'),
(1228, 'MODELACION MATEMATICA DE FENOMENOS ASTRONOMICOS'),
(1229, 'MODELAJE FINANCIERO PARA NEGOCIOS'),
(1230, 'MODELAMIENTO DE FENOMENOS BIOLOGICOS'),
(1231, 'MODELIZACION SANITARIA'),
(1232, 'MODELOS CURRICULARES Y DISEÑO CURRICULAR'),
(1233, 'MODELOS DE DISPERSION ATMOSFERICA'),
(1234, 'MODELOS DE INTEGRACION LOGISTICA'),
(1235, 'MODELOS DE PROGRAMACION I'),
(1236, 'MODELOS DE PROGRAMACION II'),
(1237, 'MODELOS DETERMINISTICOS DE LA PRODUCCION'),
(1238, 'MODELOS DIDACTICOS EN LA ENSEÑANZA DE LA QUIMICA'),
(1239, 'MODELOS ESTOCASTICOS'),
(1240, 'MODELOS FUNCIONALES'),
(1241, 'MODELOS Y GESTION I'),
(1242, 'MODELOS Y TECNICAS DE GERENCIA'),
(1243, 'MODERNIDAD Y HUMANISMO CIENTIFICO'),
(1244, 'MODERNIDAD Y POSMODERNIDAD EN ARTE Y EDUCACION'),
(1245, 'MODERNIDAD: CONSERVACION Y RENOVACION'),
(1246, 'MONITOREO TECNICO AMBIENTAL'),
(1247, 'MONTAJE'),
(1248, 'MONTAJE EN VERSO'),
(1249, 'MORFOSINTAXIS'),
(1250, 'MOTORES DE COMBUSTION INTERNA'),
(1251, 'MOTORES Y GENERADORES'),
(1252, 'MOVIMIENTO, CANTO E INSTRUMENTO'),
(1253, 'MOVIMIENTOS SOCIALES CONTEMPORANEOS'),
(1254, 'MUESTREO Y MEDICION DEL TRABAJO'),
(1255, 'MULTIEXPRESIVIDAD INFANTIL Y RECUPERACION EXPRESIVA DEL DOCENTE'),
(1256, 'MULTIMEDIA'),
(1257, 'MUNICIPIO Y MEDIO AMBIENTE'),
(1258, 'MUSEOLOGIA'),
(1259, 'MUSICA DE CAMARA I'),
(1260, 'MUSICA DE CAMARA II'),
(1261, 'MUSICA DE CAMARA III'),
(1262, 'MUSICA ELECTRONICA. HISTORIA, ESTETICA Y TECNICA'),
(1263, 'MUSICA I'),
(1264, 'MUSICA II'),
(1265, 'MUSICA Y CULTURA LATINOAMERICANA I'),
(1266, 'MUSICA, SONIDO Y CUERPO'),
(1267, 'MUSICAS REGIONALES EN COLOMBIA I'),
(1268, 'MUSICAS REGIONALES EN COLOMBIA II'),
(1269, 'MUSICOTERAPIA Y NIVELES DE ANSIEDAD'),
(1270, 'NACION Y GOBERNALIDAD'),
(1271, 'NANOTECNOLOGIA I'),
(1272, 'NARRACION Y MUNDOS POSIBLES'),
(1273, 'NARRATIVAS CONTEMPORANEAS'),
(1274, 'NECESIDADES EDUCATIVAS ESPECIALES '),
(1275, 'NECESIDADES EDUCATIVAS ESPECIALES (NEES)'),
(1276, 'NEGOCIACION, CONSULTORIA E INTERVENTORIA DE PROY.'),
(1277, 'NEUMATICA E HIDRAULICA'),
(1278, 'NEUMATICA Y ELECTRONEUMATICA'),
(1279, 'NIETZSCHE Y CUERPO'),
(1280, 'NOMENCLATURA ORGANICA E INORGANICA'),
(1281, 'NUEVAS TECNOLOGIAS'),
(1282, 'OBOE VI'),
(1283, 'OBOE VIII'),
(1284, 'OBRAS CIVILES I'),
(1285, 'OBRAS CIVILES II'),
(1286, 'OLIMPISMO'),
(1287, 'ONDAS ELECTROMAGNETICAS'),
(1288, 'OPCION DE GRADO'),
(1289, 'OPERACION DE PLANTAS Y ESTACIONES DE BOMBEO'),
(1290, 'OPERACIONES Y MANTENIMIENTO DE EQUIPOS INDUSTRIALES'),
(1291, 'OPINION PUBLICA'),
(1292, 'OPTICA'),
(1293, 'ORALIDAD'),
(1294, 'ORDENACION DE BOSQUES'),
(1295, 'ORDENAMIENTO TERRITORIAL'),
(1296, 'ORDENAMIENTO TERRITORIAL RURAL'),
(1297, 'ORDENAMIENTO TERRITORIAL URBANO'),
(1298, 'ORGANISMOS DEPORTIVOS'),
(1299, 'ORGANIZACION COMUNITARIA'),
(1300, 'ORGANIZACION DE EVENTOS'),
(1301, 'ORGANIZACION DE EVENTOS RECREO-DEPORTIVOS Y CULTURALES'),
(1302, 'ORGANIZACION DOCUMENTAL. TALLER PRACTICO'),
(1303, 'ORGANIZACION ESCOLAR Y POLITICAS EDUCATIVAS'),
(1304, 'ORGANIZACION Y PARTICIPACION COMUNITARIA'),
(1305, 'ORIENTACION EMPRESARIAL'),
(1306, 'ORQUESTACION COBRES-PERCUSION'),
(1307, 'ORQUESTACIÓN CUERDAS- MADERAS'),
(1308, 'OTRAS EDUCACIONES'),
(1309, 'OTRAS PEDAGOGIAS'),
(1310, 'PARADIGMAS LATINOAMERICANOS'),
(1311, 'PARADIGMAS MODERNOS DE LA ADMINISTRACION'),
(1312, 'PARTICIPACION COMUNITARIA'),
(1313, 'PATOLOGIA DEL CONCRETO'),
(1314, 'PATRIMONIO DOCUMENTAL'),
(1315, 'PAVIMENTOS'),
(1316, 'PEDAGOGIA DE LA MUERTE'),
(1317, 'PEDAGOGIA EN LA CREACION COREOGRAFICA CONTEMPORANEA'),
(1318, 'PEDAGOGIA INSTRUMENTAL'),
(1319, 'PEDAGOGIA PARA LA INICIACION MUSICAL'),
(1320, 'PEDAGOGIA SOCIAL Y EDUCACION.'),
(1321, 'PEDAGOGIA Y MONTAJE DE LA DANZA TRADICIONAL COLOMBIANA'),
(1322, 'PEDAGOGIA Y POETICAS EN LA CONSTRUCCION DEL PERSONAJE TEATRAL'),
(1323, 'PEI - RESOLUCION DE CONFLICTOS'),
(1324, 'PENSAMIENTO CIENTIFICO'),
(1325, 'PENSAMIENTO ESPACIAL Y TERRITORIAL'),
(1326, 'PENSAMIENTO LOGICO MATEMATICO'),
(1327, 'PENSAMIENTO PEDAGOGICO COLOMBIANO'),
(1328, 'PENSAMIENTO TECNOLOGICO EN LA INTERACCION FORMATIVA, ADULTO, NIÑOS Y NIÑAS'),
(1329, 'PENSAMIENTO Y CONOCIMIENTO: LA ACTIVIDAD CIENTIFICA DE LOS NIÑOS Y LAS NIÑAS'),
(1330, 'PEQUEÑAS CENTRALES HIDROELECTRICAS'),
(1331, 'PERCEPCION REMOTA'),
(1332, 'PERCEPCION REMOTA E INTERPRETACION DE IMAGENES'),
(1333, 'PERCUSION'),
(1334, 'PERCUSION II'),
(1335, 'PERCUSIÓN III'),
(1336, 'PERCUSION IV'),
(1337, 'PERCUSION IX'),
(1338, 'PERCUSION V'),
(1339, 'PERCUSION VI'),
(1340, 'PERCUSION VII'),
(1341, 'PERCUSIÓN VIII'),
(1342, 'PERCUSIÓN X'),
(1343, 'PERIODISMO AMBIENTAL'),
(1344, 'PERIODISMO CULTURAL'),
(1345, 'PERIODISMO DE INVESTIGACION'),
(1346, 'PERIODISMO DEPORTIVO'),
(1347, 'PERIODISMO DIGITAL'),
(1348, 'PERIODISMO TELEVISIVO'),
(1349, 'PERSPECTIVAS PEDAGOGICAS EN LA FORMACION DOCENTE'),
(1350, 'PHONETICS AND PHONOLOGY'),
(1351, 'PIANO II'),
(1352, 'PIANO III'),
(1353, 'PIANO IV'),
(1354, 'PIANO IX'),
(1355, 'PIANO POPULAR'),
(1356, 'PIANO V'),
(1357, 'PIANO VI'),
(1358, 'PIANO VIII'),
(1359, 'PIANO X'),
(1360, 'PINTURA AGUADA'),
(1361, 'PINTURA AL OLEO'),
(1362, 'PINTURA Y COLOR ( INTRODUCCION A LOS CONCEPTOS BIDIMENSIONALES)'),
(1363, 'PLANEACION DE LA PRODUCCION'),
(1364, 'PLANEACION DE SISTEMAS DE INFORMACION'),
(1365, 'PLANEACION DEL DESARROLLO'),
(1366, 'PLANEACION ESTRATEGICA GERENCIAL'),
(1367, 'PLANEACION Y GESTION ESTRATEGICA'),
(1368, 'PLANEAMIENTO EN SISTEMAS ENERGETICOS'),
(1369, 'PLANEAMIENTO ENERGETICO'),
(1370, 'PLANIFICACION AMBIENTAL TERRITORIAL'),
(1371, 'PLANIFICACION AMBIENTAL Y MANEJO DE CUENCAS'),
(1372, 'PLANIFICACION Y DISEÑO DE REDES'),
(1373, 'PLANIMETRIA'),
(1374, 'PLANTAS DE AGUA POTABLE'),
(1375, 'PLANTAS DE AGUA RESIDUAL'),
(1376, 'PLANTAS DE TRATAMIENTO DE AGUA POTABLE Y RESIDUAL'),
(1377, 'PLASTICA SONORA'),
(1378, 'POETICAS'),
(1379, 'POETICAS BILINGUES: ANALISIS SOBRE LA LITERATURA CHICANA'),
(1380, 'POLITICA EDUCATIVA'),
(1381, 'POLITICA PUBLICA RURAL Y SU PLAN DE GESTION'),
(1382, 'POLITICA SANITARIA'),
(1383, 'POLITICA Y CIUDADANIA'),
(1384, 'POLITICA Y LEGISLACION AMBIENTAL');
INSERT INTO `Curso` (`idCurso`, `nombre`) VALUES
(1385, 'POLITICA Y LEGISLACION FORESTAL'),
(1386, 'POLITICAS PUBLICAS EDUCATIVAS'),
(1387, 'POLITICAS PUBLICAS EDUCATIVAS Y SU IMPACTO EN LA EDUCACION RURAL EN COLOMBIA'),
(1388, 'POLITICAS Y SITUACIONES DE LAS INFANCIAS EN COLOMBIA Y AMERICA LATINA'),
(1389, 'PPD IV. CARACTERIZACION DE LA INVESTIGACION EDUCATIVA Y EN EL AULA'),
(1390, 'PPD V: APLICACION DE LINEAMIENTOS CURRICULARES EN LA ESCUELA'),
(1391, 'PPD VI: GESTION DE LA EVALUACION EDUCATIVA'),
(1392, 'PPD: INMERSION A LA INVESTIGACION EN LA ESCUELA'),
(1393, 'PPD. INMERSION A LOS AMBIENTES DE ENSEÑANZA Y APRENDIZAJE EN LA ESCUELA'),
(1394, 'PPDI- LABORATORIO DE ACERCAMIENTO AL EJERCICIO DE LA PROFESION DOCENTE EN QUIMICA'),
(1395, 'PPDII: LABORATORIO DE DIAGNOSTICOS DE APRENDIZAJE DE LA QUIMICA EN LA ESCUELA'),
(1396, 'PPDIII: APLICACION DE METODOLOGIAS Y ESTRATEGIAS PARA LA ENSE?ANZA DE LA QUIMICA'),
(1397, 'PRACTICA ACADEMICA CAMPAMENTO PEDAGOGICO SIMON RODRIGUEZ'),
(1398, 'PRACTICA ARTISTICA PEDAGOGICA. UNIVERSIDAD Y ESCUELA'),
(1399, 'PRACTICA ARTISTICA PEDAGOGICA. UNIVERSIDAD Y OTROS CONTEXTOS NO ESCOLARES'),
(1400, 'PRACTICA ARTISTICO-PEDAGOGICA. EDUCACION ARTISTICA EN CONTEXTOS NO ESCOLARES'),
(1401, 'PRACTICA ARTISTICO-PEDAGOGICA. EDUCACION ARTISTICA EN LA INFANCIA'),
(1402, 'PRACTICA ARTISTICO-PEDAGOGICA. EDUCACION ARTISTICA, JUVENTUD Y ESCUELA'),
(1403, 'PRACTICA CORAL EN LA EDUCACION MUSICAL ESCOLAR'),
(1404, 'PRACTICA DOCENTE I'),
(1405, 'PRACTICA DOCENTE II'),
(1406, 'PRACTICA DOCENTE III'),
(1407, 'PRACTICA EDUCATIVA Y PEDAGOGICA I'),
(1408, 'PRACTICA EDUCATIVA Y PEDAGOGICA III'),
(1409, 'PRACTICA EMPRESARIAL'),
(1410, 'PRACTICA INSTRUMENTAL EN LA EDUCACION MUSICAL ESCOLAR'),
(1411, 'PRACTICA INTEGRADA'),
(1412, 'PRACTICA INTEGRADA I'),
(1413, 'PRACTICA INTEGRADA II'),
(1414, 'PRACTICA INTEGRADA III'),
(1415, 'PRACTICA INTENSIVA'),
(1416, 'PRACTICA INTERMEDIA I: DISEÑO Y PLANEACION'),
(1417, 'PRACTICA INTERMEDIA II: RECURSOS DIDACTICOS'),
(1418, 'PRACTICA INTERMEDIA III. GESTION'),
(1419, 'PRACTICA INTERMEDIA IV. EVALUACION'),
(1420, 'PRACTICA INTERPRETATIVA DE DANZA MODERNA'),
(1421, 'PRACTICA PEDAGOGICA INTEGRAL'),
(1422, 'PRACTICA PEDAGOGICA: AMBIENTES Y MEDIACIONES. EL AULA'),
(1423, 'PRACTICA PEDAGOGICA: CONVIVENCIA ESCOLAR'),
(1424, 'PRACTICA PEDAGOGICA: PROFESION DOCENTE Y EDUCACION MATEMATICAS'),
(1425, 'PRACTICA PEDAGOGICA. SOCIEDAD Y ESCUELA'),
(1426, 'PRACTICA PROFESIONAL'),
(1427, 'PRACTICA SOCIAL'),
(1428, 'PRACTICAS DANZARIAS INTERNACIONALES'),
(1429, 'PRACTICAS DE EDUCACION COMUNITARIA'),
(1430, 'PRACTICAS DEPORTIVAS'),
(1431, 'PRACTICAS INSTALATIVAS'),
(1432, 'PRACTICAS NO CONVENCIONALES'),
(1433, 'PRACTICAS SOMATICAS'),
(1434, 'PRE-INTERMEDIATE ENGLISH'),
(1435, 'PRESERVACION DEL PATRIMONIO DIGITAL'),
(1436, 'PRESUPUESTO'),
(1437, 'PRESUPUESTO Y COSTOS'),
(1438, 'PRESUPUESTOS'),
(1439, 'PRESUPUESTOS Y CONTRATACION'),
(1440, 'PRINCIPIOS DE DANZA CONTEMPORANEA'),
(1441, 'PRINCIPIOS DE DANZA MODERNA I'),
(1442, 'PRINCIPIOS DE DANZA MODERNA II'),
(1443, 'PRINCIPIOS DE ECONOMIA'),
(1444, 'PRINCIPIOS DE ELECTRODINAMICA CLASICA'),
(1445, 'PRINCIPIOS DE ROBOTICA'),
(1446, 'PRINCIPIOS DEL ENTRENAMIENTO ACTORAL'),
(1447, 'PROBABILIDAD'),
(1448, 'PROBABILIDAD Y ESTADISTICA'),
(1449, 'PROBABILIDADES Y ESTADISTICA'),
(1450, 'PROBLEMAS AMBIENTALES Y EDUCACION AMBIENTAL'),
(1451, 'PROBLEMAS COLOMBIANOS: SOCIEDAD Y TERRITORIO'),
(1452, 'PROBLEMAS DE ALGEBRA GEOMETRICA'),
(1453, 'PROBLEMAS DE DIVISIBILIDAD'),
(1454, 'PROBLEMAS DE LA CONSTRUCCION DE NUMERO NATURAL'),
(1455, 'PROBLEMAS DE LA EDUCACION COLOMBIANA Y POLITICAS EDUCATIVAS'),
(1456, 'PROBLEMAS DE PROBABILIDAD Y ESTADISTICA'),
(1457, 'PROBLEMAS DE PROPORCION Y LINEALIDAD'),
(1458, 'PROBLEMAS DEL CONTINUO'),
(1459, 'PROBLEMAS DIDACTICOS DE LA EDUCACION ARTISTICA PARA LA INFANCIA'),
(1460, 'PROBLEMAS DIDACTICOS DE LA EDUCACION CIENTIFICA PARA LA INFANCIA'),
(1461, 'PROBLEMAS DIDACTICOS DE LA EDUCACION EN MATEMATICAS PARA LA INFANCIA'),
(1462, 'PROBLEMAS DIDACTICOS DE LA LENGUA Y LA LITERATURA INFANTIL'),
(1463, 'PROBLEMAS DIDACTICOS DE LAS CIENCIAS SOCIALES EN IBEROAMERICA'),
(1464, 'PROBLEMAS DIDACTICOS DEL PENSAMIENTO SOCIAL EN LOS NIÑOS Y LAS NIÑAS'),
(1465, 'PROBLEMAS FUNDAMENTALES DE ETICA'),
(1466, 'PROBLEMAS FUNDAMENTALES DE POLITICA'),
(1467, 'PROBLEMAS LATINOAMERICANOS: MODELOS DE DESARROLLO'),
(1468, 'PROBLEMAS MUNDIALES Y GLOBALIZACION'),
(1469, 'PROBLEMAS PEDAGOGICOS CONTEMPORANEOS EN EL CONTEXTO LATINOAMERICANO'),
(1470, 'PROBLEMAS RURALES Y URBANOS: CONSTRUCCION SOCIAL DEL ESPACIO Y EL TERRITORIO'),
(1471, 'PROBLEMAS Y ALTERNATIVAS AMBIENTALES'),
(1472, 'PROBLEMATICA AMBIENTAL DEL CAMBIO CLIMATICO'),
(1473, 'PROC. DE SOCIALIZ. Y DIVER. SUBJET. DE LAS INFANC.'),
(1474, 'PROCESAMIENTO DE IMAGENES MEDICAS'),
(1475, 'PROCESAMIENTO DIGITAL DE IMAGENES'),
(1476, 'PROCESAMIENTO DIGITAL DE SEÑALES DE AUDIO Y VIDEO'),
(1477, 'PROCESAMIENTO GNSS'),
(1478, 'PROCESOS ADMINISTRATIVOS'),
(1479, 'PROCESOS BIOLOGICOS'),
(1480, 'PROCESOS CATASTRALES'),
(1481, 'PROCESOS CERAMICOS III'),
(1482, 'PROCESOS COGNITIVOS DE NIÑOS, JOVENES Y ADULTOS'),
(1483, 'PROCESOS DE ANALISIS DE INVESTIGACION SOCIAL Y EDUCATIVA'),
(1484, 'PROCESOS DE CONFORMADO'),
(1485, 'PROCESOS DE DECISION'),
(1486, 'PROCESOS DE MECANIZADO I'),
(1487, 'PROCESOS DE MECANIZADO II'),
(1488, 'PROCESOS INDUSTRIALES'),
(1489, 'PROCESOS MECANICOS'),
(1490, 'PROCESOS QUIMICOS INDUSTRIALES'),
(1491, 'PROCESOS QUIMICOS Y BIOQUIMICOS'),
(1492, 'PROCESOS REACTIVOS'),
(1493, 'PROCESOS UNITARIOS I'),
(1494, 'PROCESOS UNITARIOS II'),
(1495, 'PRODUCCION DE ESPECTACULOS ESCENICOS'),
(1496, 'PRODUCCION DE TEXTOS CIENTIFICOS Y ACADEMICOS'),
(1497, 'PRODUCCION DE TEXTOS ESCRITOS'),
(1498, 'PRODUCCION DOCUMENTAL'),
(1499, 'PRODUCCION LIMPIA'),
(1500, 'PRODUCCION LIMPIA PARA INGENIEROS'),
(1501, 'PRODUCCION MAS LIMPIA'),
(1502, 'PRODUCCION TECNICO AUDIOVISUAL'),
(1503, 'PRODUCCION TECNICO RADIAL'),
(1504, 'PRODUCCION Y COMPRENSION DE TEXTOS'),
(1505, 'PRODUCCION Y COMPRENSION DE TEXTOS I'),
(1506, 'PRODUCCION Y COMPRENSION DE TEXTOS II'),
(1507, 'PRODUCCION, GESTION Y DIFUSION DANZARIA'),
(1508, 'PRODUCTOS NATURALES'),
(1509, 'PRODUCTOS NO MADERABLES'),
(1510, 'PROFUNDIZACION I (INDUSTRIA O SALUD O MEDIO AMBIENTE)'),
(1511, 'PROFUNDIZACION II (INDUSTRIA O SALUD O MEDIO AMBIENTE)'),
(1512, 'PROGRAMACION'),
(1513, 'PROGRAMACION APLICADA'),
(1514, 'PROGRAMACION AVANZADA'),
(1515, 'PROGRAMACION BASICA'),
(1516, 'PROGRAMACION C/C'),
(1517, 'PROGRAMACION COSTOS Y PRESUPUESTOS'),
(1518, 'PROGRAMACION DE INTERFASES SIG'),
(1519, 'PROGRAMACION GRAFICA LABVIEW'),
(1520, 'PROGRAMACION II'),
(1521, 'PROGRAMACION LINEAL'),
(1522, 'PROGRAMACION LINEAL Y ENTERA'),
(1523, 'PROGRAMACION MULTINIVEL'),
(1524, 'PROGRAMACION ORIENTADA A OBJETOS'),
(1525, 'PROGRAMACION POR COMPONENTES'),
(1526, 'PROGRAMACION WEB'),
(1527, 'PROGRAMACION Y CONTROL DE LA PRODUCCION'),
(1528, 'PROPEDEUTICA DE LA INVESTIGACION-CREACION'),
(1529, 'PROPIEDADES DE LA MADERA'),
(1530, 'PROPUESTAS CURRICULARES DEL AREA DE CIENCIAS SOCIALES'),
(1531, 'PROTECCIONES ELECTRICAS'),
(1532, 'PROTOCOLOS DE ENRUTAMIENTO Y SWITCHING APLICADOS A REDES INDUSTRIALES Y DE COMUNICACIONES'),
(1533, 'PROTOTIPOS ELECTRONICOS'),
(1534, 'PROYECTO DE CREACION AUDIOVISUAL'),
(1535, 'PROYECTO DE CREACION AUDIOVISUAL II'),
(1536, 'PROYECTO DE GRADO'),
(1537, 'PROYECTO DE GRADO I'),
(1538, 'PROYECTO DE GRADO II'),
(1539, 'PROYECTO DE INVESTIGACION FORMATIVA INTERDISCIPLINAR PIFI I'),
(1540, 'PROYECTO DE INVESTIGACION FORMATIVA INTERDISCIPLINAR PIFI II'),
(1541, 'PROYECTO DE INVESTIGACION FORMATIVA INTERDISCIPLINAR PIFI III'),
(1542, 'PROYECTO DE VIDA'),
(1543, 'PROYECTO PEDAGOGICO Y SISTEMATIZACION DE EXPERIENCIAS I'),
(1544, 'PROYECTO PEDAGOGICO Y SISTEMATIZACION DE EXPERIENCIAS II'),
(1545, 'PROYECTO PEDAGOGICO Y SISTEMATIZACION DE EXPERIENCIAS III'),
(1546, 'PROYECTOS DE COOPERACION INTERNACIONAL'),
(1547, 'PSICOLOGIA APLICADA'),
(1548, 'PSICOLOGIA DEL APRENDIZAJE'),
(1549, 'PSICOLOGIA DEPORTIVA'),
(1550, 'PUBLIC SPEAKING'),
(1551, 'QUIMICA AMBIENTAL'),
(1552, 'QUIMICA AMBIENTAL APLICADA'),
(1553, 'QUIMICA AMBIENTAL Y SOSTENIBLE'),
(1554, 'QUIMICA ANALITICA'),
(1555, 'QUIMICA BASICA I'),
(1556, 'QUIMICA BASICA II'),
(1557, 'QUIMICA CUANTICA'),
(1558, 'QUIMICA DE LOS COMPUESTOS DE LA COORDINACION'),
(1559, 'QUIMICA DE LOS MEDICAMENTOS'),
(1560, 'QUIMICA DE PRODUCTOS FORESTALES'),
(1561, 'QUIMICA GENERAL'),
(1562, 'QUIMICA GENERAL I'),
(1563, 'QUIMICA GENERAL II'),
(1564, 'QUIMICA INDUSTRIAL'),
(1565, 'QUIMICA INORGANICA'),
(1566, 'QUIMICA INORGANICA I'),
(1567, 'QUIMICA INORGANICA II'),
(1568, 'QUIMICA ORGANICA'),
(1569, 'QUIMICA ORGANICA I'),
(1570, 'QUIMICA ORGANICA II'),
(1571, 'QUIMICA SANITARIA'),
(1572, 'QUIMICA VERDE'),
(1573, 'RADIO'),
(1574, 'RADIO PERIODISMO'),
(1575, 'RADIOQUIMICA'),
(1576, 'REAJUSTE DE TERRENOS'),
(1577, 'REALIZACION AUDIOVISUAL'),
(1578, 'RECONOCIMIENTO CORPORAL'),
(1579, 'RECREACION, LUDICA Y JUEGO'),
(1580, 'REDACCION CIENTIFICA'),
(1581, 'REDACCION Y ESCRITURA DE TEXTOS CIENTIFICOS I'),
(1582, 'REDACCION Y ESCRITURA DE TEXTOS CIENTIFICOS II'),
(1583, 'REDES CORPORATIVAS'),
(1584, 'REDES DE ALTA VELOCIDAD'),
(1585, 'REDES DE COMUNICACIÓN'),
(1586, 'REDES DE COMUNICACIONES'),
(1587, 'REDES DE COMUNICACIONES I'),
(1588, 'REDES DE COMUNICACIONES II'),
(1589, 'REDES DE COMUNICACIONES III'),
(1590, 'REDES DE COMUNICACIONES OPTICAS'),
(1591, 'REDES DE CONVERGENCIA'),
(1592, 'REDES DE DATOS'),
(1593, 'REDES ELECTRICAS'),
(1594, 'REDES INALAMBRICAS'),
(1595, 'REDES Y AUTOMATIZACION INDUSTRIAL'),
(1596, 'REFLEXIONES SOBRE EL ARTE PLASTICO Y VISUAL'),
(1597, 'REGIMEN DE PRESTADORES DE SERVICIOS PUBLICOS'),
(1598, 'REGULACION AMBIENTAL'),
(1599, 'RELACION CUERPO -ESPACIO'),
(1600, 'REPORTERIA GRAFICA'),
(1601, 'REPRESENTACIONES DE LAS SUBJETIVIDADES'),
(1602, 'REPRESENTACIONES PICTORICAS DE LO SAGRADO'),
(1603, 'REPRESENTACIONES: EXPERIENCIA ESCOLAR Y SENTIDOS.DE LA ESCUELA..'),
(1604, 'RESEARCH PARADIGMS AND METHODS'),
(1605, 'RESEARCH PROJET IN L2 EDUCATION'),
(1606, 'RESIDUOS SOLIDOS'),
(1607, 'RESISTENCIA DE MATERIALES'),
(1608, 'RESPONSABILIDAD SOCIAL EMPRESARIAL'),
(1609, 'RESTAURACION ECOLOGICA'),
(1610, 'REVITALIZACION DE LENGUAS INDIGENAS'),
(1611, 'RITMOS APLICADOS A LA GUITARRA'),
(1612, 'ROBOTICA'),
(1613, 'RONDAS Y CANCIONES INFANTILES'),
(1614, 'RURALIDAD Y EDUCACION'),
(1615, 'SABERES ANCESTRALES Y COSMOVISIONES ANDINAS'),
(1616, 'SALA DE REDACCION'),
(1617, 'SALIDA INTEGRAL DE INGENIERIA SANITARIA'),
(1618, 'SALIDA INTEGRAL DE SANEAMIENTO'),
(1619, 'SALUD AMBIENTAL'),
(1620, 'SALUD OCUPACIONAL Y SEGURIDAD INDUSTRIAL'),
(1621, 'SALUD PUBLICA'),
(1622, 'SANEAMIENTO AMBIENTAL I'),
(1623, 'SANEAMIENTO AMBIENTAL II'),
(1624, 'SANEAMIENTO URBANO Y RURAL'),
(1625, 'SANIDAD FORESTAL'),
(1626, 'SAXOFON'),
(1627, 'SAXOFON II'),
(1628, 'SAXOFON III'),
(1629, 'SAXOFON IV'),
(1630, 'SAXOFON V'),
(1631, 'SAXOFON VI'),
(1632, 'SAXOFON VII'),
(1633, 'SAXOFÓN VIII'),
(1634, 'SAXOFON X'),
(1635, 'SEGUNDA LENGUA I - INGLES'),
(1636, 'SEGURIDAD DE LA INFORMACION'),
(1637, 'SEGURIDAD E HIGIENE OCUPACIONAL'),
(1638, 'SEGURIDAD EMPRESARIAL'),
(1639, 'SEGURIDAD EN REDES'),
(1640, 'SEGURIDAD Y SALUD EN EL TRABAJO'),
(1641, 'SELECCION DE MATERIALES'),
(1642, 'SELLOS VERDES'),
(1643, 'SEMANTICA Y PRAGMATICA'),
(1644, 'SEMINARIO DE ADMINISTRACION INMOBILIARIA'),
(1645, 'SEMINARIO DE AUTOR'),
(1646, 'SEMINARIO DE DANZA CONTEMPORANEA'),
(1647, 'SEMINARIO DE DANZA TRADICIONAL COLOMBIANA'),
(1648, 'SEMINARIO DE ECOLOGIA'),
(1649, 'SEMINARIO DE ESTETICA'),
(1650, 'SEMINARIO DE HISTORIA Y TEORIA DE LA DANZA: CORPOREIDADES'),
(1651, 'SEMINARIO DE HISTORIA Y TEORIA DE LA DANZA: ESCENARIOS Y CONTEXTOS'),
(1652, 'SEMINARIO DE HISTORIA Y TEORIA DE LA DANZA: TRAYECTORIAS Y EXPERIENCIAS'),
(1653, 'SEMINARIO DE HISTORIA Y TEORIA DE LA DIRECCION COREOGRAFICA'),
(1654, 'SEMINARIO DE INGENIERIA'),
(1655, 'SEMINARIO DE INGENIERIA DE SOFTWARE'),
(1656, 'SEMINARIO DE INVESTIGACION'),
(1657, 'SEMINARIO DE LITERATURA COLOMBIANA'),
(1658, 'SEMINARIO DE LITERATURA ESPAÑOLA'),
(1659, 'SEMINARIO DE LITERATURA LATINOAMERICANA'),
(1660, 'SEMINARIO DE LITERATURA UNIVERSAL'),
(1661, 'SEMINARIO DE TELEMATICA'),
(1662, 'SEMINARIO ESPECIALIZADO DE DEPORTE'),
(1663, 'SEMINARIO ETICAS Y ESTETICAS DE LA IMAGEN'),
(1664, 'SEMINARIO INVESTIGATIVO DE NANOTECNOLOGIA Y NANOCIENCIA'),
(1665, 'SEMINARIO PROYECTO DE GRADO'),
(1666, 'SEMINARIO TRABAJO DE GRADO'),
(1667, 'SEMIOTICA'),
(1668, 'SEMIOTICA APLICADA'),
(1669, 'SEÑALES Y SISTEMAS'),
(1670, 'SENSIBILIDAD Y AFECTO EN LA INFANCIA'),
(1671, 'SENSIBILIZACION'),
(1672, 'SENSORES Y ACTUADORES'),
(1673, 'SER, SUJETO Y MULTICULTURALIDAD'),
(1674, 'SERVICIO DE TELECOMUNICACIONES'),
(1675, 'SERVICIO PUBLICO DE ACUEDUCTO Y ALCANTARILLADO'),
(1676, 'SERVICIO PUBLICO DE ENERGIA ELECTRICA'),
(1677, 'SERVICIO PUBLICO DE GAS'),
(1678, 'SERVICIOS TELEMATICOS'),
(1679, 'SERVOHIDRAULICA Y SERVONEUMATICA'),
(1680, 'SIG AMBIENTAL'),
(1681, 'SILVICULTURA COMUNITARIA'),
(1682, 'SILVICULTURA DE BOSQUE NATURAL'),
(1683, 'SILVICULTURA DE PLANTACIONES'),
(1684, 'SIMULACION'),
(1685, 'SIMULACION DE SISTEMAS'),
(1686, 'SIMULACION VIRTUAL DE SISTEMAS MECANICOS'),
(1687, 'SINTESIS QUIMICA ORGANICA'),
(1688, 'SISTEMA DE GESTION DOCUMENTAL'),
(1689, 'SISTEMA GNSS Y NAVEGACIÓN SATELITAL'),
(1690, 'SISTEMAS ABIERTOS'),
(1691, 'SISTEMAS AGROFORESTALES'),
(1692, 'SISTEMAS CATASTRALES'),
(1693, 'SISTEMAS DE COMUNICACIONES'),
(1694, 'SISTEMAS DE CONTROL'),
(1695, 'SISTEMAS DE GESTION DE DOCUMENTOS Y ARCHIVOS ELECTRONICOS'),
(1696, 'SISTEMAS DE GESTION EMPRESARIAL'),
(1697, 'SISTEMAS DE INFORMACION GEOGRAFICA'),
(1698, 'SISTEMAS DE INFORMACION LOGISTICA'),
(1699, 'SISTEMAS DE POTENCIA'),
(1700, 'SISTEMAS DE PUESTA A TIERRA'),
(1701, 'SISTEMAS DE RADAR'),
(1702, 'SISTEMAS DINAMICOS'),
(1703, 'SISTEMAS DISTRIBUIDOS'),
(1704, 'SISTEMAS DNAMICOS Y DE CONTROL'),
(1705, 'SISTEMAS FLEXIBLES DE MANUFACTURA'),
(1706, 'SISTEMAS MUSICALES I'),
(1707, 'SISTEMAS MUSICALES II'),
(1708, 'SISTEMAS MUSICALES III'),
(1709, 'SISTEMAS MUSICALES IV'),
(1710, 'SISTEMAS MUSICALES V'),
(1711, 'SISTEMAS OPERACIONALES'),
(1712, 'SISTEMAS OPERATIVOS'),
(1713, 'SISTEMAS Y COMPUTACION'),
(1714, 'SISTEMATICA'),
(1715, 'SOCIEDAD Y AMBIENTE'),
(1716, 'SOCIEDAD Y CULTURA COLOMBIANA'),
(1717, 'SOCIOLINGUISTICA'),
(1718, 'SOCIOLOGIA'),
(1719, 'SOCIOLOGIA DE LA COMUNICACION'),
(1720, 'SOCIOLOGIA DE LA EDUCACION'),
(1721, 'SOLOS ORQUESTALES PARA INSTRUMENTOS DE METAL'),
(1722, 'STRETCHING'),
(1723, 'SUBESTACIONES DE POTENCIA'),
(1724, 'SUBESTACIONES ELECTRICAS'),
(1725, 'SUCESIONES Y SERIES NUMERICAS'),
(1726, 'SUELOS'),
(1727, 'SUELOS I'),
(1728, 'SUELOS II'),
(1729, 'TALLER BIDIMENSIONAL IV'),
(1730, 'TALLER BIDIMENSIONAL V'),
(1731, 'TALLER DE ARMONIA MODERNA'),
(1732, 'TALLER DE ARTE, MATERIALES Y MAQUINAS'),
(1733, 'TALLER DE COMPOSICION COREOGRAFICA I'),
(1734, 'TALLER DE COMPOSICION COREOGRAFICA II'),
(1735, 'TALLER DE COMPOSICION MUSICAL I'),
(1736, 'TALLER DE COMPOSICION MUSICAL II'),
(1737, 'TALLER DE CREACION CONTEMPORANEA'),
(1738, 'TALLER DE DIRECCION COREOGRAFICA I'),
(1739, 'TALLER DE DIRECCION COREOGRAFICA II'),
(1740, 'TALLER DE DRAMATURGIA'),
(1741, 'TALLER DE INVESTIGACION'),
(1742, 'TALLER DE INVESTIGACION I'),
(1743, 'TALLER DE INVESTIGACION-CREACION EN LA EXPERIENCIA EXISTENCIAL INTIMA'),
(1744, 'TALLER DE LECTURA Y ESCRITURA EN LA ACADEMIA'),
(1745, 'TALLER DE MAQUINAS Y HERRAMIENTAS'),
(1746, 'TALLER DE MECANICA'),
(1747, 'TALLER DE PAPEL'),
(1748, 'TALLER DE SOLDADURA'),
(1749, 'TALLER DE VIDRIO'),
(1750, 'TALLER ELECTIVA ARMONIA'),
(1751, 'TALLER ELECTIVA FORMACION AUDITIVA'),
(1752, 'TALLER INTEGRAL I'),
(1753, 'TALLER INTEGRAL II'),
(1754, 'TALLER INTRODUCTORIO DE EXPLORACION TECNICA BIDIMENSIONAL'),
(1755, 'TALLER INTRODUCTORIO DE EXPLORACION TECNICA MEDIACIONES'),
(1756, 'TALLER INTRODUCTORIO DE EXPLORACION TECNICA TRIDIMENSIONAL'),
(1757, 'TALLER INVESTIGACION-CREACION EN LA EXPERIENCIA EXISTENCIAL DE LA PROXIMIDAD SOCIAL'),
(1758, 'TALLER SONORO I'),
(1759, 'TALLER SONORO II'),
(1760, 'TALLER TRIDIMENSIONA III'),
(1761, 'TALLER TRIDIMENSIONA IV'),
(1762, 'TEACHING PRACTICUM IN PRIMARY SCHOOL'),
(1763, 'TEACHING PRACTICUM IN SECONDARY SCHOOL'),
(1764, 'TEATRO COLOMBIANO'),
(1765, 'TEATRO FISICO'),
(1766, 'TEATRO FISICO: PLANTEAMIENTOS TECNICOS'),
(1767, 'TEATRO POSDRAMATICO'),
(1768, 'TECLADO COMPLEMENTARIO III'),
(1769, 'TECLADO COMPLEMENTARIO IV'),
(1770, 'TECNICA DE DANZA MODERNA I'),
(1771, 'TECNICA DE DANZA MODERNA II'),
(1772, 'TECNICA DE LICITACION'),
(1773, 'TECNICA DE LICITACION, SEGUIMIENTO Y CONTROL DE PROYECTOS DE INGENIERIA'),
(1774, 'TECNICA DE PUNTAS'),
(1775, 'TECNICAS DE CAMPAMENTO'),
(1776, 'TECNICAS DE CAMPISMO'),
(1777, 'TECNICAS DE CAMPO'),
(1778, 'TECNICAS DE ESTUDIO'),
(1779, 'TECNICAS DICIPLINARES DEL ENTRENAMIENTO'),
(1780, 'TECNOCIENCIAS'),
(1781, 'TECNOLOGIA DEL CONCRETO'),
(1782, 'TECNOLOGIA EN EL AULA'),
(1783, 'TECNOLOGIA Y MEDIO AMBIENTE'),
(1784, 'TECNOLOGIAS APROPIADAS I'),
(1785, 'TECNOLOGIAS APROPIADAS II'),
(1786, 'TECNOLOGIAS SOBRE IP'),
(1787, 'TELECOMUNICACIONES AERONAUTICAS'),
(1788, 'TELECOMUNICACIONES I'),
(1789, 'TELEINFORMATICA I'),
(1790, 'TELEINFORMATICA II'),
(1791, 'TELEINFORMATICA III'),
(1792, 'TELEMATICA I'),
(1793, 'TELEMATICA II'),
(1794, 'TELEMATICA III'),
(1795, 'TELEVISION'),
(1796, 'TENDENCIAS AVANZADAS DE INGENIERIA DE SOFTWARE'),
(1797, 'TEORIA DE COLAS Y SIMULACION'),
(1798, 'TEORIA DE CONJUNTOS'),
(1799, 'TEORIA DE CONTROL'),
(1800, 'TEORIA DE CORTE'),
(1801, 'TEORIA DE GRAFOS'),
(1802, 'TEORIA DE GRUPOS'),
(1803, 'TEORIA DE LA ACTUACION'),
(1804, 'TEORIA DE LA DECISION'),
(1805, 'TEORIA DE LA DIRECCION'),
(1806, 'TEORIA DE LA IMAGEN'),
(1807, 'TEORIA DE LA INFORMACION'),
(1808, 'TEORIA DE LAS ORGANIZACIONES'),
(1809, 'TEORIA DE LAS PROBABILIDADES'),
(1810, 'TEORIA DE NUMEROS'),
(1811, 'TEORIA DE PROBABILIDADES'),
(1812, 'TEORIA DE SISTEMAS'),
(1813, 'TEORIA DEL CONOCIMIENTO'),
(1814, 'TEORIA DEL LENGUAJE Y LA INFORMACION'),
(1815, 'TEORIA E HISTORIA DEL ARTE VI'),
(1816, 'TEORIA E HISTORIA DEL ARTE VII'),
(1817, 'TEORIA E HISTORIA DEL ARTE VIII'),
(1818, 'TEORIA ELECTROMAGNETICA II Y LABORATORIO'),
(1819, 'TEORIA ELECTROMAGNETICA Y LABORATORIO I'),
(1820, 'TEORIA GENERAL DE SISTEMAS'),
(1821, 'TEORIA LITERARIA I'),
(1822, 'TEORIA LITERARIA II'),
(1823, 'TEORIA SOCIAL CLASICA'),
(1824, 'TEORIA Y LOGICA DE PROGRAMACION'),
(1825, 'TEORIAS COGNITIVAS DE APRENDIZAJE'),
(1826, 'TEORIAS DEL DESARROLLO: INFANCIA Y JUVENTUD'),
(1827, 'TEORIAS DEL LENGUAJE'),
(1828, 'TEORIAS SOCIALES CONTEMPORANEAS'),
(1829, 'TERMODINAMICA'),
(1830, 'TERMODINAMICA APLICADA'),
(1831, 'TERMODINAMICA Y FLUIDOS'),
(1832, 'TERMODINAMICA Y LABORATORIO'),
(1833, 'TERMODINAMICA YFLUIDOS'),
(1834, 'TERRITORIO Y LAS PROBLEMATICAS'),
(1835, 'TEXTOLINGUISTICA'),
(1836, 'THE STUDY OF LANGUAGE AND COMMUNICATION'),
(1837, 'TIC EN LA ENSEÑANZA DE LAS CIENCIAS EXPERIMENTALES'),
(1838, 'TIC PARA LA ENSEÑANZA DE LA FISICA I'),
(1839, 'TIC PARA LA ENSEÑANZA DE LA FISICA II'),
(1840, 'TICS EN LAS ORGANIZACIONES'),
(1841, 'TIPLE'),
(1842, 'TIPLE II'),
(1843, 'TIPLE IV'),
(1844, 'TIPLE V'),
(1845, 'TIPLE VI'),
(1846, 'TIPLE VII'),
(1847, 'TIPLE VIII'),
(1848, 'TOPOGRAFIA'),
(1849, 'TOPOGRAFIA AUTOMATIZADA'),
(1850, 'TOPOGRAFIA DE VIAS I'),
(1851, 'TOPOGRAFIA DE VIAS II'),
(1852, 'TOPOGRAFIA I: PLANIMETRIA'),
(1853, 'TOPOGRAFIA II: ALTIMETRIA'),
(1854, 'TOPOGRAFIA Y CARTOGRAFIA'),
(1855, 'TOPOLOGIA'),
(1856, 'TOPOLOGIA Y CATASTRO DE REDES'),
(1857, 'TORNO'),
(1858, 'TRABAJO COMUNITARIO'),
(1859, 'TRABAJO DE GRADO'),
(1860, 'TRABAJO DE GRADO I'),
(1861, 'TRABAJO DE GRADO II'),
(1862, 'TRABAJO DE GRADO TECNOLOGICO'),
(1863, 'TRADUCCION (INGLES - ESPAÑOL)'),
(1864, 'TRANSFERENCIA DE CALOR'),
(1865, 'TRANSFORMADORES'),
(1866, 'TRANSICION ARITMETICA ALGEBRA'),
(1867, 'TRANSITO Y TRANSPORTE'),
(1868, 'TRANSMISION DE DATOS'),
(1869, 'TRANSMISION DIGITAL'),
(1870, 'TRANSPORTE DE ENERGIA'),
(1871, 'TRATAMIENTO DE AGUA PARA CONSUMO'),
(1872, 'TRATAMIENTO DE AGUAS RESIDUALES'),
(1873, 'TRATAMIENTO DE RESIDUOS SOLIDOS'),
(1874, 'TRATAMIENTO Y DISPOSICION DE RESIDUOS SOLIDOS'),
(1875, 'TRATAMIENTOS TERMICOS'),
(1876, 'TROMBON II'),
(1877, 'TROMBON IV'),
(1878, 'TROMBON VII'),
(1879, 'TROMPETA'),
(1880, 'TROMPETA II'),
(1881, 'TROMPETA III'),
(1882, 'TROMPETA IX'),
(1883, 'TROMPETA VI'),
(1884, 'TROMPETA VII'),
(1885, 'TROMPETA VIII'),
(1886, 'TROMPETA X'),
(1887, 'TUBA IX'),
(1888, 'TUBA VI'),
(1889, 'TUBA VIII'),
(1890, 'TUBERIAS Y BOMBAS'),
(1891, 'UPPER INTERMEDIATE ENGLISH'),
(1892, 'VALIDEZ Y MODELOS MATEMATICOS'),
(1893, 'VALORACION DOCUMENTAL'),
(1894, 'VALORIZACION'),
(1895, 'VARIABLE COMPLEJA'),
(1896, 'VARIEDAD DE ANALISIS NARRATIVOS'),
(1897, 'VECTORES Y GEOMETRIA ANALITICA'),
(1898, 'VIBRACIONES MECANICAS'),
(1899, 'VIBRACIONES Y ONDAS'),
(1900, 'VIDA Y OBRA DE J.S.BACH'),
(1901, 'VIOLA II'),
(1902, 'VIOLA IV'),
(1903, 'VIOLENCIA, CONFLICTO Y EDUCACION PARA LA PAZ'),
(1904, 'VIOLIN'),
(1905, 'VIOLIN III'),
(1906, 'VIOLIN IV'),
(1907, 'VIOLÍN IX'),
(1908, 'VIOLIN V'),
(1909, 'VIOLIN VI'),
(1910, 'VIOLIN VII'),
(1911, 'VIOLIN VIII'),
(1912, 'VIOLIN X'),
(1913, 'VIOLONCHELO'),
(1914, 'VIOLONCHELO II'),
(1915, 'VIOLONCHELO III'),
(1916, 'VIOLONCHELO IV'),
(1917, 'VIOLONCHELO VI'),
(1918, 'VIOLONCHELO VII'),
(1919, 'VIOLONCHELO VIII'),
(1920, 'VIROLOGIA'),
(1921, 'VIVENCIA: CONST DEL CONC POR LOS NIÑOS, LAS NIÑAS Y LOS SABERES DEL MAESTRO'),
(1922, 'VIVENCIA: CONTEXTOS DE COMUNICACION NIÑOS, NIÑAS Y ADULTOS'),
(1923, 'VIVENCIA: CULTURA, INFANCIAS Y SOCIEDAD'),
(1924, 'VIVENCIA: IMAGINACION, FANTASIA Y CREACION'),
(1925, 'VIVENCIA: PENSAMIENTO TECNOLOGICO EN LOS NIÑOS, LAS NIÑAS Y EL ADULTO'),
(1926, 'VOZ CANTADA I'),
(1927, 'VOZ CANTADA II'),
(1928, 'VOZ CANTADA III'),
(1929, 'VOZ CANTADA IV'),
(1930, 'VOZ HABLADA I'),
(1931, 'VOZ HABLADA II'),
(1932, 'VOZ HABLADA III'),
(1933, 'VOZ HABLADA IV'),
(1934, 'VULNERABILIDAD Y RIESGOS'),
(1935, 'ZOOLOGIA DE INVERTEBRADOS'),
(1936, 'ZOOLOGIA DE VERTEBRADOS'),
(1937, 'ZOONOSIS'),
(1938, 'ZOONOSIS Y EPIDEMIOLOGIA');

-- --------------------------------------------------------

--
-- Table structure for table `Denuncia`
--

CREATE TABLE `Denuncia` (
  `idDenuncia` int(11) NOT NULL,
  `argumento` text COLLATE utf8_unicode_ci NOT NULL,
  `fecha` date NOT NULL,
  `referencia_idReferencia` int(11) NOT NULL,
  `estudiante_idEstudiante` int(11) NOT NULL,
  `tipoDeDenuncia_idTipoDeDenuncia` int(11) NOT NULL
) ENGINE=InnoDB DEFAULT CHARSET=utf8 COLLATE=utf8_unicode_ci TABLESPACE `itiud_referencialos_ud`;

-- --------------------------------------------------------

--
-- Table structure for table `Estudiante`
--

CREATE TABLE `Estudiante` (
  `idEstudiante` int(11) NOT NULL,
  `nombre` varchar(45) COLLATE utf8_unicode_ci NOT NULL,
  `apellido` varchar(45) COLLATE utf8_unicode_ci NOT NULL,
  `correo` varchar(45) COLLATE utf8_unicode_ci NOT NULL,
  `clave` varchar(45) COLLATE utf8_unicode_ci NOT NULL,
  `foto` varchar(45) COLLATE utf8_unicode_ci DEFAULT NULL,
  `telefono` varchar(45) COLLATE utf8_unicode_ci DEFAULT NULL,
  `celular` varchar(45) COLLATE utf8_unicode_ci DEFAULT NULL,
  `estado` tinyint(4) NOT NULL,
  `periodoDeIngreso` varchar(45) COLLATE utf8_unicode_ci NOT NULL,
  `fechaDeNacimiento` date NOT NULL,
  `fechaDeRegistro` date NOT NULL,
  `genero_idGenero` int(11) NOT NULL
) ENGINE=InnoDB DEFAULT CHARSET=utf8 COLLATE=utf8_unicode_ci TABLESPACE `itiud_referencialos_ud`;

--
-- Dumping data for table `Estudiante`
--

INSERT INTO `Estudiante` (`idEstudiante`, `nombre`, `apellido`, `correo`, `clave`, `foto`, `telefono`, `celular`, `estado`, `periodoDeIngreso`, `fechaDeNacimiento`, `fechaDeRegistro`, `genero_idGenero`) VALUES
(1, 'Dana Sofia', 'Macias Rojas', 'dsmaciasr@udistrital.edu.co', '250cf8b51c773f3f8dc8b4be867a9a02', 'image/1717702474.png', '', '', 1, '2023-1', '2005-07-24', '2024-05-09', 1),
(2, 'Valentina', 'Zaldua', 'lvzalduac@udistrital.edu.co', '4c97dbe4f8d182d4054b1ecb85ebb388', '', '', '', 1, '2023-1', '2006-02-13', '2024-05-10', 1),
(3, 'Camilo ', 'Sandoval ', 'casandovald@udistrital.edu.co', 'edc9739c5f9198c1366efd5988090508', 'image/1716077883.png', '', '3022878133', 1, '2020-3', '1997-04-09', '2024-05-12', 2),
(4, 'Laura Juliana ', 'Cárdenas Sánchez ', 'ljcardenass@udistrital.edu.co', '172546e0a3048b067e2bdbef4fe6079f', '', '', '', 1, '2023-1', '2006-01-23', '2024-05-15', 1),
(5, 'Daniel Leonardo', 'Lopez Valderrama', 'dllopezv@udistrital.edu.co', 'af5910967455dc5915bb167feb40c6af', 'image/1716603058.png', '', '3197028753', 1, '2023-1', '2006-10-16', '2024-05-18', 2),
(6, 'Arturo', 'Fernandez', 'haflorezf@udistrital.edu.co', '7acf5826ff4e666aec5e01c0f5ac5961', '', '', '', 1, '2024-1', '1981-06-09', '2024-06-06', 2),
(7, 'Hayden Sharif', 'Bello Sandoval', 'hsbellos@udistrital.edu.co', '7dfd0c022327687b76fef501c4c0131f', '', '', '', 1, '2021-1', '2003-11-21', '2024-06-09', 2);

-- --------------------------------------------------------

--
-- Table structure for table `Facultad`
--

CREATE TABLE `Facultad` (
  `idFacultad` int(11) NOT NULL,
  `nombre` varchar(100) COLLATE utf8_unicode_ci NOT NULL
) ENGINE=InnoDB DEFAULT CHARSET=utf8 COLLATE=utf8_unicode_ci TABLESPACE `itiud_referencialos_ud`;

--
-- Dumping data for table `Facultad`
--

INSERT INTO `Facultad` (`idFacultad`, `nombre`) VALUES
(1, 'Facultad de Artes - ASAB'),
(2, 'Facultad de Ciencias Matemáticas y Naturales'),
(3, 'Facultad de Ciencias y Educación'),
(4, 'Facultad de Ingenieria'),
(5, 'Facultad del Medio Ambiente y Recursos Naturales'),
(6, 'Facultad Tecnológica - Politecnica / Tecnológica');

-- --------------------------------------------------------

--
-- Table structure for table `Genero`
--

CREATE TABLE `Genero` (
  `idGenero` int(11) NOT NULL,
  `nombre` varchar(45) COLLATE utf8_unicode_ci NOT NULL
) ENGINE=InnoDB DEFAULT CHARSET=utf8 COLLATE=utf8_unicode_ci TABLESPACE `itiud_referencialos_ud`;

--
-- Dumping data for table `Genero`
--

INSERT INTO `Genero` (`idGenero`, `nombre`) VALUES
(1, 'Femenino'),
(2, 'Masculino'),
(3, 'Otro');

-- --------------------------------------------------------

--
-- Table structure for table `LogAdministrador`
--

CREATE TABLE `LogAdministrador` (
  `idLogAdministrador` int(11) NOT NULL,
  `accion` varchar(100) COLLATE utf8_unicode_ci NOT NULL,
  `informacion` text COLLATE utf8_unicode_ci NOT NULL,
  `fecha` date NOT NULL,
  `hora` time NOT NULL,
  `ip` varchar(45) COLLATE utf8_unicode_ci NOT NULL,
  `so` varchar(45) COLLATE utf8_unicode_ci NOT NULL,
  `explorador` varchar(45) COLLATE utf8_unicode_ci NOT NULL,
  `administrador_idAdministrador` int(11) NOT NULL
) ENGINE=InnoDB DEFAULT CHARSET=utf8 COLLATE=utf8_unicode_ci TABLESPACE `itiud_referencialos_ud`;

--
-- Dumping data for table `LogAdministrador`
--

INSERT INTO `LogAdministrador` (`idLogAdministrador`, `accion`, `informacion`, `fecha`, `hora`, `ip`, `so`, `explorador`, `administrador_idAdministrador`) VALUES
(1, 'Log In', '', '2024-06-08', '16:03:54', '179.32.128.82', 'Linux', 'Chrome', 1),
(2, 'Editar Profile Foto in Administrador', 'Foto: image/1717880656.png', '2024-06-08', '16:04:16', '179.32.128.82', 'Linux', 'Chrome', 1),
(3, 'Editar Profesor', 'Nombre: FLOREZ FERNANDEZ HECTOR ARTURO; Correo: haflorezf@udistrital.edu.co; Genero: Masculino', '2024-06-08', '16:04:29', '179.32.128.82', 'Linux', 'Chrome', 1),
(4, 'Log In', '', '2024-06-08', '22:00:21', '179.32.128.82', 'Linux', 'Chrome', 1),
(5, 'Log In', '', '2024-06-09', '21:02:43', '190.66.212.251', 'Linux', 'Chrome', 1),
(6, 'Log In', '', '2024-06-09', '21:12:20', '190.66.212.251', 'Linux', 'Chrome', 1),
(7, 'Log In', '', '2024-06-10', '14:52:00', '181.53.14.181', 'Linux', 'Chrome', 2),
(8, 'Crear Tipo De Denuncia', 'Nombre: Información de referencia inconsistente', '2024-06-10', '14:52:36', '181.53.14.181', 'Linux', 'Chrome', 2),
(9, 'Crear Tipo De Denuncia', 'Nombre: Referencia falsa', '2024-06-10', '14:54:21', '181.53.14.181', 'Linux', 'Chrome', 2),
(10, 'Crear Tipo De Denuncia', 'Nombre: Injuria o Calumnia', '2024-06-10', '14:56:21', '181.53.14.181', 'Linux', 'Chrome', 2),
(11, 'Log In', '', '2024-06-11', '13:57:56', '190.66.212.251', 'Linux', 'Chrome', 1),
(12, 'Log In', '', '2024-06-11', '17:11:12', '190.66.212.251', 'Linux', 'Chrome', 1),
(13, 'Editar Tipo De Denuncia', 'Nombre: Injuria o calumnia', '2024-06-11', '17:49:32', '190.66.212.251', 'Linux', 'Chrome', 1),
(14, 'Log In', '', '2024-06-11', '17:50:24', '181.53.14.181', 'Linux', 'Chrome', 2),
(15, 'Crear Tipo De Denuncia', 'Nombre: Lenguaje inapropiado', '2024-06-11', '17:51:24', '181.53.14.181', 'Linux', 'Chrome', 2),
(16, 'Crear Tipo De Denuncia', 'Nombre: Lenguaje ofensivo', '2024-06-11', '17:52:30', '181.53.14.181', 'Linux', 'Chrome', 2);

-- --------------------------------------------------------

--
-- Table structure for table `LogEstudiante`
--

CREATE TABLE `LogEstudiante` (
  `idLogEstudiante` int(11) NOT NULL,
  `accion` varchar(100) COLLATE utf8_unicode_ci NOT NULL,
  `informacion` text COLLATE utf8_unicode_ci NOT NULL,
  `fecha` date NOT NULL,
  `hora` time NOT NULL,
  `ip` varchar(45) COLLATE utf8_unicode_ci NOT NULL,
  `so` varchar(45) COLLATE utf8_unicode_ci NOT NULL,
  `explorador` varchar(45) COLLATE utf8_unicode_ci NOT NULL,
  `estudiante_idEstudiante` int(11) NOT NULL
) ENGINE=InnoDB DEFAULT CHARSET=utf8 COLLATE=utf8_unicode_ci TABLESPACE `itiud_referencialos_ud`;

--
-- Dumping data for table `LogEstudiante`
--

INSERT INTO `LogEstudiante` (`idLogEstudiante`, `accion`, `informacion`, `fecha`, `hora`, `ip`, `so`, `explorador`, `estudiante_idEstudiante`) VALUES
(1, 'Log In', '', '2024-06-06', '14:27:48', '190.27.28.102', 'Linux', 'Chrome', 1),
(2, 'Editar Profile Foto in Estudiante', 'Foto: image/1717702461.png', '2024-06-06', '14:34:21', '190.27.28.102', 'Linux', 'Chrome', 1),
(3, 'Editar Profile Foto in Estudiante', 'Foto: image/1717702474.png', '2024-06-06', '14:34:34', '190.27.28.102', 'Linux', 'Chrome', 1),
(4, 'Log In', '', '2024-06-06', '14:42:39', '190.27.28.102', 'Linux', 'Chrome', 6),
(5, 'Solicitar Agregar Profesor', 'Nombre: Fulano de Tal; Programa: Tecnología en Sistematización de Datos (Por ciclos propedéuticos)', '2024-06-06', '14:46:11', '190.27.28.102', 'Linux', 'Chrome', 6),
(6, 'Solicitar Agregar Profesor', 'Nombre: Fulano de Tal; Programa: Tecnología en Sistematización de Datos (Por ciclos propedéuticos)', '2024-06-06', '14:47:50', '190.27.28.102', 'Linux', 'Chrome', 6),
(7, 'Solicitar Agregar Profesor', 'Nombre: Fulano de Tal; Programa: Tecnología en Sistematización de Datos (Por ciclos propedéuticos)', '2024-06-06', '14:48:29', '190.27.28.102', 'Linux', 'Chrome', 6),
(8, 'Solicitar Agregar Profesor', 'Nombre: Prueba; Programa: Tecnología en Sistematización de Datos (Por ciclos propedéuticos)', '2024-06-06', '14:51:11', '190.27.28.102', 'Linux', 'Chrome', 6),
(9, 'Solicitar Agregar Profesor', 'Nombre: Prueba; Programa: Tecnología en Sistematización de Datos (Por ciclos propedéuticos)', '2024-06-06', '14:52:07', '190.27.28.102', 'Linux', 'Chrome', 6),
(10, 'Solicitar Agregar Curso', 'Nombre: Calculo 4; Programa: Tecnología en Sistematización de Datos (Por ciclos propedéuticos)', '2024-06-06', '14:55:56', '190.27.28.102', 'Linux', 'Chrome', 6),
(11, 'Solicitar Agregar Profesor', 'Nombre: profe de prueba; Programa: Archivística y Gestión de la Información Digital', '2024-06-06', '14:58:35', '190.27.28.102', 'Linux', 'Chrome', 6),
(12, 'Solicitar Agregar Referencia', 'Profesor: PINZON NUÑEZ SONIA ALEXANDRA; Curso: ; Programa: Tecnología en Sistematización de Datos (Por ciclos propedéuticos)', '2024-06-06', '15:01:43', '190.27.28.102', 'Linux', 'Chrome', 6),
(13, 'Solicitar Agregar Referencia', 'Profesor: PINZON NUÑEZ SONIA ALEXANDRA; Curso: PROGRAMACION MULTINIVEL; Programa: Tecnología en Sistematización de Datos (Por ciclos propedéuticos)', '2024-06-06', '15:06:31', '190.27.28.102', 'Linux', 'Chrome', 6),
(14, 'Solicitar Agregar Referencia', 'Profesor: RODRIGUEZ GUERRERO ROCIO; Curso: PROGRAMACION MULTINIVEL; Programa: Tecnología en Sistematización de Datos (Por ciclos propedéuticos)', '2024-06-06', '15:17:01', '190.27.28.102', 'Linux', 'Chrome', 6),
(15, 'Log In', '', '2024-06-08', '16:05:56', '179.32.128.82', 'Linux', 'Chrome', 6),
(16, 'Editar Profile Estudiante', 'Nombre: Arturo; Apellido: Fernandez; Correo: haflorezf@udistrital.edu.co; Telefono: ; Celular: ; Periodo De Ingreso: 2024-1; Fecha De Nacimiento: 1981-06-09; Fecha De Registro: 2024-06-06; Genero: Masculino', '2024-06-08', '16:06:30', '179.32.128.82', 'Linux', 'Chrome', 6),
(17, 'Solicitar Agregar Referencia', 'Profesor: ROMERO GARCIA MARILUZ; Curso: BASES DE DATOS; Programa: Tecnología en Sistematización de Datos (Por ciclos propedéuticos)', '2024-06-08', '16:06:54', '179.32.128.82', 'Linux', 'Chrome', 6),
(18, 'Log In', '', '2024-06-08', '17:51:51', '181.53.12.231', 'Linux', 'Chrome', 4),
(19, 'Crear Referencia', 'Periodo: 2023-1; Comentario: <p>Es una docente bastante amable, exige lo básico al momento de dictar las clases o de realizar las actividades, en lo que recuerdo para los exámenes que realiza son respecto a lecturas en su mayoría cortas que deja con al menos una semana de anticipación. Con ella es fácil aprender y pasar si realiza todas las actividades que pide.</p>; Pros: Es muy buena docente, considero que tiene muy buena pedagogía, pues demuestra tener dominio sobre los temas, sus clases son dinámicas lo que ayuda a un mejor aprendizaje, es bastante respetuosa con sus estudiantes y sus formas de evaluar son justas.; Contras: ; Fecha: 2024-06-08; Estado: 1; Profesor: DIAZ RODRIGUEZ MIRTA ROCIO; Curso: COMPRENSION Y PRODUCCION DE TEXTOS; Programa: Tecnología en Sistematización de Datos (Por ciclos propedéuticos); Rango De Nota: Entre 40 y 49', '2024-06-08', '18:20:08', '181.53.12.231', 'Linux', 'Chrome', 4),
(20, 'Log In', '', '2024-06-09', '13:01:57', '186.168.254.157', 'Linux', 'Chrome', 7),
(21, 'Crear Referencia', 'Periodo: 2024-1; Comentario: <p>El profesor usa diapositivas viejas para explicar los temas, y estas tienen varios errores los cuales tienen que ser aclarados por él en la clase, cabe aclarar que estaba realizando la transición a diapositivas actualizadas y corregidas, es un profesor que tienen una metodología similar en la mayoría de sus materias y la sensación en la misma; \"él profesor sabe mucho, es muy bueno explicando pero así mismo le exige a sus estudiantes\", muy pasable con esfuerzo y muy recomendable</p>; Pros: ; Contras: ; Fecha: 2024-06-09; Estado: 1; Profesor: RIVERA AGUILAR FREDY ALEXANDER; Curso: PROBABILIDAD Y ESTADISTICA; Programa: Tecnología en Electrónica Industrial (Por ciclos propedéuticos); Rango De Nota: Entre 40 y 49', '2024-06-09', '13:10:11', '186.168.254.157', 'Linux', 'Chrome', 7),
(22, 'Crear Referencia', 'Periodo: 2024-1; Comentario: Es un profesor que vela por los estudiantes y usa metodologías totalmente distintas, pese a que te asegura una muy buena nota al empezar el curso, el aprendizaje es dificultoso, es muy amable y trata de ser amigo de los estudiantes, para poder aprender con él hay que quitarle el miedo o la pena de preguntar, sus explicaciones suelen ser extrañas ya que son visionadas de una forma muy distinta pero en general si te gusta el tema es un gran profesor para resolver dudas, su estado de salud muchas veces no le permite asistir a clase.; Pros: ; Contras: ; Fecha: 2024-06-09; Estado: 1; Profesor: RAMIREZ ESCOBAR JORGE FEDERICO; Curso: SEÑALES Y SISTEMAS; Programa: Tecnología en Electrónica Industrial (Por ciclos propedéuticos); Rango De Nota: 50', '2024-06-09', '13:17:06', '186.168.254.157', 'Linux', 'Chrome', 7),
(23, 'Crear Referencia', 'Periodo: 2024-1; Comentario: <p>El profesor es muy versátil pero muy relajado, su materia se basa en talleres y leer diapositivas lo que suele aburrir al curso, si se tienen las ganas se puede aprender bastante pero normalmente sus clases son tediosas incluso durando al rededor de una hora</p>; Pros: ; Contras: ; Fecha: 2024-06-09; Estado: 1; Profesor: GARCIA ARRAZOLA ENRIQUE JOSE; Curso: ADMINISTRACION; Programa: Tecnología en Electrónica Industrial (Por ciclos propedéuticos); Rango De Nota: Entre 40 y 49', '2024-06-09', '13:21:08', '186.168.254.157', 'Linux', 'Chrome', 7),
(24, 'Crear Referencia', 'Periodo: 2024-1; Comentario: <p>Harold Vacca es uno de los mejores profesores en temas de la matemática que la Facultad tiene actualmente, su método de enseñanza es complejo pero bastante divertido, sus método de calificación es muy versátil, aunque se dejen talleres larguísimos y difíciles, el tiempo para realizarlos es más que justo.</p>; Pros: ; Contras: ; Fecha: 2024-06-09; Estado: 1; Profesor: VACCA GONZALEZ HAROLD; Curso: MATEMATICAS ESPECIALES; Programa: Tecnología en Electrónica Industrial (Por ciclos propedéuticos); Rango De Nota: Entre 40 y 49', '2024-06-09', '13:25:27', '186.168.254.157', 'Linux', 'Chrome', 7),
(25, 'Log In', '', '2024-06-09', '21:55:52', '190.66.212.251', 'Linux', 'Chrome', 6),
(26, 'Log In', '', '2024-06-10', '12:49:50', '181.53.14.181', 'Linux', 'Chrome', 7),
(27, 'Log In', '', '2024-06-11', '17:52:49', '190.66.212.251', 'Linux', 'Chrome', 6),
(28, 'Denunciar Referencia', 'Argumento: <p>Denuncia de prueba</p>; Tipo de denuncia: Referencia falsa', '2024-06-11', '17:56:56', '190.66.212.251', 'Linux', 'Chrome', 6),
(29, 'Denunciar Referencia', 'Comentario de la referencia: <p>El profesor presenta buenos conceptos teóricos, sin embargo, es muy estricto y serio, no se va a molestar en aclarar dudas en el código. \"Si entendió bien y si no también\", así lo resumiría.&nbsp;</p>; Argumento: <p>Prueba</p>; Tipo de denuncia: Lenguaje inapropiado', '2024-06-11', '18:01:50', '190.66.212.251', 'Linux', 'Chrome', 6);

-- --------------------------------------------------------

--
-- Table structure for table `Profesor`
--

CREATE TABLE `Profesor` (
  `idProfesor` int(11) NOT NULL,
  `nombre` varchar(100) COLLATE utf8_unicode_ci NOT NULL,
  `correo` varchar(100) COLLATE utf8_unicode_ci NOT NULL,
  `genero_idGenero` int(11) NOT NULL
) ENGINE=InnoDB DEFAULT CHARSET=utf8 COLLATE=utf8_unicode_ci TABLESPACE `itiud_referencialos_ud`;

--
-- Dumping data for table `Profesor`
--

INSERT INTO `Profesor` (`idProfesor`, `nombre`, `correo`, `genero_idGenero`) VALUES
(1, 'ACEVEDO PEREZ JHON VLADIMIR', 'jvacevedop@udistrital.edu.co', 2),
(2, 'ACOSTA SOLARTE PABLO ANDRES', 'paacostas@udistrital.edu.co', 2),
(3, 'AGREDA BASTIDAS ERNESTO', 'eagredab@udistrital.edu.co', 2),
(4, 'AGUDELO CARDENAS ALEXANDER', 'aagudeloc@udistrital.edu.co', 2),
(5, 'ALBA PULIDO RODRIGO', 'ralbap@udistrital.edu.co', 1),
(6, 'ALFEREZ RIVAS LUIS ERNESTO', 'lealferezr@udistrital.edu.co', 2),
(7, 'ALGARRA FAGUA DIANA STELLA', 'dsalgarraf@udistrital.edu.co', 1),
(8, 'ALVARADO MORENO ALEXANDER', 'aalvaradom@udistrital.edu.co', 2),
(9, 'ALVAREZ VIZCAINO NESTOR EDGAR', 'nealvarezv@udistrital.edu.co', 2),
(10, 'ALVIS FONSECA DIEGO ARMANDO', 'daalvisf@udistrital.edu.co', 2),
(11, 'APONTE GUTIERREZ JUAN CARLOS', 'jcaponteg@udistrital.edu.co', 2),
(12, 'ARAUJO OVIEDO CLAUDIA MARINA', 'cmaraujoo@udistrital.edu.co', 1),
(13, 'ARCO MUÑOZ NOE', 'narcom@udistrital.edu.co', 2),
(14, 'ARDILA ISMAEL ANTONIO', 'iaardila@udistrital.edu.co', 2),
(15, 'AREVALO YEISON ANDRES', 'aarevaloy@udistrital.edu.co', 2),
(16, 'ARIAS HENAO CAMILO ANDRES', 'carias@udistrital.edu.co', 2),
(17, 'AVELLANEDA LEAL ROSA MYRIAM', 'rmavellanedal@udistrital.edu.co', 1),
(18, 'AVENDAÑO AVENDAÑO CARLOS ALBERTO', 'caavendanoa@udistrital.edu.co', 2),
(19, 'AVENDAÑO AVENDAÑO EUSEBIO', 'eavendanoa@udistrital.edu.co', 2),
(20, 'AVENDAÑO AVENDAÑO MARY SOL', 'masavendanoa@udistrital.edu.co', 1),
(21, 'BALANTA CASTILLA NEVIS DE JESUS', 'nbalantac@udistrital.edu.co', 1),
(22, 'BAREÑO ROMERO EDICSON FERNEY', 'efbarenor@udistrital.edu.co', 2),
(23, 'BARRAGAN VIZCAYA FLOR ALBA', 'fabarraganb@udistrital.edu.co', 1),
(24, 'BARRANCO JONNY FERNELY', 'jfbarranco@udistrital.edu.co', 2),
(25, 'BARROS SANCHEZ RICARDO DE JESUS', 'rjbarross@udistrital.edu.co', 2),
(26, 'BAUTISTA HERRERA WILLIAM', 'wbautistah@udistrital.edu.co', 2),
(27, 'BECERRA CORREA NELSON REYNALDO', 'nrbecerrac@udistrital.edu.co', 2),
(28, 'BEJARANO BARRETO EDWARD HERNANDO', 'ehbejaranob@udistrital.edu.co', 2),
(29, 'BENAVIDES VEGA OSCAR ENRIQUE', 'oebenavidesv@udistrital.edu.co', 2),
(30, 'BENITEZ SAZA CLAUDIA ROCIO', 'crbenitezs@udistrital.edu.co', 1),
(31, 'BERDUGO ROMERO EDWING OSWALDO', 'eoberdugor@udistrital.edu.co', 2),
(32, 'BERMUDEZ BOHORQUEZ GIOVANNI RODRIGO', 'gbermudez@udistrital.edu.co', 2),
(33, 'BERNAL GARZON EILEEN', 'eibernalg@udistrital.edu.co', 1),
(34, 'BERNAL GOMEZ MIREYA', 'mbernalg@udistrital.edu.co', 1),
(35, 'BLANCO SIERRA FABIAN DARIO', 'fdblancos@udistrital.edu.co', 2),
(36, 'BONILLA ISAZA RUBEN DARIO', 'rdbonillai@udistrital.edu.co', 2),
(37, 'BUENO PINZON MAURICIO', 'mbueno@udistrital.edu.co', 2),
(38, 'BUITRAGO VALERO CARLOS JULIO', 'cjbuitrago@udistrital.edu.co', 2),
(39, 'BULLA PEREIRA EDWIN ALBERTO', 'eabullap@udistrital.edu.co', 2),
(40, 'BURITICA ARBOLEDA CLARA INES', 'ciburiticaa@udistrital.edu.co', 1),
(41, 'CABRALES CONTRERAS HUBER', 'hcabralesc@udistrital.edu.co', 2),
(42, 'CABRERA SANCHEZ JUAN DAVID', 'jdcabreras@udistrital.edu.co', 2),
(43, 'CADENA MUÑOZ ERNESTO', 'ecadenam@udistrital.edu.co', 2),
(44, 'CAICEDO JOSE ALEXANDER', 'jacaicedo@udistrital.edu.co', 2),
(45, 'CAMACHO VELANDIA MARISOL', 'mcamachov@udistrital.edu.co', 1),
(46, 'CAMACHO WILLIAM ALEXANDER', 'wacamacho@udistrital.edu.co', 2),
(47, 'CAMARGO CASALLAS ESPERANZA', 'ecamargoc@udistrital.edu.co', 1),
(48, 'CAÑAS VARON DAVID LEONARDO', 'dlcanasv@udistrital.edu.co', 2),
(49, 'CARANTON VELOZA JHON FREDDY', 'jfcarantonv@udistrital.edu.co', 2),
(50, 'CARDONA PERDOMO LUZ DINED', 'ldcardonap@udistrital.edu.co', 2),
(51, 'CARDOZO CHAUX MARIO JAVIER', 'mjcardozoc@udistrital.edu.co', 2),
(52, 'CARVAJAL MARQUEZ EDILMO', 'ecarvajalm@udistrital.edu.co', 2),
(53, 'CASTANG MONTIEL GERARDO ALBERTO', 'gacastangm@udistrital.edu.co', 2),
(54, 'CASTAÑO ARCILA MAURICIO', 'mcastanoa@udistrital.edu.co', 2),
(55, 'CASTAÑO TAMARA RICARDO', 'rcastanot@udistrital.edu.co', 2),
(56, 'CASTELLANOS MORENO FABIO HERNANDO', 'fcastellanosm@udistrital.edu.co', 2),
(57, 'CASTIBLANCO HERNANDE DIEGO ALFREDO', 'diacastiblancoh@udistrital.edu.co', 2),
(58, 'CASTILLO HERNANDEZ JAIRO ERNESTO', 'jcastillo@udistrital.edu.co', 2),
(59, 'CASTRILLON CAMACHO ARJUNA', 'acastrillonc@udistrital.edu.co', 2),
(60, 'CAVANZO NISO DORIS GUISELA', 'dgcavanzon@udistrital.edu.co', 1),
(61, 'CAVANZO NISSO GLORIA ANDREA', 'gacavanzon@udistrital.edu.co', 1),
(62, 'CELIS MARIN NORVELY', 'ncelism@udistrital.edu.co', 2),
(63, 'CELY CALLEJAS JOSE DAVID', 'jdcely@udistrital.edu.co', 2),
(64, 'CENDALES ROMERO URIAS', 'ucendalesr@udistrital.edu.co', 2),
(65, 'CHACON CEPEDA NORBERTO', 'nchaconc@udistrital.edu.co', 2),
(66, 'CHALA BUSTAMANTE EDGAR ARTURO', 'eachalab@udistrital.edu.co', 2),
(67, 'CHAPARRO ARBOLEDA ARMANDO ALFREDO', 'aachaparroa@udistrital.edu.co', 2),
(68, 'CHAPARRO CHAPARRO FAOLAIN', 'fchaparroc@udistrital.edu.co', 2),
(69, 'CHIQUIZA OCHOA MARIBEL', 'mchiquizao@udistrital.edu.co', 1),
(70, 'CIPAGAUTA LARA ELSY CAROLINA', 'eccipagautal@udistrital.edu.co', 1),
(71, 'CLAVIJO JOYA JULIAN RENE', 'jrclavijoj@udistrital.edu.co', 2),
(72, 'CORONEL SEGURA CESAR AUGUSTO', 'cacoronels@udistrital.edu.co', 2),
(73, 'CORREA MURILLO LUIS HERNANDO', 'lhcorream@udistrital.edu.co', 2),
(74, 'CRUZ GUAYACUNDO WILMER', 'wcruzg@udistrital.edu.co', 2),
(75, 'CRUZ RAMIREZ JOHN ALEXANDER', 'jacruzr@udistrital.edu.co', 2),
(76, 'DAZA TORRES JAVIER ORLANDO', 'jdazat@udistrital.edu.co', 2),
(77, 'DE ARMAS COSTA RICARDO', 'rjdearmasc@udistrital.edu.co', 2),
(78, 'DE LA ROSA SILVA LOURDES CLARISSA', 'lrosas@udistrital.edu.co', 1),
(79, 'DEAZA TRIANA NELSON JAVIER', 'njdeazat@udistrital.edu.co', 2),
(80, 'DELGADILLO GOMEZ EDUARDO ALBERTO', 'eadelgadillog@udistrital.edu.co', 2),
(81, 'DIAZ AREVALO JOSE LUIS', 'jldiaza@udistrital.edu.co', 2),
(82, 'DIAZ MONTAÑO EVELYN IVONNE', 'eidiazm@udistrital.edu.co', 1),
(83, 'DIAZ ORTIZ VICTOR HUGO', 'vdiaz@udistrital.edu.co', 2),
(84, 'DIAZ OSORIO MARCELA', 'mdiazo@udistrital.edu.co', 1),
(85, 'DIAZ OSSA WILMAR ALBERTO', 'wadiazo@udistrital.edu.co', 2),
(86, 'DIAZ RODRIGUEZ MIRTA ROCIO', 'mrdiazr@udistrital.edu.co', 1),
(87, 'DUEÑAS ROJAS JONNY RICARDO', 'jrduenasr@udistrital.edu.co', 2),
(88, 'ESCOBAR DIAZ ANDRES', 'aescobard@udistrital.edu.co', 2),
(89, 'ESLAVA BLANCO HERMES JAVIER', 'hjeslavab@udistrital.edu.co', 2),
(90, 'ESPEJO MOJICA OSCAR GABRIEL', 'ogespejom@udistrital.edu.co', 2),
(91, 'ESQUIVEL RAMIREZ RODRIGO ELIAS', 'reesquivelr@udistrital.edu.co', 2),
(92, 'FANDIÑO JORGE ENRIQUE', 'jefandinot@udistrital.edu.co', 2),
(93, 'FELIZZOLA CONTRERAS RODOLFO', 'rfelizzolac@udistrital.edu.co', 2),
(94, 'FERNANDEZ CASTILLO RAFAEL ENRIQUE', 'refernandezc@udistrital.edu.co', 2),
(95, 'FIERRO CASTAÑO PETER NELSON', 'pfierroc@udistrital.edu.co', 2),
(96, 'FINO SANDOVAL RAFAEL ALBERTO', 'rfinos@udistrital.edu.co', 2),
(97, 'FLOREZ FERNANDEZ HECTOR ARTURO', 'haflorezf@udistrital.edu.co', 2),
(98, 'FONSECA MEDARDO', 'mfonseca@udistrital.edu.co', 2),
(99, 'FONSECA VELASQUEZ ALDEMAR', 'afonseca@udistrital.edu.co', 2),
(100, 'FONSECA VELASQUEZ JIMMY', 'jfonsecav@udistrital.edu.co', 2),
(101, 'FORERO CASALLAS JOHN ALEJANDRO', 'jaforeroc@udistrital.edu.co', 2),
(102, 'FORERO CLAVIJO JORGE ENRIQUE', 'joeforeroc@udistrital.edu.co', 2),
(103, 'FUQUENE ARDILA HECTOR JULIO', 'hfuquene@udistrital.edu.co', 2),
(104, 'GARATEJO ESCOBAR OLGA CECILIA', 'ocgaratejoe@udistrital.edu.co', 1),
(105, 'GARAVITO LEON NELSON EDUARDO', 'negaravitol@udistrital.edu.co', 2),
(106, 'GARCES RENDON HUMBERTO ANTONIO', 'hagarcesr@udistrital.edu.co', 2),
(107, 'GARCIA ARRAZOLA ENRIQUE JOSE', 'ejgarciaa@udistrital.edu.co', 2),
(108, 'GARCIA MATEUS EDICSON GABRIEL', 'eggarciam@udistrital.edu.co', 2),
(109, 'GARCIA QUEVEDO FRANCYA INES', 'figarciaq@udistrital.edu.co', 1),
(110, 'GARZON CARREÑO PABLO EMILIO', 'pegarzonc@udistrital.edu.co', 2),
(111, 'GARZON CORREA MAGDA LORENA', 'mlgarzonc@udistrital.edu.co', 1),
(112, 'GAVILANES JOSE DARIO', 'jdgavilanes@udistrital.edu.co', 2),
(113, 'GIRAL RAMIREZ DIEGO ARMANDO', 'dagiralr@udistrital.edu.co', 2),
(114, 'GIRALDO RAMOS FRANK NIXON', 'fngiraldor@udistrital.edu.co', 2),
(115, 'GOMEZ CASTILLO HARVEY', 'hagomezca@udistrital.edu.co', 2),
(116, 'GOMEZ GOMEZ EDGAR LEONARDO', 'elgomezg@udistrital.edu.co', 2),
(117, 'GOMEZ JIMENEZ CARLOS ARTURO', 'cagomezj@udistrital.edu.co', 2),
(118, 'GOMEZ MORA MILLER', 'mgomezm@udistrital.edu.co', 2),
(119, 'GONZALEZ COLMENARES MAURICIO', 'mgonzalezc@udistrital.edu.co', 2),
(120, 'GONZALEZ MALDONADO GEOVANNY', 'ggonzalezm@udistrital.edu.co', 2),
(121, 'GONZALEZ SILVA RONALD', 'rgonzalezs@udistrital.edu.co', 2),
(122, 'GORDO MUSKUS RICARDO', 'rgordom@udistrital.edu.co', 2),
(123, 'GUASCA GONZALEZ ANDRES GUILLERMO', 'agguascag@udistrital.edu.co', 2),
(124, 'GUERRERO SALAS HUMBERTO', 'hguerreros@udistrital.edu.co', 2),
(125, 'GUEVARA BOLAÑOS JUAN CARLOS', 'jcguevarab@udistrital.edu.co', 2),
(126, 'GUEVARA VELANDIA GERMAN ANTONIO', 'gaguevarav@udistrital.edu.co', 2),
(127, 'GUTIERREZ MONTAÑA RUBEN EDUARDO', 'ruegutierrezm@udistrital.edu.co', 2),
(128, 'GUZMAN LAVERDE JORGE', 'jvguzmanl@udistrital.edu.co', 2),
(129, 'HERNANDEZ BELTRAN LEONARDO ANDRES', 'lahernandezb@udistrital.edu.co', 2),
(130, 'HERNANDEZ GARCIA CLAUDIA LILIANA', 'clhernandezg@udistrital.edu.co', 1),
(131, 'HERNANDEZ GUTIERREZ JAIRO', 'jhernandezg@udistrital.edu.co', 2),
(132, 'HERNANDEZ JAIRO ORLANDO', 'jaohernandez@udistrital.edu.co', 2),
(133, 'HERNANDEZ MARTINEZ HENRY ALBERTO', 'heahernandezm@udistrital.edu.co', 2),
(134, 'HERNANDEZ MORA JOHN RODRIGO', 'jrhernandezm@udistrital.edu.co', 2),
(135, 'HERNANDEZ RODRIGUEZ JORGE EDUARDO', 'jehernandezr@udistrital.edu.co', 2),
(136, 'HERNANDEZ SUAREZ CESAR AUGUSTO', 'cahernandezs@udistrital.edu.co', 2),
(137, 'HERRERA LUIS JORGE', 'ljherrera@udistrital.edu.co', 2),
(138, 'HIGUERA APARICIO JOSE MANUEL', 'jomhigueraa@udistrital.edu.co', 2),
(139, 'HUERTAS MARQUEZ DIEGO FERNANDO', 'dfhuertasm@udistrital.edu.co', 2),
(140, 'HUERTAS SANABRIA JOSE RAFAEL', 'jrhuertass@udistrital.edu.co', 2),
(141, 'HURTADO CORTES LUINI LEONARDO', 'coordinador-otri@udistrital.edu.co', 2),
(142, 'HURTADO MOJICA ROGER ANDERSON', 'rahurtadom@udistrital.edu.co', 2),
(143, 'IBAÑEZ OLAYA HENRY FELIPE', 'hfibanezo@udistrital.edu.co', 2),
(144, 'INFANTE MORENO WILSON', 'winfantem@udistrital.edu.co', 2),
(145, 'JACINTO GOMEZ EDWAR', 'ejacintog@udistrital.edu.co', 2),
(146, 'JAIMES CONTRERAS LUIS ALBERTO', 'lajaimesc@udistrital.edu.co', 2),
(147, 'JARAMILLO VILLAMIZAR LENIN OSWALDO', 'lojaramillov@udistrital.edu.co', 2),
(148, 'JIMENEZ TRIANA ALEXANDER', 'ajimenezt2@udistrital.edu.co', 2),
(149, 'LADINO MORENO EDGAR ORLANDO', 'eoladinom@udistrital.edu.co', 2),
(150, 'LEGUIZAMON PAEZ MIGUEL ANGEL', 'maleguizamonp@udistrital.edu.co', 2),
(151, 'LEON ESPINOSA EDNA ALEJANDRA', 'ealeone@udistrital.edu.co', 1),
(152, 'LEON GARCIA JUAN CARLOS', 'jcleong@udistrital.edu.co', 2),
(153, 'LEYTON VASQUEZ HERNANDO EVELIO', 'heleytonv@udistrital.edu.co', 2),
(154, 'LOPEZ CHACON YERSON ALEJANDRO', 'yalopezc@udistrital.edu.co', 2),
(155, 'LOPEZ GONZALEZ ROSENDO', 'rlopezg@udistrital.edu.co', 2),
(156, 'LOPEZ LEZAMA JUAN CARLOS', 'jclopezl@udistrital.edu.co', 2),
(157, 'LOPEZ MACIAS JAVIER', 'jlopezm@udistrital.edu.co', 2),
(158, 'LOPEZ MARTINEZ GERMAN ARTURO', 'galopezm@udistrital.edu.co', 2),
(159, 'LOPEZ PALOMINO PAULO MARCELO', 'pmlopezp@udistrital.edu.co', 2),
(160, 'LOSADA FIGUEROA CESAR FERNANDO', 'cflosadaf@udistrital.edu.co', 2),
(161, 'LOZADA ROMERO ROXMERY', 'rmlozadar@udistrital.edu.co', 1),
(162, 'LUENGAS CONTRERAS LELY ADRIANA', 'laluengasc@udistrital.edu.co', 1),
(163, 'LUGO GONZALEZ ARMANDO', 'alugog@udistrital.edu.co', 2),
(164, 'LUGO GONZALEZ CARLOS', 'clugog@udistrital.edu.co', 2),
(165, 'LUGO GONZALEZ LUZ MARINA', 'lmlugog@udistrital.edu.co', 1),
(166, 'MADRID SOTO NANCY ESPERANZA', 'nemadrids@udistrital.edu.co', 1),
(167, 'MANJARRES GARCIA GUILLERMO ANTONIO', 'gamanjarresg@udistrital.edu.co', 2),
(168, 'MANRIQUE MUÑOZ ALVARO', 'amanriquem@udistrital.edu.co', 2),
(169, 'MANTILLA BAUTISTA EDGAR JAVIER', 'ejmantillab@udistrital.edu.co', 2),
(170, 'MARTINEZ BUITRAGO DIANA ISABEL', 'dimartinezb@udistrital.edu.co', 1),
(171, 'MARTINEZ CAMARGO DORA MARCELA', 'dmmartinezc@udistrital.edu.co', 1),
(172, 'MARTINEZ GONZALEZ RICARDO', 'rmartinezg@udistrital.edu.co', 2),
(173, 'MARTINEZ RICAURTE OSCAR JAVIER', 'ojmartinezr@udistrital.edu.co', 2),
(174, 'MARTINEZ SANTA FERNANDO', 'fmartinezs@udistrital.edu.co', 2),
(175, 'MARTINEZ SARMIENTO FREDY HERNAN', 'fhmartinezs@udistrital.edu.co', 2),
(176, 'MARULANDA CELEITA JORGE ', 'jamarulandac@udistrital.edu.co', 2),
(177, 'MAYORGA MORATO MANUEL ALFONSO', 'mamayorgam@udistrital.edu.co', 2),
(178, 'MEDINA GAMBA ANDRES FELIPE', 'afmedinag@udistrital.edu.co', 2),
(179, 'MEDINA GONZALEZ MAGDA ', 'mlmedinag@udistrital.edu.co', 1),
(180, 'MEDINA GONZALEZ MAGDA LILIANA', 'mlmedinag@udistrital.edu.co', 1),
(181, 'MEDINA MONROY OSCAR MAURICIO', 'ommedinam@udistrital.edu.co', 2),
(182, 'MEJIA ALVAREZ BIBIANA FARLLEY', 'ifmejiaa@udistrital.edu.co', 1),
(183, 'MEJIA VILLAMIL ANDRES ERNESTO', 'aemejiav@udistrital.edu.co', 2),
(184, 'MENA SERNA MILTON', 'mmenas@udistrital.edu.co', 2),
(185, 'MONCADA ESPITIA ANDRES', 'amoncadae@udistrital.edu.co', 2),
(186, 'MONROY CASTRO JUAN CARLOS', 'jucmonroyc@udistrital.edu.co', 2),
(187, 'MONROY DIAZ JOSE ISRAEL', 'jimonroyd@udistrital.edu.co', 2),
(188, 'MONTANA MESA JORGE ENRIQUE', 'jemontanam@udistrital.edu.co', 2),
(189, 'MONTAÑA QUINTERO NILZON', 'nmontanaq@udistrital.edu.co', 2),
(190, 'MONTEALEGRE MARTINEZ JOSELIN', 'jmontealiegrem@udistrital.edu.co', 2),
(191, 'MONTEZUMA OBANDO GERMAN', 'gmontezumao@udistrital.edu.co', 2),
(192, 'MONTIEL ARIZA HOLMAN', 'hmontiela@udistrital.edu.co', 2),
(193, 'MORENO ACOSTA HENRY', 'hmorenoa@udistrital.edu.co', 2),
(194, 'MORENO FLAUTERO LUIS ALEJANDRO', 'lamorenof@udistrital.edu.co', 2),
(195, 'MORENO HERRERA DIEGO ARMANDO', 'damorenoh@udistrital.edu.co', 2),
(196, 'MORENO HURTADO ALEJANDRO', 'amorenoh@udistrital.edu.co', 2),
(197, 'MORENO PENAGOS CLAUDIA MABEL', 'cmmorenop@udistrital.edu.co', 1),
(198, 'MORENO TORRES CARLOS HUMBERTO', 'chmorenot@udistrital.edu.co', 2),
(199, 'MOSQUERA PALACIOS DARIN JAIRO', 'djmosquerap@udistrital.edu.co', 2),
(200, 'MUÑOZ BELLO NICOLAS GABRIEL', 'ngmunozb@udistrital.edu.co', 2),
(201, 'MURCIA RODRIGUEZ WILLIAM ALEXANDER', 'wamurciar@udistrital.edu.co', 2),
(202, 'MURILLO RONDON FRED GEOVANNY', 'fgmurillor@udistrital.edu.co', 2),
(203, 'NAICIPA OTALORA JAIRO', 'jnaicipao@udistrital.edu.co', 2),
(204, 'NAVARRO MEJIA DAVID RAFAEL', 'drnavarrom@udistrital.edu.co', 2),
(205, 'NAVARRO MEJIA WILMAN ENRIQUE', 'wnavarro@udistrital.edu.co', 2),
(206, 'NIVIA VARGAS ANGELICA MERCEDES', 'amniviav@udistrital.edu.co', 1),
(207, 'NOGUERA VEGA LUIS ANTONIO', 'lanoguerav@udistrital.edu.co', 2),
(208, 'NOVOA ROLDAN KRISTEL SOLANGE', 'ksnovoar@udistrital.edu.co', 1),
(209, 'NOVOA TORRES NORBERTO', 'nnovoat@udistrital.edu.co', 2),
(210, 'OJEDA MARULANDA DAVID', 'dojedam@udistrital.edu.co', 2),
(211, 'OLEA SUAREZ DORIS MARLENE', 'dmoleas@udistrital.edu.co', 1),
(212, 'ORDOÑEZ RODRIGUEZ PAOLA DOLORES', 'pdordonezr@udistrital.edu.co', 1),
(213, 'ORTIZ SUAREZ HELMUT EDGARDO', 'heortizs@udistrital.edu.co', 2),
(214, 'OSPINA USAQUEN MIGUEL ANGEL', 'maospinau@udistrital.edu.co', 2),
(215, 'PALMA VANEGAS NELLY PAOLA', 'nppalmav@udistrital.edu.co', 1),
(216, 'PANTOJA BENAVIDES JAIME FRANCISCO', 'jfpantojab@udistrital.edu.co', 2),
(217, 'PARDO AMAYA DIEGO ALEJANDRO', 'dpardoa@udistrital.edu.co', 2),
(218, 'PARDO HEREDIA ANGELA', 'apardoh@udistrital.edu.co', 1),
(219, 'PARRA PEÑA JAVIER', 'jparrap@udistrital.edu.co', 2),
(220, 'PASTRAN BELTRAN CARLOS GREGORIO', 'cgpastranb@udistrital.edu.co', 2),
(221, 'PASTRAN BELTRAN OSWALDO', 'opastranb@udistrital.edu.co', 2),
(222, 'PATERNINA DURAN JESUS MANUEL', 'jmpaterninad@udistrital.edu.co', 2),
(223, 'PATIÑO BERNAL MARLON', 'marlonpb@udistrital.edu.co', 2),
(224, 'PATIÑO SANCHEZ DANIEL FRANCISCO', 'dfpatinos@udistrital.edu.co', 2),
(225, 'PEDRAZA MARTINEZ LUIS FERNANDO', 'lfpedrazam@udistrital.edu.co', 2),
(226, 'PEÑA TRIANA JEAN YECID', 'jypenat@udistrital.edu.co', 2),
(227, 'PEÑA TRIANA ROSA MARGARITA', 'rmpenat@udistrital.edu.co', 1),
(228, 'PEREZ CARO HERMENT', 'hperezc@udistrital.edu.co', 2),
(229, 'PEREZ MEDINA ELISEO', 'eperezm@udistrital.edu.co', 2),
(230, 'PEREZ PEREZ PEDRO JAVIER', 'pjperezp@udistrital.edu.co', 2),
(231, 'PEREZ SANTOS ALEXANDRA SASHENKA', 'asperezs@udistrital.edu.co', 1),
(232, 'PEREZ TORRES YONATHAN ANDRES', 'yaperezt@udistrital.edu.co', 2),
(233, 'PINEDA JAIMES JORGE ARTURO', 'japinedaj@udistrital.edu.co', 2),
(234, 'PINILLA SUAREZ HECTOR ORLANDO', 'hopinillas@udistrital.edu.co', 2),
(235, 'PINTO CRUZ EDGAR ANTONIO', 'eapintoc@udistrital.edu.co', 2),
(236, 'PINZON LOPEZ HECTOR ALFONSO', 'hapinzonl@udistrital.edu.co', 2),
(237, 'PINZON NUÑEZ SONIA ALEXANDRA', 'spinzon@udistrital.edu.co', 1),
(238, 'PINZON RUEDA MARTHA EDITH', 'mepinzonr@udistrital.edu.co', 1),
(239, 'PINZON RUEDA WILSON ALEXANDER', 'wapinzon@udistrital.edu.co', 2),
(240, 'PORRAS BOADA RICARDO ENRIQUE', 'reporrasb@udistrital.edu.co', 2),
(241, 'PORRAS BOHADA JORGE EDUARDO', 'jeporrasb@udistrital.edu.co', 2),
(242, 'PUENTES JAIRO HERNANDO', 'jhpuentes@udistrital.edu.co', 2),
(243, 'QUINTERO REYES RODRIGO', 'rquinteror@udistrital.edu.co', 2),
(244, 'QUITIAN BUSTOS RUTH MERY', 'rmquitianb@udistrital.edu.co', 1),
(245, 'RAHIM GARZON GLADYS P. ABDEL', 'garahimg@udistrital.edu.co', 1),
(246, 'RAIRAN ANTOLINES JOSE DANILO', 'drairan@udistrital.edu.co', 2),
(247, 'RAMIREZ ACERO JULIO CESAR', 'jcramireza@udistrital.edu.co', 2),
(248, 'RAMIREZ ESCOBAR JORGE FEDERICO', 'jframirez@udistrital.edu.co', 2),
(249, 'RAMIREZ SANCHEZ GLORIA', 'gramirezs@udistrital.edu.co', 1),
(250, 'REYES MOZO JOSE VICENTE', 'jvreyesm@udistrital.edu.co', 2),
(251, 'RIAÑO PULIDO ANDRES JHOVANY', 'ajrianop@udistrital.edu.co', 2),
(252, 'RINCON GUALDRON JOHAN ALEXANDER', 'jarincong@udistrital.edu.co', 2),
(253, 'RIOS MONTOYA JENNY ALEXANDRA', 'jariosm@udistrital.edu.co', 1),
(254, 'RIVERA AGUILAR FREDY ALEXANDER', 'rariveraa@udistrital.edu.co', 2),
(255, 'RIVEROS GOMEZ VICTOR HUGO', 'vhriverosg@udistrital.edu.co', 2),
(256, 'ROCHA CASTELLANOS DAIRO', 'dgrochac@udistrital.edu.co', 2),
(257, 'ROCHA SALAMANCA MAURICIO FERNANDO', 'mfrochas@udistrital.edu.co', 2),
(258, 'RODRIGUEZ ARANGO EMILIANO', 'erodrigueza@udistrital.edu.co', 2),
(259, 'RODRIGUEZ BARRERA MARIO ALBERTO', 'marodriguezb@udistrital.edu.co', 2),
(260, 'RODRIGUEZ FLORIAN ROMAN LEONARDO', 'rlrodriguezf@udistrital.edu.co', 2),
(261, 'RODRIGUEZ GUERRERO ROCIO', 'rrodriguezg@udistrital.edu.co', 2),
(262, 'RODRIGUEZ LEON NAYIVER', 'narodriguezl@udistrital.edu.co', 1),
(263, 'RODRIGUEZ MONDRAGON LUIS FERNANDO', 'luferodriguezm@udistrital.edu.co', 2),
(264, 'RODRIGUEZ MONTANA FERY PATRICIA', 'fprodriguezm@udistrital.edu.co', 1),
(265, 'RODRIGUEZ MONTAÑA NELSON EDUARDO', 'nerodriguezm@udistrital.edu.co', 2),
(266, 'RODRIGUEZ QUINTERO JAVIER GIOVANNY', 'jgrodriguezq@udistrital.edu.co', 2),
(267, 'RODRIGUEZ RINCON BRAHIAN FABIANS', 'bfrodriguezr@udistrital.edu.co', 2),
(268, 'RODRIGUEZ RODRIGUEZ JORGE ENRIQUE', 'jerodriguezr@udistrital.edu.co', 2),
(269, 'RODRIGUEZ TEQUI YUDY MARCELA', 'ymrodriguezt@udistrital.edu.co', 1),
(270, 'ROJAS CASTELLAR LUIS ALEJANDRO', 'larojasc@udistrital.edu.co', 2),
(271, 'ROJAS OBANDO LUIS CARLOS', 'lucrojaso@udistrital.edu.co', 2),
(272, 'ROJAS QUIROGA ANIBAL NICOLAS', 'narojasq@udistrital.edu.co', 2),
(273, 'ROMAN CASTILLO RUTH ESPERANZA', 'rroman@udistrital.edu.co', 2),
(274, 'ROMERO ARIZA CARLOS ANDRES', 'caaromeroa@udistrital.edu.co', 2),
(275, 'ROMERO DUQUE GUSTAVO ANDRES', 'garomerod@udistrital.edu.co', 2),
(276, 'ROMERO GARCIA MARILUZ', 'mromerog@udistrital.edu.co', 1),
(277, 'ROMERO MESTRE HENRY ALFONSO', 'haromerom@udistrital.edu.co', 2),
(278, 'ROMERO RODRIGUEZ JORGE ENRIQUE', 'joeromeror@udistrital.edu.co', 2),
(279, 'ROMERO SUAREZ WILSON LEONARDO', 'wlromeros@udistrital.edu.co', 2),
(280, 'RUA YANEZ LAURA MARCELA', 'lmruay@udistrital.edu.co', 1),
(281, 'RUBIANO CRUZ JONATHAN JAIR', 'jjrubianoc@udistrital.edu.co', 2),
(282, 'RUIZ CAICEDO JAIRO ALFONSO', 'jruiz@udistrital.edu.co', 2),
(283, 'RUSINQUE PADILLA ALEJANDRA MARITZA', 'amrusinquep@udistrital.edu.co', 1),
(284, 'SABY BELTRAN JORGE ENRIQUE', 'jesabyb@udistrital.edu.co', 2),
(285, 'SALAS RUIZ ROBERTO EMILIO', 'resalasr@udistrital.edu.co', 2),
(286, 'SALAZAR GUALDRON JUAN CARLOS', 'jcsalazarg@udistrital.edu.co', 2),
(287, 'SALGADO DURAN OLGA PATRICIA', 'opsalgadod@udistrital.edu.co', 1),
(288, 'SANABRIA VERGARA YOANNY', 'ysanabriav@udistrital.edu.co', 2),
(289, 'SANCHEZ COTTE EDGAR HUMBERTO', 'gi-viasypavimentos@udistrital.edu.co', 2),
(290, 'SANCHEZ GONZALEZ DIEGO', 'dsanchezg@udistrital.edu.co', 2),
(291, 'SEGURA BOLIVAR JOHN ALEXANDER', 'jasegurab@udistrital.edu.co', 2),
(292, 'SERNA DIAZ JOSE LEONARDO', 'jlsernad@udistrital.edu.co', 2),
(293, 'SICACHA ROJAS GERMAN', 'gsicachar@udistrital.edu.co', 2),
(294, 'SOLER CUBIDES FREIL EDUARDO', 'fesolerc@udistrital.edu.co', 2),
(295, 'SUAREZ DIAZ LUIS FRANCISCO', 'lfsuarezd@udistrital.edu.co', 2),
(296, 'SUAREZ SERRANO MONICA YINETTE', 'mysuarezs@udistrital.edu.co', 1),
(297, 'TELLO CASTAÑEDA MARTHA LUCIA', 'mtelloc@udistrital.edu.co', 1),
(298, 'TENORIO BAUTISTA JULIETH ALEXANDRA', 'jatenoriob@udistrital.edu.co', 1),
(299, 'TERREROS CANTOR LUIS ORLANDO', 'loterrerosc@udistrital.edu.co', 2),
(300, 'TOLEDO BALLEN ALFONSO', 'atoledob@udistrital.edu.co', 2),
(301, 'TORRES RIVEROS ALVARO ROGELIO', 'artorresr@udistrital.edu.co', 2),
(302, 'TORRES SUAREZ SERGIO ANDRES', 'satorress@udistrital.edu.co', 2),
(303, 'UBAQUE BRITO KAROL YOBANI', 'kyubaqueb@udistrital.edu.co', 2),
(304, 'ULLOA RODRIGUEZ MANUEL ALFREDO', 'maulloar@udistrital.edu.co', 2),
(305, 'URIBE BECERRA JOSE ERNESTO', 'euribeb@udistrital.edu.co', 2),
(306, 'URIBE SUAREZ GERMAN', 'guribes@udistrital.edu.co', 2),
(307, 'URREGO RIVILLAS LIBIA SUSANA', 'lsurregor@udistrital.edu.co', 1),
(308, 'VACCA GONZALEZ HAROLD', 'hvacca@udistrital.edu.co', 2),
(309, 'VANEGAS CARLOS ALBERTO', 'cavanegas@udistrital.edu.co', 2),
(310, 'VANEGAS PARRA HENRY SAMIR', 'hsvanegasp@udistrital.edu.co', 2),
(311, 'VARGAS HERNANDEZ NAZLY', 'nvargash@udistrital.edu.co', 1),
(312, 'VARGAS MADRID JUAN RAMON', 'jrvargas@udistrital.edu.co', 2),
(313, 'VARGAS SANCHEZ NELSON ARMANDO', 'navargass@udistrital.edu.co', 2),
(314, 'VASQUEZ ARRIETA TOMAS ANTONIO', 'tavasquez@udistrital.edu.co', 2),
(315, 'VELANDIA RODRIGUEZ CARLOS HERBERTY', 'chvelandiar@udistrital.edu.co', 2),
(316, 'VELASCO PEÑA MARCO ANTONIO', 'mavelascop@udistrital.edu.co', 2),
(317, 'VELASQUEZ MOYA XIMENA AUDREY', 'xavelasquezm@udistrital.edu.co', 1),
(318, 'VILLALOBOS MEDINA JUAN DE JESUS', 'jdvillalobosm@udistrital.edu.co', 2),
(319, 'VILLARRAGA RIAÑO ANDRES FELIPE', 'afvillarragar@udistrital.edu.co', 2),
(320, 'VILLOTA POSSO HERNANDO ANTONIO', 'havillotap@udistrital.edu.co', 2),
(321, 'WANUMEN SILVA LUIS FELIPE', 'lwanumen@udistrital.edu.co', 2),
(322, 'WILCHES CAÑON CARLOS FERNANDO', 'cfwilchesc@udistrital.edu.co', 2),
(323, 'ZABALA ALVAREZ JOHN FREDY', 'jfzabalaa@udistrital.edu.co', 2),
(324, 'ZAMBRANO BERRIO REYNALDO', 'rzambranob@udistrital.edu.co', 2),
(325, 'ZAMBRANO CASTRO MARTIN GERMAN', 'mgzambranoc@udistrital.edu.co', 2),
(326, 'ZAMBRANO CAVIEDES JUAN NEPOMUCENO', 'jzambranoc@udistrital.edu.co', 2),
(327, 'ZAMBRANO URBANO HAROLD LEON', 'hlzambranou@udistrital.edu.co', 2),
(328, 'ZAMUDIO HUERTAS EDUARDO', 'ezamudioh@udistrital.edu.co', 2),
(329, 'ZULUAGA ATEHORTUA IVAN DARIO', 'dzulu@udistrital.edu.co', 2);

-- --------------------------------------------------------

--
-- Table structure for table `Programa`
--

CREATE TABLE `Programa` (
  `idPrograma` int(11) NOT NULL,
  `nombre` varchar(100) COLLATE utf8_unicode_ci NOT NULL,
  `facultad_idFacultad` int(11) NOT NULL
) ENGINE=InnoDB DEFAULT CHARSET=utf8 COLLATE=utf8_unicode_ci TABLESPACE `itiud_referencialos_ud`;

--
-- Dumping data for table `Programa`
--

INSERT INTO `Programa` (`idPrograma`, `nombre`, `facultad_idFacultad`) VALUES
(1, 'Arte Danzario', 1),
(2, 'Artes Escénicas', 1),
(3, 'Artes Musicales', 1),
(4, 'Artes Plásticas y Visuales', 1),
(5, 'Biología', 2),
(6, 'Física', 2),
(7, 'Matemáticas', 2),
(8, 'Química', 2),
(9, 'Archivística y Gestión de la Información Digital', 3),
(10, 'Comunicación Social y Periodismo', 3),
(11, 'Licenciatura en Biología', 3),
(12, 'Licenciatura en Ciencias Sociales', 3),
(13, 'Licenciatura en Educación Artística', 3),
(14, 'Licenciatura en Educación Infantil', 3),
(15, 'Licenciatura en Física', 3),
(16, 'Licenciatura en Humanidades y Lengua Castellana', 3),
(17, 'Licenciatura en Lenguas Extranjeras con Énfasis en Inglés', 3),
(18, 'Licenciatura en Matemáticas', 3),
(19, 'Licenciatura en Química', 3),
(20, 'Ingeniería Catastral y Geodesia', 4),
(21, 'Ingeniería de Sistemas', 4),
(22, 'Ingeniería Eléctrica', 4),
(23, 'Ingeniería Electrónica', 4),
(24, 'Ingeniería Industrial', 4),
(25, 'Administración Ambiental', 5),
(26, 'Administración Deportiva', 5),
(27, 'Ingeniería Ambiental', 5),
(28, 'Ingeniería Forestal', 5),
(29, 'Ingeniería Sanitaria', 5),
(30, 'Ingenieria Topografica', 5),
(31, 'Tecnología en Gestión Ambiental y Servicios Públicos', 5),
(32, 'Tecnología en Levantamientos Topográficos', 5),
(33, 'Tecnología en Saneamiento Ambiental', 5),
(34, 'Ingeniería Civil (por ciclos propedéuticos)', 6),
(35, 'Ingeniería de Producción (Por ciclos propedéuticos)', 6),
(36, 'Ingeniería Eléctrica (Por ciclos propedéuticos)', 6),
(37, 'Ingeniería en Control y Automatización (por ciclos propedéuticos)', 6),
(38, 'Ingeniería en Telecomunicaciones (por ciclos propedéuticos)', 6),
(39, 'Ingeniería en Telemática (por ciclos propedéuticos)', 6),
(40, 'Ingeniería Mecánica (por ciclos propedéuticos)', 6),
(41, 'Tecnología en Construcciones Civiles (Por ciclos propedéuticos)', 6),
(42, 'Tecnología en Electricidad de Media y Baja Tensión (por ciclos propedéuticos)', 6),
(43, 'Tecnología en Electrónica (Por ciclos propedéuticos)', 6),
(44, 'Tecnología en Electrónica Industrial (Por ciclos propedéuticos)', 6),
(45, 'Tecnología en Gestión de la Producción Industrial (Por ciclos propedéuticos)', 6),
(46, 'Tecnología en Mecánica Industrial (Por ciclos propedéuticos)', 6),
(47, 'Tecnología en Sistematización de Datos (Por ciclos propedéuticos)', 6);

-- --------------------------------------------------------

--
-- Table structure for table `RangoDeNota`
--

CREATE TABLE `RangoDeNota` (
  `idRangoDeNota` int(11) NOT NULL,
  `valor` varchar(45) COLLATE utf8_unicode_ci DEFAULT NULL
) ENGINE=InnoDB DEFAULT CHARSET=utf8 COLLATE=utf8_unicode_ci TABLESPACE `itiud_referencialos_ud`;

--
-- Dumping data for table `RangoDeNota`
--

INSERT INTO `RangoDeNota` (`idRangoDeNota`, `valor`) VALUES
(1, '50'),
(2, 'Entre 40 y 49'),
(3, 'Entre 30 y 39'),
(4, 'Entre 20 y 29'),
(5, 'Menor a 20');

-- --------------------------------------------------------

--
-- Table structure for table `Referencia`
--

CREATE TABLE `Referencia` (
  `idReferencia` int(11) NOT NULL,
  `comentario` text COLLATE utf8_unicode_ci NOT NULL,
  `pros` text COLLATE utf8_unicode_ci,
  `contras` text COLLATE utf8_unicode_ci,
  `periodo` varchar(45) COLLATE utf8_unicode_ci NOT NULL,
  `fecha` date NOT NULL,
  `estado` tinyint(4) NOT NULL,
  `profesor_idProfesor` int(11) NOT NULL,
  `curso_idCurso` int(11) NOT NULL,
  `estudiante_idEstudiante` int(11) NOT NULL,
  `programa_idPrograma` int(11) NOT NULL,
  `rangoDeNota_idRangoDeNota` int(11) NOT NULL
) ENGINE=InnoDB DEFAULT CHARSET=utf8 COLLATE=utf8_unicode_ci TABLESPACE `itiud_referencialos_ud`;

--
-- Dumping data for table `Referencia`
--

INSERT INTO `Referencia` (`idReferencia`, `comentario`, `pros`, `contras`, `periodo`, `fecha`, `estado`, `profesor_idProfesor`, `curso_idCurso`, `estudiante_idEstudiante`, `programa_idPrograma`, `rangoDeNota_idRangoDeNota`) VALUES
(1, '<p>El profesor desde el primer dia de clase argumenta y da a entender que hay mejores profesores que el, y que perfectamente los estudiantes pueden buscar ayuda mediante aplicativos como lo son YouTube, algo que recalca en cada encuentro. Al mismo tiempo, sus clases son monotonas, puesto que da una explicacion mediante diapositivas, la cual normalmente dura entre 40-60 minutos y deja un ejerciocio para resolver en clase, que realmente es copiar y pegar lo que el tiene en las diapositivas y mirar si compila el programa, lo que normalmente no pasa, por ende concidero que con este profesor no se obtienen los conocimientos necesarios para tener una formacion adecuada dentro de la profesion.</p>', '<p>Si estas segundeando o tercereando la materia y cuentas con los conocimientos totales del curso, pasar la materia con este profesor es muy sencillo.</p><p>Es sencillo recuperar una nota perdida.</p>', '<p>Al no aprender dentro de la clase, se tiene que buscar la manera de hacerlo mediante videos o explicaciones de compañeros que ven esta materia con otros profesores.</p><p><br></p>', '2023-3', '2024-05-13', 1, 27, 645, 2, 47, 2),
(2, '<p>Tiene una metodologia muy bien estructurada y organizada, siempre busca que los estudiantes se apropien de los temas, analicen y desarrollen argumentos criticos. Los parciales son en hojas examen y se realiza un texto de tipo argumentativo de acuerdo al que se haya visto durante el corte. Realiza multiples actividades que exploren el pensamiento investigativo y critico de los estudiantes; actividades como debates en equipos.</p>', '<ul><li>No deja casi tareas, todo se realiza en clase las actividades son en grupo y minimo de a parejas. </li><li>Esta dispuesta a acuerdos.<br></li></ul>', '', '2023-3', '2024-05-11', 1, 33, 1506, 1, 47, 2),
(3, '<p>Tiene una metodologia organizada y completa, desarrolla muy bien los temas de la asignatura, se toma su tiempo para que sus estudiantes comprensan los temas, es una muy buena persona que reconoce el esfuerzo de sus estudiantes y los comprende.</p>', '<ul><li>Deja ejemplos de ejercicios que saldran en el parcial.</li><li>Siempre manda un parcial de repaso y son parciales que el aplicó anteriormente.</li><li>Los porcentajes de las notas estan dados para que si se pierde es porque no hizo nada en todo el corte.</li><li>Si hay dudas las reponde en el menor tiempo posible (dudas enviadas al correo).</li><li>Se aprende bastante en sus clases.</li><li>Siempre busca hacer sentir bien a sus estudiantes en las clases.</li><li>Da muchas oportunidades para sacar buenas notas</li></ul>', '', '2023-1', '2024-05-11', 1, 52, 32, 1, 47, 2),
(4, '<p>Tiene una metodologia organizada y completa, es flexible con sus estudiantes, demuestra gran dominio del tema y los conceptos los desarrolla muy bien, se abstraen con facilidad, pero los explica de corrido entonces puede ser un poco agotadora la clase.<br></p>', '<ul><li>Los parciales los hace en parejas o permite a sus estudiantes que escojan la metodologia del parcial.</li></ul>', '<ul><li>Usa muchas diapositivas y es dificil acceder a ese material<br></li></ul>', '2023-3', '2024-05-11', 1, 24, 16, 1, 47, 2),
(5, 'Tiene una metodologia incompleta, esta basado en diapositivas y la clase en su mayoria es teorica. No hace ejercicios de ejemplo en clase, solo deja talleres.', '<ul><li>Da puntos por asistir a tutorias.</li></ul>', '<ul><li>Los parciales no estan al nivel de lo que él le otorga a sus estudiantes durante las clases.</li><li>No hace retroalimentacion.</li></ul>', '2023-3', '2024-05-12', 1, 48, 698, 1, 47, 2),
(6, 'La metodologia de la clase es buena, los temas se desarrollan muy bien, se entienden y se aplican con facilidad, se lee muchisimo pero así mismo el profesor permite que cada estudiante escoja el texto que desee para desarrollar la clase, permite que el estudiante desarrolle de manera libre su pensamiento critico. Los parciales son un texto argumentativo de maximo dos hojas y se hacen en word.', '', '<ul><li>Se aprende lo basico</li></ul>', '2023-1', '2024-05-12', 1, 314, 1505, 1, 47, 2),
(7, 'Tiene una buena metodologia, desarrolla muy bien los temas, se entienden con facilidad. Asigna los suficientes ejercicios para comprender y aplicar los temas vistos en clase, pero no es claro con lo que realmente va a evaluar en los ejercicios, ademas le disgusta que se le hagan pregustas a cerca de dudas que se tengan&nbsp; de las asignaciones o durante la clase sobre el tema que se está viendo; cuando se molesta tiende a ser grosero con sus estudiantes. Los parciales son en hojas examen.', '<ul><li>Explica muy bien</li></ul>', '<ul><li>Enseña en lenguaje C++</li></ul>', '2023-3', '2024-05-12', 1, 103, 1524, 1, 47, 2),
(8, 'Tiene una metodologia bien estructurada, consistente al curso, y al ritmo de la clase. Explica muy bien los temas, se enfoca en que los estudiantes fortalezacan, su nivel de abstracción de los ejercicios que se desarrollan y de la apropiación de los conceptos vistos en clase. Los ejercicios son los adecuados para el nivel del curso, realmente se desarrolla lógica de programación.', '<ul><li>Se aprende muchisimo en cada clase.</li><li>Desarrollas videojuegos.</li></ul>', '<ul><li>Es importante para él que sus estudiantes tengan el nivel que él espera que hayan desarrollado en el curso anterior.</li></ul><p><br></p>', '2024-1', '2024-05-12', 1, 97, 1524, 1, 47, 3),
(9, '<p>La dinamica de la clase es muy atractiva, esta basada en la practica por ende es mucho mas facil dominar los temas de la clase. Los ejercicios generan un gran analisis por parte de los estudiantes. Los parciales son conplicados para quien no asistió a clase. EL profesor es exigente ya que busca que los estudiantes se apropien de los temas, pero no es cuchilla. El profesor genera un ambiente bastante a gusto en la clase, genera motivación por la clase.</p>', '<ul><li>Hace competencias donde usamos lenguaje SQL.</li><li>Hace muchos ejercicios en los que podemos participar todos, dando ideas.</li><li>Desarrollamos un proyecto entre todos, el cual es el caso de estudio para el semestre.</li></ul>', '', '2024-1', '2024-05-13', 1, 97, 151, 1, 47, 2),
(10, '<p>El profesor demuestra actitudes de liderazgo y enseñanza, puesto que en cada clase que se tiene con el, se evidencian las ganas que tiene de enseñar, lo cual genera gran motivacion en los estudiantes para que quieran aprender de la mejor manera, siempre hace actividades competitivas y brinda metodos de aprendizaje concretos y efectivos, nunca entra indispuesto a clase y siempre se muestra amblemente hacia los estudiantes a la hora de resolver dudas y comprende situaciones personales que le puedan ocurrir a los estudiantes.</p>', '<p>- Se acopla a los temas que son necesarios para comprender el curso de la mejor manera y sus actividades, quices y parciales van de acuerdo a lo que se vio durante el transcurso del semestre.</p><p>- Nunca se niega a explicar hasta 3 veces lo que aun no esta claro.</p><p>- Tiene dominio frente a la materia.</p><p>- Sus clases nunca son monotonas y siempre hay participacion constante.</p>', '', '2023-3', '2024-05-14', 1, 271, 190, 2, 47, 2),
(11, '<p>Es una excelente profesional, desde el primer dia de clases dictamina los criterios con los que seran evaluados cada uno de los trabajos en clase, en cada clase se esfuerza por que los estudiantes aprendan de la mejor manera incluyendo varios niveles de dificultad en los temas dictaminados. Su manera de evaluar es un poco estricta, pues hay que tener todo lo mas perfecto posible, lo que a largo plazo se puede convertir en una ventaja frente a los demas estudiantes que no cuentan con la misma exigencia en la entrega de trabajos.</p>', '<p>- Cumple cada una de sus clases y cuando por motivos externos no puede asistir anuncia con dias de anticipacion.</p><p>- Se detiene en los temas cuando los estudiantes tienen dudas y se toma el tiempo de dejar claro cada punto del curso.</p>', '<p>- Es dificil pasarle por la forma en la que evalua, pero se le aprende cada explicacion.</p>', '2024-1', '2024-05-14', 1, 215, 191, 2, 47, 3),
(12, 'En mi opinión es una docente bastante buena, explica muy bien cada tema de las clases y tiene un sistema de calificación donde pasar la materia es fácil siempre y cuando se cumpla con los criterios que ella da.', 'Considero que la docente tiene buena pedagogía, las clases son bastante dinámicas, se demuestra que tiene manejo en todos los temas abordados en las sesiones.', '<p>No considero que la docente tenga algún contra.</p>', '2023-3', '2024-05-15', 1, 33, 1506, 4, 47, 2),
(13, '<p>El profesor presenta buenos conceptos teóricos, sin embargo, es muy estricto y serio, no se va a molestar en aclarar dudas en el código. \"Si entendió bien y si no también\", así lo resumiría.&nbsp;</p>', '<p>El curso finaliza con todos los conceptos de POO muy claros</p>', '<p>Parciales en hojas</p><p>No aclara siempre las dudas</p><p>Seco y poco empático</p>', '2023-3', '2024-05-18', 1, 103, 1524, 5, 47, 3),
(14, '<p>Si no se le dedica mucho estudio, no se puede pasar con él. Aveces no logra resolver los problemas lo que denota poca preparación o quizás desconocimiento. Resuelve dudas y es imparcial en el trato a los estudiantes</p>', '', '<p>Talleres difíciles</p>', '2023-1', '2024-05-18', 1, 226, 32, 5, 47, 3),
(15, '<p>Es un profesor muy bueno, dicta muy bien y es muy justo con todos los estudiantes. Se necesita de buena dedicación pero se sale muy preparado.</p>', '<p>Talleres solubles&nbsp;</p><p>Deja sacar calculadora</p><p>Resuelve dudas muy bien y saca el tiempo de extra clase para ello</p>', '', '2023-1', '2024-05-18', 1, 228, 190, 5, 47, 2),
(16, '<p>Es sencillo y reflexivo. La clase es explicada a través de contextos sociales y trata de que sea tipo conversatorio</p>', '<p>Si asiste a las clases prácticamente pasa con 4 y si le mete un poco más se pasa con 5</p>', '<p>Aveces puede ser muy aburrido</p>', '2023-3', '2024-05-19', 1, 19, 219, 5, 47, 1),
(17, '<p>Es un profesor muy amable y querido, está en constante conmunicación con los estudiantes buscando que todos participen y tengan los conceptos claros, es posible negociar con él siempre y cuando se participe en clase.</p><p>Su metodología es clásica con diapositivas y explicaciones, pero hay poca práctica de los temas vistos. Esta siempre en dispocisión de escuchar y dialogar de manera amena con el estudiante.</p><p>Desde el primer corte se hacen grupos y el resto del semestre se trabajan los proyectos con el grupo definido.</p>', '<p>El profesor es muy amable y querido</p><p>Los exámenes del curso no son execevamente complejos</p><p>El profesor está presto a negociar</p><p>se puede sacar el curso con buena nota si se trabaja bien en proyectos</p><p>Trabajo en grupo constante</p><p>Temas tratados en leguaje sencillo</p><p><br></p>', '<p>Curso muy teórico poca práctica</p><p>Hay que saber con precisión y total claridad que es lo que desea para cada proyecto que plantee, por que es exigente en ese sentido.</p><p>Explicaciones suelen ser confusas, hay que estar preguntando constantemente.</p><p>Su metodología es clásica tendiendo a aburrir un poco</p><p>Las clases pueden tener un ritmo un poco lento</p>', '2020-3', '2024-05-22', 1, 150, 1703, 3, 39, 2),
(18, '<p>Me atrevería a decir que es uno de los mejores profesores de la carrera, es alguien que siempre ha demostrado que su interés completo está en compartir sus conocimientos con la mayor cantidad de personas con las que le sea posible, él no ve su puesto como un trabajo sino como una vocación y eso habla muy bien de él como docente. Además, es&nbsp;<span style=\"font-size: 1rem;\">una persona bastante amable y que siempre está motivando a todos sus estudiantes para que den lo mejor de sí mismo.</span></p>', '<p>Es un profesor que realmente es bastante conocedor de los temas que dicta en las clases, me gusta bastante que él dicta además de los temas de la misma materia, dicta otros relacionados a la siguiente materia a ver según el plan de estudios, esto realmente sirve para llegar con un mínimo conocimiento a esa siguiente materia.&nbsp;</p>', '<p>En su momento tuvimos unos inconvenientes por la cantidad de notas que sacaba y por el parcial del primer corte. En ese momento solo sacaba dos notas por corte que eran proyecto y parcial, entonces era complicado llevar bien la materia sino se iba bien en ambas cosas. El otro inconveniente fue con el primer parcial porque se aplicó un tema que apenas habiamos iniciado y no habíamos prácticado.&nbsp;</p>', '2023-3', '2024-05-23', 1, 97, 1524, 4, 47, 3),
(19, '<p>Las clases son mu estáticas y llenas de contenido social-histórico. Le gusta hablar sobre los temas pero es muy serio y estricto. Suele hacer exámenes y luego para él 30% saca la nota más alta de los dos exámenes.<br></p>', '<p>Poco trabajo y se pasa muy fácil si se va a clase.<br></p>', '', '2023-1', '2024-05-24', 1, 163, 220, 5, 47, 1),
(20, '<p>Es estricta con la clase y no le gusta el desorden. Se pasa fácil con dedicación y buena lectura de todo lo que ella pone a realizar.<br></p>', '', '<p>Demasiada gramática y estudio. Baja por errores de dichos tipos.<br></p>', '2023-1', '2024-05-24', 1, 86, 1505, 5, 47, 2),
(21, '<p>Buena profesora. Enseña bien y es muy amable.<br></p>', '<p>Buena enseñanza, amabilidad.<br></p>', '<p>Es dura con la calificación de programas<br></p>', '2023-1', '2024-05-24', 1, 261, 1006, 5, 47, 3),
(22, '<p>Domina el tema pero aveces se enreda mucho. Es buena gente y relajado con la materia. Saca dos parciales y un proyecto en Prolog para el 30%<br></p>', '<p>Es relajado, buena gente.<br></p>', '<p>No hay suficiente material para estudiar. Trabaja la clase con un libro \"suyo\" que es imposible de conseguir tanto en físico como en digital<br></p>', '2023-1', '2024-05-24', 1, 27, 1128, 5, 47, 2),
(23, '<p>Excelente profesor, te pone a reflexionar y a sentirte participe de la universidad. Los trabajos son muy interesantes, es amable y muy buen pedagogo<br></p>', 'Relajado, amable, cordial, domina el tema, es justo con las notas y tiene en cuenta la participación de los estudiantes<br>', '', '2023-1', '2024-05-24', 1, 46, 222, 5, 47, 1),
(24, 'Buen profesor, muy político y social. Enseña bien pero es muy exigente con todo. Los laboratorios son muy densos en el volumen y la exigencia con la que se califica<br>', '<p>Amable y buen pedagogo<br></p>', '<p>Laboratorios complejos<br>Examenes duros<br>Muchas diapositivas para abordar temas<br></p>', '2023-3', '2024-05-24', 1, 48, 700, 5, 47, 2),
(25, '<p>Excelente profesora, enseña muy bien y hace que las personas se involucren con la materia.<br></p>', '', '<p>Es exigente con los ensayos. Si la persona no tiene buenas habilidades de escritura se le va a dificultar mucho</p><p><br></p>', '2023-3', '2024-05-24', 1, 33, 1506, 5, 47, 2),
(26, 'Profesor neutral, abarca muchisimo tema y todo es con diapositivas, por lo que es muy aburrido pero toca poner atención porque los parciales son de todas esas diapositivas<br>', '', '<p>Muchisimas diapositivas para todos los temas<br></p>', '2023-3', '2024-05-24', 1, 24, 16, 5, 47, 2),
(27, '<p>Excelente profesor, es exigente pero se aprende demasiado. Muy buen pedagogo y se entienden mucho todos los temas<br></p>', '<p>Sales bien preparado para proximos cursos<br>Es muy amable y fanático del café<br></p>', '<p>Siempre las clases son a las 6AM, SIEMPRE... Todos los cursos siempre ha sido así<br></p>', '2023-3', '2024-05-24', 1, 313, 645, 5, 47, 2),
(28, '<p>Es exigente y de la vieja escuela (en serio, de la vieja escuela). La materia aburre mucho y toca poner mucho cuidado<br></p>', '', '<p>Metodología aburrida<br></p>', '2024-1', '2024-05-24', 1, 161, 306, 5, 47, 2),
(29, '<p>Profesora amable y exigente a la vez. Toca complementar mucho los conocimientos de manera autodidacta. Exigente en su manera de calificar<br></p>', '', '<p>Muchas diapositivas<br>El proyecto final y los informes quitan mucho tiempo<br>Nadie nunca ha sacado un 5.0 en un informe de ella<br></p>', '2024-1', '2024-05-24', 1, 317, 703, 5, 47, 2),
(30, '<p>Buen profesor, amable y exigente a la vez<br></p>', '<p>No toma asistencia, así que si el estudiante lo desea, no va a clase pero tiene que venir a presentar los parciales<br></p>', '<p>Habla las 2 horas de clase sin parar y eso es aburrido. <br></p>', '2024-1', '2024-05-24', 1, 75, 235, 5, 47, 2),
(31, '<p>Buen profesor, es claro con los temas y los explica muy bien. Se salen con buenas bases y es exigente pero con trabajos completamente solubles. La clase se aprovecha demasiado porque no permite el desorden o que la gente se disperse hablando. Es el mejor profesor para ver la materia si se quiere salir bien preparado pero con trabajo duro y dedicación al 100%<br></p>', '<p>Da empanadas a los estudiantes cuando realiza compentencias para probar las competencias que han desarrollado sus estudiantes</p><p>Dicta muy bien la clase y uno no se aburre para nada<br></p>', '<br>', '2024-1', '2024-05-24', 1, 97, 151, 5, 47, 2),
(32, '<p data-sider-select-id=\"31824f39-f61d-4469-b5a2-ae6a1e7d1af1\"><span id=\"docs-internal-guid-a01e0967-7fff-3ad9-a6b6-8fa269d734a6\"><span style=\"font-size: 12pt; font-family: Roboto, sans-serif; font-variant-numeric: normal; font-variant-east-asian: normal; font-variant-alternates: normal; font-variant-position: normal; vertical-align: baseline; white-space-collapse: preserve;\">Es muy buen profesor y cuenta con las ganas de querer dictar sus clases; dentro de cada una de ellas siempre se esfuerza porque los estudiantes puedan aprender y comprender cada aspecto del paradigma de la orientación a objetos, dando herramientas factibles e importantes para ser un buen profesional como el uso de JAVA y de GitKraken; al mismo tiempo, se sale un poco de los parámetros establecidos por la Universidad y dicta temas que van por fuera de lo que se exige en el pensum. Por último, ha mejorado su forma de dictar las clases, dando más participación a los estudiantes.</span></span><br></p>', '<p dir=\"ltr\" style=\"line-height:1.295;margin-top:0pt;margin-bottom:12pt;\"><span style=\"font-size:12pt;font-family:Roboto,sans-serif;color:#000000;background-color:transparent;font-weight:400;font-style:normal;font-variant:normal;text-decoration:none;vertical-align:baseline;white-space:pre;white-space:pre-wrap;\">- Va más allá de lo que en un curso tradicional de POO se ve.</span></p><p dir=\"ltr\" style=\"line-height:1.295;margin-top:0pt;margin-bottom:12pt;\"><span style=\"font-size:12pt;font-family:Roboto,sans-serif;color:#000000;background-color:transparent;font-weight:400;font-style:normal;font-variant:normal;text-decoration:none;vertical-align:baseline;white-space:pre;white-space:pre-wrap;\">- Es cumplido con cada una de sus clases, y en caso de no asistir, avisa con anticipación.</span></p><p dir=\"ltr\" style=\"line-height:1.295;margin-top:0pt;margin-bottom:12pt;\"><span style=\"font-size:12pt;font-family:Roboto,sans-serif;color:#000000;background-color:transparent;font-weight:400;font-style:normal;font-variant:normal;text-decoration:none;vertical-align:baseline;white-space:pre;white-space:pre-wrap;\">- Hace salidas académicas para los estudiantes.</span></p><p data-sider-select-id=\"eebfc11b-2c42-40b2-a668-b4e3b2d8b811\"><span id=\"docs-internal-guid-36f36f5c-7fff-88ca-b8bd-1581b9eb19cb\"></span></p><p dir=\"ltr\" style=\"line-height:1.295;margin-top:0pt;margin-bottom:12pt;\"><span style=\"font-size:12pt;font-family:Roboto,sans-serif;color:#000000;background-color:transparent;font-weight:400;font-style:normal;font-variant:normal;text-decoration:none;vertical-align:baseline;white-space:pre;white-space:pre-wrap;\">- Es un gran profesional.</span></p>', '<p data-sider-select-id=\"5ad9472e-75a7-415f-94ac-3698351c8f14\">- Se puede llegar a exasperar cuando hay algo que no sale bien.</p><p data-sider-select-id=\"5ad9472e-75a7-415f-94ac-3698351c8f14\"><br></p>', '2024-1', '2024-05-24', 1, 97, 1524, 2, 47, 3),
(33, '<p>Es una docente bastante amable, exige lo básico al momento de dictar las clases o de realizar las actividades, en lo que recuerdo para los exámenes que realiza son respecto a lecturas en su mayoría cortas que deja con al menos una semana de anticipación. Con ella es fácil aprender y pasar si realiza todas las actividades que pide.</p>', 'Es muy buena docente, considero que tiene muy buena pedagogía, pues demuestra tener dominio sobre los temas, sus clases son dinámicas lo que ayuda a un mejor aprendizaje, es bastante respetuosa con sus estudiantes y sus formas de evaluar son justas.', '', '2023-1', '2024-06-08', 1, 86, 276, 4, 47, 2),
(34, '<p>El profesor usa diapositivas viejas para explicar los temas, y estas tienen varios errores los cuales tienen que ser aclarados por él en la clase, cabe aclarar que estaba realizando la transición a diapositivas actualizadas y corregidas, es un profesor que tienen una metodología similar en la mayoría de sus materias y la sensación en la misma; \"él profesor sabe mucho, es muy bueno explicando pero así mismo le exige a sus estudiantes\", muy pasable con esfuerzo y muy recomendable</p>', '', '', '2024-1', '2024-06-09', 1, 254, 1448, 7, 44, 2),
(35, 'Es un profesor que vela por los estudiantes y usa metodologías totalmente distintas, pese a que te asegura una muy buena nota al empezar el curso, el aprendizaje es dificultoso, es muy amable y trata de ser amigo de los estudiantes, para poder aprender con él hay que quitarle el miedo o la pena de preguntar, sus explicaciones suelen ser extrañas ya que son visionadas de una forma muy distinta pero en general si te gusta el tema es un gran profesor para resolver dudas, su estado de salud muchas veces no le permite asistir a clase.', '', '', '2024-1', '2024-06-09', 1, 248, 1669, 7, 44, 1),
(36, '<p>El profesor es muy versátil pero muy relajado, su materia se basa en talleres y leer diapositivas lo que suele aburrir al curso, si se tienen las ganas se puede aprender bastante pero normalmente sus clases son tediosas incluso durando al rededor de una hora</p>', '', '', '2024-1', '2024-06-09', 1, 107, 16, 7, 44, 2),
(37, '<p>Harold Vacca es uno de los mejores profesores en temas de la matemática que la Facultad tiene actualmente, su método de enseñanza es complejo pero bastante divertido, sus método de calificación es muy versátil, aunque se dejen talleres larguísimos y difíciles, el tiempo para realizarlos es más que justo.</p>', '', '', '2024-1', '2024-06-09', 1, 308, 1166, 7, 44, 2);

-- --------------------------------------------------------

--
-- Table structure for table `ReferenciaCriterio`
--

CREATE TABLE `ReferenciaCriterio` (
  `idReferenciaCriterio` int(11) NOT NULL,
  `valor` int(11) NOT NULL,
  `referencia_idReferencia` int(11) NOT NULL,
  `criterio_idCriterio` int(11) NOT NULL
) ENGINE=InnoDB DEFAULT CHARSET=utf8 COLLATE=utf8_unicode_ci TABLESPACE `itiud_referencialos_ud`;

--
-- Dumping data for table `ReferenciaCriterio`
--

INSERT INTO `ReferenciaCriterio` (`idReferenciaCriterio`, `valor`, `referencia_idReferencia`, `criterio_idCriterio`) VALUES
(1, 3, 1, 1),
(2, 2, 1, 2),
(3, 4, 1, 3),
(4, 4, 1, 4),
(5, 3, 1, 5),
(6, 5, 1, 6),
(7, 4, 1, 7),
(8, 3, 1, 8),
(9, 4, 1, 9),
(10, 3, 1, 10),
(11, 5, 2, 1),
(12, 5, 2, 2),
(13, 5, 2, 3),
(14, 5, 2, 4),
(15, 5, 2, 5),
(16, 5, 2, 6),
(17, 5, 2, 7),
(18, 2, 2, 8),
(19, 5, 2, 9),
(20, 5, 2, 10),
(21, 5, 3, 1),
(22, 5, 3, 2),
(23, 5, 3, 3),
(24, 5, 3, 4),
(25, 5, 3, 5),
(26, 5, 3, 6),
(27, 5, 3, 7),
(28, 5, 3, 8),
(29, 5, 3, 9),
(30, 5, 3, 10),
(31, 5, 4, 1),
(32, 3, 4, 2),
(33, 5, 4, 3),
(34, 5, 4, 4),
(35, 5, 4, 5),
(36, 5, 4, 6),
(37, 5, 4, 7),
(38, 5, 4, 8),
(39, 5, 4, 9),
(40, 5, 4, 10),
(41, 5, 5, 1),
(42, 2, 5, 2),
(43, 2, 5, 3),
(44, 2, 5, 4),
(45, 1, 5, 5),
(46, 5, 5, 6),
(47, 5, 5, 7),
(48, 5, 5, 8),
(49, 5, 5, 9),
(50, 3, 5, 10),
(51, 5, 6, 1),
(52, 5, 6, 2),
(53, 3, 6, 3),
(54, 5, 6, 4),
(55, 4, 6, 5),
(56, 2, 6, 6),
(57, 5, 6, 7),
(58, 5, 6, 8),
(59, 3, 6, 9),
(60, 3, 6, 10),
(61, 5, 7, 1),
(62, 4, 7, 2),
(63, 5, 7, 3),
(64, 3, 7, 4),
(65, 2, 7, 5),
(66, 1, 7, 6),
(67, 5, 7, 7),
(68, 5, 7, 8),
(69, 3, 7, 9),
(70, 2, 7, 10),
(71, 5, 8, 1),
(72, 5, 8, 2),
(73, 5, 8, 3),
(74, 5, 8, 4),
(75, 5, 8, 5),
(76, 5, 8, 6),
(77, 5, 8, 7),
(78, 5, 8, 8),
(79, 5, 8, 9),
(80, 5, 8, 10),
(81, 5, 9, 1),
(82, 5, 9, 2),
(83, 5, 9, 3),
(84, 5, 9, 4),
(85, 5, 9, 5),
(86, 5, 9, 6),
(87, 5, 9, 7),
(88, 5, 9, 8),
(89, 5, 9, 9),
(90, 5, 9, 10),
(91, 5, 10, 1),
(92, 5, 10, 2),
(93, 5, 10, 3),
(94, 5, 10, 4),
(95, 5, 10, 5),
(96, 5, 10, 6),
(97, 5, 10, 7),
(98, 5, 10, 8),
(99, 5, 10, 9),
(100, 5, 10, 10),
(101, 5, 11, 1),
(102, 5, 11, 2),
(103, 5, 11, 3),
(104, 4, 11, 4),
(105, 5, 11, 5),
(106, 5, 11, 6),
(107, 5, 11, 7),
(108, 5, 11, 8),
(109, 5, 11, 9),
(110, 5, 11, 10),
(111, 5, 12, 1),
(112, 5, 12, 2),
(113, 5, 12, 3),
(114, 5, 12, 4),
(115, 5, 12, 5),
(116, 5, 12, 6),
(117, 5, 12, 7),
(118, 5, 12, 8),
(119, 5, 12, 9),
(120, 5, 12, 10),
(121, 4, 13, 1),
(122, 3, 13, 2),
(123, 4, 13, 3),
(124, 3, 13, 4),
(125, 5, 13, 5),
(126, 2, 13, 6),
(127, 5, 13, 7),
(128, 4, 13, 8),
(129, 5, 13, 9),
(130, 3, 13, 10),
(131, 5, 14, 1),
(132, 4, 14, 2),
(133, 5, 14, 3),
(134, 3, 14, 4),
(135, 5, 14, 5),
(136, 4, 14, 6),
(137, 5, 14, 7),
(138, 5, 14, 8),
(139, 5, 14, 9),
(140, 4, 14, 10),
(141, 5, 15, 1),
(142, 5, 15, 2),
(143, 4, 15, 3),
(144, 5, 15, 4),
(145, 4, 15, 5),
(146, 5, 15, 6),
(147, 5, 15, 7),
(148, 4, 15, 8),
(149, 5, 15, 9),
(150, 5, 15, 10),
(151, 5, 16, 1),
(152, 5, 16, 2),
(153, 5, 16, 3),
(154, 5, 16, 4),
(155, 3, 16, 5),
(156, 5, 16, 6),
(157, 5, 16, 7),
(158, 5, 16, 8),
(159, 5, 16, 9),
(160, 5, 16, 10),
(161, 4, 17, 1),
(162, 3, 17, 2),
(163, 4, 17, 3),
(164, 5, 17, 4),
(165, 4, 17, 5),
(166, 5, 17, 6),
(167, 5, 17, 7),
(168, 5, 17, 8),
(169, 5, 17, 9),
(170, 4, 17, 10),
(171, 5, 18, 1),
(172, 4, 18, 2),
(173, 5, 18, 3),
(174, 4, 18, 4),
(175, 5, 18, 5),
(176, 5, 18, 6),
(177, 5, 18, 7),
(178, 5, 18, 8),
(179, 5, 18, 9),
(180, 5, 18, 10),
(181, 5, 19, 1),
(182, 4, 19, 2),
(183, 4, 19, 3),
(184, 5, 19, 4),
(185, 5, 19, 5),
(186, 3, 19, 6),
(187, 4, 19, 7),
(188, 5, 19, 8),
(189, 5, 19, 9),
(190, 3, 19, 10),
(191, 5, 20, 1),
(192, 3, 20, 2),
(193, 5, 20, 3),
(194, 4, 20, 4),
(195, 5, 20, 5),
(196, 4, 20, 6),
(197, 5, 20, 7),
(198, 5, 20, 8),
(199, 4, 20, 9),
(200, 4, 20, 10),
(201, 5, 21, 1),
(202, 5, 21, 2),
(203, 5, 21, 3),
(204, 4, 21, 4),
(205, 5, 21, 5),
(206, 5, 21, 6),
(207, 5, 21, 7),
(208, 4, 21, 8),
(209, 3, 21, 9),
(210, 4, 21, 10),
(211, 5, 22, 1),
(212, 4, 22, 2),
(213, 4, 22, 3),
(214, 4, 22, 4),
(215, 3, 22, 5),
(216, 5, 22, 6),
(217, 4, 22, 7),
(218, 4, 22, 8),
(219, 5, 22, 9),
(220, 5, 22, 10),
(221, 5, 23, 1),
(222, 5, 23, 2),
(223, 5, 23, 3),
(224, 5, 23, 4),
(225, 3, 23, 5),
(226, 5, 23, 6),
(227, 5, 23, 7),
(228, 5, 23, 8),
(229, 5, 23, 9),
(230, 5, 23, 10),
(231, 4, 24, 1),
(232, 3, 24, 2),
(233, 4, 24, 3),
(234, 4, 24, 4),
(235, 5, 24, 5),
(236, 5, 24, 6),
(237, 5, 24, 7),
(238, 4, 24, 8),
(239, 5, 24, 9),
(240, 5, 24, 10),
(241, 5, 25, 1),
(242, 5, 25, 2),
(243, 5, 25, 3),
(244, 5, 25, 4),
(245, 5, 25, 5),
(246, 5, 25, 6),
(247, 5, 25, 7),
(248, 5, 25, 8),
(249, 5, 25, 9),
(250, 5, 25, 10),
(251, 5, 26, 1),
(252, 3, 26, 2),
(253, 5, 26, 3),
(254, 4, 26, 4),
(255, 5, 26, 5),
(256, 4, 26, 6),
(257, 5, 26, 7),
(258, 5, 26, 8),
(259, 5, 26, 9),
(260, 4, 26, 10),
(261, 5, 27, 1),
(262, 5, 27, 2),
(263, 5, 27, 3),
(264, 5, 27, 4),
(265, 5, 27, 5),
(266, 5, 27, 6),
(267, 5, 27, 7),
(268, 5, 27, 8),
(269, 5, 27, 9),
(270, 5, 27, 10),
(271, 5, 28, 1),
(272, 2, 28, 2),
(273, 5, 28, 3),
(274, 4, 28, 4),
(275, 5, 28, 5),
(276, 3, 28, 6),
(277, 5, 28, 7),
(278, 5, 28, 8),
(279, 3, 28, 9),
(280, 4, 28, 10),
(281, 5, 29, 1),
(282, 3, 29, 2),
(283, 5, 29, 3),
(284, 2, 29, 4),
(285, 5, 29, 5),
(286, 4, 29, 6),
(287, 3, 29, 7),
(288, 5, 29, 8),
(289, 5, 29, 9),
(290, 4, 29, 10),
(291, 5, 30, 1),
(292, 3, 30, 2),
(293, 5, 30, 3),
(294, 4, 30, 4),
(295, 5, 30, 5),
(296, 5, 30, 6),
(297, 4, 30, 7),
(298, 4, 30, 8),
(299, 3, 30, 9),
(300, 5, 30, 10),
(301, 5, 31, 1),
(302, 5, 31, 2),
(303, 5, 31, 3),
(304, 5, 31, 4),
(305, 5, 31, 5),
(306, 4, 31, 6),
(307, 5, 31, 7),
(308, 5, 31, 8),
(309, 5, 31, 9),
(310, 5, 31, 10),
(311, 5, 32, 1),
(312, 4, 32, 2),
(313, 5, 32, 3),
(314, 5, 32, 4),
(315, 5, 32, 5),
(316, 5, 32, 6),
(317, 5, 32, 7),
(318, 5, 32, 8),
(319, 5, 32, 9),
(320, 5, 32, 10),
(321, 5, 33, 1),
(322, 5, 33, 2),
(323, 5, 33, 3),
(324, 5, 33, 4),
(325, 5, 33, 5),
(326, 5, 33, 6),
(327, 5, 33, 7),
(328, 5, 33, 8),
(329, 5, 33, 9),
(330, 5, 33, 10),
(331, 5, 34, 1),
(332, 4, 34, 2),
(333, 5, 34, 3),
(334, 4, 34, 4),
(335, 5, 34, 5),
(336, 5, 34, 6),
(337, 5, 34, 7),
(338, 5, 34, 8),
(339, 5, 34, 9),
(340, 5, 34, 10),
(341, 5, 35, 1),
(342, 3, 35, 2),
(343, 3, 35, 3),
(344, 5, 35, 4),
(345, 3, 35, 5),
(346, 5, 35, 6),
(347, 3, 35, 7),
(348, 5, 35, 8),
(349, 5, 35, 9),
(350, 5, 35, 10),
(351, 4, 36, 1),
(352, 2, 36, 2),
(353, 2, 36, 3),
(354, 5, 36, 4),
(355, 5, 36, 5),
(356, 5, 36, 6),
(357, 5, 36, 7),
(358, 5, 36, 8),
(359, 5, 36, 9),
(360, 2, 36, 10),
(361, 5, 37, 1),
(362, 5, 37, 2),
(363, 5, 37, 3),
(364, 5, 37, 4),
(365, 5, 37, 5),
(366, 5, 37, 6),
(367, 5, 37, 7),
(368, 2, 37, 8),
(369, 3, 37, 9),
(370, 5, 37, 10);

-- --------------------------------------------------------

--
-- Table structure for table `TipoDeDenuncia`
--

CREATE TABLE `TipoDeDenuncia` (
  `idTipoDeDenuncia` int(11) NOT NULL,
  `nombre` varchar(45) COLLATE utf8_unicode_ci NOT NULL
) ENGINE=InnoDB DEFAULT CHARSET=utf8 COLLATE=utf8_unicode_ci TABLESPACE `itiud_referencialos_ud`;

--
-- Dumping data for table `TipoDeDenuncia`
--

INSERT INTO `TipoDeDenuncia` (`idTipoDeDenuncia`, `nombre`) VALUES
(1, 'Información de referencia inconsistente'),
(2, 'Referencia falsa'),
(3, 'Injuria o calumnia'),
(4, 'Lenguaje inapropiado'),
(5, 'Lenguaje ofensivo');

-- --------------------------------------------------------

--
-- Table structure for table `Votacion`
--

CREATE TABLE `Votacion` (
  `idVotacion` int(11) NOT NULL,
  `voto` int(11) NOT NULL,
  `fecha` date NOT NULL,
  `referencia_idReferencia` int(11) NOT NULL,
  `estudiante_idEstudiante` int(11) NOT NULL
) ENGINE=InnoDB DEFAULT CHARSET=utf8 COLLATE=utf8_unicode_ci TABLESPACE `itiud_referencialos_ud`;

--
-- Dumping data for table `Votacion`
--

INSERT INTO `Votacion` (`idVotacion`, `voto`, `fecha`, `referencia_idReferencia`, `estudiante_idEstudiante`) VALUES
(8, 1, '2024-06-01', 9, 1),
(12, 1, '2024-06-06', 31, 6),
(13, 1, '2024-06-06', 9, 6),
(14, 1, '2024-06-09', 32, 6),
(15, 1, '2024-06-09', 18, 6),
(16, 1, '2024-06-09', 8, 6);

--
-- Indexes for dumped tables
--

--
-- Indexes for table `Administrador`
--
ALTER TABLE `Administrador`
  ADD PRIMARY KEY (`idAdministrador`);

--
-- Indexes for table `CategoriaDeCriterio`
--
ALTER TABLE `CategoriaDeCriterio`
  ADD PRIMARY KEY (`idCategoriaDeCriterio`);

--
-- Indexes for table `Criterio`
--
ALTER TABLE `Criterio`
  ADD PRIMARY KEY (`idCriterio`),
  ADD KEY `categoriaDeCriterio_idCategoriaDeCriterio` (`categoriaDeCriterio_idCategoriaDeCriterio`);

--
-- Indexes for table `Curso`
--
ALTER TABLE `Curso`
  ADD PRIMARY KEY (`idCurso`);

--
-- Indexes for table `Denuncia`
--
ALTER TABLE `Denuncia`
  ADD PRIMARY KEY (`idDenuncia`),
  ADD KEY `referencia_idReferencia` (`referencia_idReferencia`),
  ADD KEY `estudiante_idEstudiante` (`estudiante_idEstudiante`),
  ADD KEY `tipoDeDenuncia_idTipoDeDenuncia` (`tipoDeDenuncia_idTipoDeDenuncia`);

--
-- Indexes for table `Estudiante`
--
ALTER TABLE `Estudiante`
  ADD PRIMARY KEY (`idEstudiante`),
  ADD KEY `genero_idGenero` (`genero_idGenero`);

--
-- Indexes for table `Facultad`
--
ALTER TABLE `Facultad`
  ADD PRIMARY KEY (`idFacultad`);

--
-- Indexes for table `Genero`
--
ALTER TABLE `Genero`
  ADD PRIMARY KEY (`idGenero`);

--
-- Indexes for table `LogAdministrador`
--
ALTER TABLE `LogAdministrador`
  ADD PRIMARY KEY (`idLogAdministrador`),
  ADD KEY `administrador_idAdministrador` (`administrador_idAdministrador`);

--
-- Indexes for table `LogEstudiante`
--
ALTER TABLE `LogEstudiante`
  ADD PRIMARY KEY (`idLogEstudiante`),
  ADD KEY `estudiante_idEstudiante` (`estudiante_idEstudiante`);

--
-- Indexes for table `Profesor`
--
ALTER TABLE `Profesor`
  ADD PRIMARY KEY (`idProfesor`),
  ADD KEY `genero_idGenero` (`genero_idGenero`);

--
-- Indexes for table `Programa`
--
ALTER TABLE `Programa`
  ADD PRIMARY KEY (`idPrograma`),
  ADD KEY `facultad_idFacultad` (`facultad_idFacultad`);

--
-- Indexes for table `RangoDeNota`
--
ALTER TABLE `RangoDeNota`
  ADD PRIMARY KEY (`idRangoDeNota`);

--
-- Indexes for table `Referencia`
--
ALTER TABLE `Referencia`
  ADD PRIMARY KEY (`idReferencia`),
  ADD KEY `profesor_idProfesor` (`profesor_idProfesor`),
  ADD KEY `curso_idCurso` (`curso_idCurso`),
  ADD KEY `estudiante_idEstudiante` (`estudiante_idEstudiante`),
  ADD KEY `programa_idPrograma` (`programa_idPrograma`),
  ADD KEY `rangoDeNota_idRangoDeNota` (`rangoDeNota_idRangoDeNota`);

--
-- Indexes for table `ReferenciaCriterio`
--
ALTER TABLE `ReferenciaCriterio`
  ADD PRIMARY KEY (`idReferenciaCriterio`),
  ADD KEY `referencia_idReferencia` (`referencia_idReferencia`),
  ADD KEY `criterio_idCriterio` (`criterio_idCriterio`);

--
-- Indexes for table `TipoDeDenuncia`
--
ALTER TABLE `TipoDeDenuncia`
  ADD PRIMARY KEY (`idTipoDeDenuncia`);

--
-- Indexes for table `Votacion`
--
ALTER TABLE `Votacion`
  ADD PRIMARY KEY (`idVotacion`),
  ADD KEY `referencia_idReferencia` (`referencia_idReferencia`),
  ADD KEY `estudiante_idEstudiante` (`estudiante_idEstudiante`);

--
-- AUTO_INCREMENT for dumped tables
--

--
-- AUTO_INCREMENT for table `Administrador`
--
ALTER TABLE `Administrador`
  MODIFY `idAdministrador` int(11) NOT NULL AUTO_INCREMENT, AUTO_INCREMENT=3;

--
-- AUTO_INCREMENT for table `CategoriaDeCriterio`
--
ALTER TABLE `CategoriaDeCriterio`
  MODIFY `idCategoriaDeCriterio` int(11) NOT NULL AUTO_INCREMENT, AUTO_INCREMENT=3;

--
-- AUTO_INCREMENT for table `Criterio`
--
ALTER TABLE `Criterio`
  MODIFY `idCriterio` int(11) NOT NULL AUTO_INCREMENT, AUTO_INCREMENT=11;

--
-- AUTO_INCREMENT for table `Curso`
--
ALTER TABLE `Curso`
  MODIFY `idCurso` int(11) NOT NULL AUTO_INCREMENT, AUTO_INCREMENT=1939;

--
-- AUTO_INCREMENT for table `Denuncia`
--
ALTER TABLE `Denuncia`
  MODIFY `idDenuncia` int(11) NOT NULL AUTO_INCREMENT;

--
-- AUTO_INCREMENT for table `Estudiante`
--
ALTER TABLE `Estudiante`
  MODIFY `idEstudiante` int(11) NOT NULL AUTO_INCREMENT, AUTO_INCREMENT=8;

--
-- AUTO_INCREMENT for table `Facultad`
--
ALTER TABLE `Facultad`
  MODIFY `idFacultad` int(11) NOT NULL AUTO_INCREMENT, AUTO_INCREMENT=7;

--
-- AUTO_INCREMENT for table `Genero`
--
ALTER TABLE `Genero`
  MODIFY `idGenero` int(11) NOT NULL AUTO_INCREMENT, AUTO_INCREMENT=4;

--
-- AUTO_INCREMENT for table `LogAdministrador`
--
ALTER TABLE `LogAdministrador`
  MODIFY `idLogAdministrador` int(11) NOT NULL AUTO_INCREMENT, AUTO_INCREMENT=17;

--
-- AUTO_INCREMENT for table `LogEstudiante`
--
ALTER TABLE `LogEstudiante`
  MODIFY `idLogEstudiante` int(11) NOT NULL AUTO_INCREMENT, AUTO_INCREMENT=30;

--
-- AUTO_INCREMENT for table `Profesor`
--
ALTER TABLE `Profesor`
  MODIFY `idProfesor` int(11) NOT NULL AUTO_INCREMENT, AUTO_INCREMENT=330;

--
-- AUTO_INCREMENT for table `Programa`
--
ALTER TABLE `Programa`
  MODIFY `idPrograma` int(11) NOT NULL AUTO_INCREMENT, AUTO_INCREMENT=48;

--
-- AUTO_INCREMENT for table `RangoDeNota`
--
ALTER TABLE `RangoDeNota`
  MODIFY `idRangoDeNota` int(11) NOT NULL AUTO_INCREMENT, AUTO_INCREMENT=6;

--
-- AUTO_INCREMENT for table `Referencia`
--
ALTER TABLE `Referencia`
  MODIFY `idReferencia` int(11) NOT NULL AUTO_INCREMENT, AUTO_INCREMENT=38;

--
-- AUTO_INCREMENT for table `ReferenciaCriterio`
--
ALTER TABLE `ReferenciaCriterio`
  MODIFY `idReferenciaCriterio` int(11) NOT NULL AUTO_INCREMENT, AUTO_INCREMENT=371;

--
-- AUTO_INCREMENT for table `TipoDeDenuncia`
--
ALTER TABLE `TipoDeDenuncia`
  MODIFY `idTipoDeDenuncia` int(11) NOT NULL AUTO_INCREMENT, AUTO_INCREMENT=6;

--
-- AUTO_INCREMENT for table `Votacion`
--
ALTER TABLE `Votacion`
  MODIFY `idVotacion` int(11) NOT NULL AUTO_INCREMENT, AUTO_INCREMENT=17;

--
-- Constraints for dumped tables
--

--
-- Constraints for table `Criterio`
--
ALTER TABLE `Criterio`
  ADD CONSTRAINT `Criterio_ibfk_1` FOREIGN KEY (`categoriaDeCriterio_idCategoriaDeCriterio`) REFERENCES `CategoriaDeCriterio` (`idCategoriaDeCriterio`);

--
-- Constraints for table `Denuncia`
--
ALTER TABLE `Denuncia`
  ADD CONSTRAINT `Denuncia_ibfk_1` FOREIGN KEY (`referencia_idReferencia`) REFERENCES `Referencia` (`idReferencia`),
  ADD CONSTRAINT `Denuncia_ibfk_2` FOREIGN KEY (`estudiante_idEstudiante`) REFERENCES `Estudiante` (`idEstudiante`),
  ADD CONSTRAINT `Denuncia_ibfk_3` FOREIGN KEY (`tipoDeDenuncia_idTipoDeDenuncia`) REFERENCES `TipoDeDenuncia` (`idTipoDeDenuncia`);

--
-- Constraints for table `Estudiante`
--
ALTER TABLE `Estudiante`
  ADD CONSTRAINT `Estudiante_ibfk_1` FOREIGN KEY (`genero_idGenero`) REFERENCES `Genero` (`idGenero`);

--
-- Constraints for table `LogAdministrador`
--
ALTER TABLE `LogAdministrador`
  ADD CONSTRAINT `LogAdministrador_ibfk_1` FOREIGN KEY (`administrador_idAdministrador`) REFERENCES `Administrador` (`idAdministrador`);

--
-- Constraints for table `LogEstudiante`
--
ALTER TABLE `LogEstudiante`
  ADD CONSTRAINT `LogEstudiante_ibfk_1` FOREIGN KEY (`estudiante_idEstudiante`) REFERENCES `Estudiante` (`idEstudiante`);

--
-- Constraints for table `Profesor`
--
ALTER TABLE `Profesor`
  ADD CONSTRAINT `Profesor_ibfk_1` FOREIGN KEY (`genero_idGenero`) REFERENCES `Genero` (`idGenero`);

--
-- Constraints for table `Programa`
--
ALTER TABLE `Programa`
  ADD CONSTRAINT `Programa_ibfk_1` FOREIGN KEY (`facultad_idFacultad`) REFERENCES `Facultad` (`idFacultad`);

--
-- Constraints for table `Referencia`
--
ALTER TABLE `Referencia`
  ADD CONSTRAINT `Referencia_ibfk_1` FOREIGN KEY (`profesor_idProfesor`) REFERENCES `Profesor` (`idProfesor`),
  ADD CONSTRAINT `Referencia_ibfk_2` FOREIGN KEY (`curso_idCurso`) REFERENCES `Curso` (`idCurso`),
  ADD CONSTRAINT `Referencia_ibfk_3` FOREIGN KEY (`estudiante_idEstudiante`) REFERENCES `Estudiante` (`idEstudiante`),
  ADD CONSTRAINT `Referencia_ibfk_4` FOREIGN KEY (`programa_idPrograma`) REFERENCES `Programa` (`idPrograma`),
  ADD CONSTRAINT `Referencia_ibfk_5` FOREIGN KEY (`rangoDeNota_idRangoDeNota`) REFERENCES `RangoDeNota` (`idRangoDeNota`);

--
-- Constraints for table `ReferenciaCriterio`
--
ALTER TABLE `ReferenciaCriterio`
  ADD CONSTRAINT `ReferenciaCriterio_ibfk_1` FOREIGN KEY (`referencia_idReferencia`) REFERENCES `Referencia` (`idReferencia`),
  ADD CONSTRAINT `ReferenciaCriterio_ibfk_2` FOREIGN KEY (`criterio_idCriterio`) REFERENCES `Criterio` (`idCriterio`);

--
-- Constraints for table `Votacion`
--
ALTER TABLE `Votacion`
  ADD CONSTRAINT `Votacion_ibfk_1` FOREIGN KEY (`referencia_idReferencia`) REFERENCES `Referencia` (`idReferencia`),
  ADD CONSTRAINT `Votacion_ibfk_2` FOREIGN KEY (`estudiante_idEstudiante`) REFERENCES `Estudiante` (`idEstudiante`);
COMMIT;

/*!40101 SET CHARACTER_SET_CLIENT=@OLD_CHARACTER_SET_CLIENT */;
/*!40101 SET CHARACTER_SET_RESULTS=@OLD_CHARACTER_SET_RESULTS */;
/*!40101 SET COLLATION_CONNECTION=@OLD_COLLATION_CONNECTION */;
