-- phpMyAdmin SQL Dump
-- version 4.9.1
-- https://www.phpmyadmin.net/
--
-- Host: 10.123.0.88:3306
-- Generation Time: Jun 19, 2024 at 02:27 PM
-- Server version: 5.7.27
-- PHP Version: 7.0.33-0+deb9u12

SET SQL_MODE = "NO_AUTO_VALUE_ON_ZERO";
SET AUTOCOMMIT = 0;
START TRANSACTION;
SET time_zone = "+00:00";


/*!40101 SET @OLD_CHARACTER_SET_CLIENT=@@CHARACTER_SET_CLIENT */;
/*!40101 SET @OLD_CHARACTER_SET_RESULTS=@@CHARACTER_SET_RESULTS */;
/*!40101 SET @OLD_COLLATION_CONNECTION=@@COLLATION_CONNECTION */;
/*!40101 SET NAMES utf8mb4 */;

--
-- Database: `itiud_referencialos_ud`
--

-- --------------------------------------------------------

--
-- Table structure for table `Administrador`
--

CREATE TABLE `Administrador` (
  `idAdministrador` int(11) NOT NULL,
  `nombre` varchar(45) COLLATE utf8_unicode_ci NOT NULL,
  `apellido` varchar(45) COLLATE utf8_unicode_ci NOT NULL,
  `correo` varchar(45) COLLATE utf8_unicode_ci NOT NULL,
  `clave` varchar(45) COLLATE utf8_unicode_ci NOT NULL,
  `foto` varchar(45) COLLATE utf8_unicode_ci DEFAULT NULL,
  `telefono` varchar(45) COLLATE utf8_unicode_ci DEFAULT NULL,
  `celular` varchar(45) COLLATE utf8_unicode_ci DEFAULT NULL,
  `estado` tinyint(4) NOT NULL
) ENGINE=InnoDB DEFAULT CHARSET=utf8 COLLATE=utf8_unicode_ci TABLESPACE `itiud_referencialos_ud`;

--
-- Dumping data for table `Administrador`
--

INSERT INTO `Administrador` (`idAdministrador`, `nombre`, `apellido`, `correo`, `clave`, `foto`, `telefono`, `celular`, `estado`) VALUES
(1, 'Hector', 'Florez', 'iti@udistrital.edu.co', '7acf5826ff4e666aec5e01c0f5ac5961', 'image/1717880656.png', '3193029693', '3193029693', 1),
(2, 'Dana', 'Macias', 'dsofiamrojasd6419@gmail.com', '202cb962ac59075b964b07152d234b70', 'image/1716617005.png', '', '', 1);

-- --------------------------------------------------------

--
-- Table structure for table `CategoriaDeCriterio`
--

CREATE TABLE `CategoriaDeCriterio` (
  `idCategoriaDeCriterio` int(11) NOT NULL,
  `nombre` varchar(45) COLLATE utf8_unicode_ci NOT NULL
) ENGINE=InnoDB DEFAULT CHARSET=utf8 COLLATE=utf8_unicode_ci TABLESPACE `itiud_referencialos_ud`;

--
-- Dumping data for table `CategoriaDeCriterio`
--

INSERT INTO `CategoriaDeCriterio` (`idCategoriaDeCriterio`, `nombre`) VALUES
(1, 'Académico'),
(2, 'Social');

-- --------------------------------------------------------

--
-- Table structure for table `Criterio`
--

CREATE TABLE `Criterio` (
  `idCriterio` int(11) NOT NULL,
  `nombre` varchar(45) COLLATE utf8_unicode_ci NOT NULL,
  `descripcion` varchar(200) COLLATE utf8_unicode_ci NOT NULL,
  `categoriaDeCriterio_idCategoriaDeCriterio` int(11) NOT NULL
) ENGINE=InnoDB DEFAULT CHARSET=utf8 COLLATE=utf8_unicode_ci TABLESPACE `itiud_referencialos_ud`;

--
-- Dumping data for table `Criterio`
--

INSERT INTO `Criterio` (`idCriterio`, `nombre`, `descripcion`, `categoriaDeCriterio_idCategoriaDeCriterio`) VALUES
(1, 'Dominio del curso', 'El profesor conoce con precisión todos los temas del curso', 1),
(2, 'Metodología', 'La forma en que el profesor enseña permite a los estudiantes comprender y apropiar los temas del curso. Además, su forma de calificar es coherente con los objetivos del curso.', 1),
(3, 'Cumplimiento de los temas', 'El profesor explica completamente todos los temas propuestos en el curso', 1),
(4, 'Examenes justos', 'El profesor plantea exámenes solubles que incluyen preguntas de temas presentados previamente al examen', 1),
(5, 'Exigencia', 'El profesor exige a los estudiantes lo adecuado para lograr los objetivos del curso', 1),
(6, 'Amabilidad', 'El profesor se expresa con los estudiantes de manera cordial y asertiva', 2),
(7, 'Asistencia', 'El profesor asiste a todas las clases. En caso de no asistir por fuerza mayor, el profesor informa con anticipación y propone la recuperación de la clase', 2),
(8, 'Puntualidad', 'El profesor inicia y termina cada clase a la hora establecida en el horario o acordada con los estudiantes', 2),
(9, 'Imparcialidad', 'El profesor tiene un trato justo y equitativo con todos los estudiantes', 2),
(10, 'Actitud', 'El profesor es apasinado por enseñar, emplea dinámicas para que los estudiantes adquieran la competencias académicas, propone actividades para mantener la atención y motivación de los estudiantes', 2);

-- --------------------------------------------------------

--
-- Table structure for table `Curso`
--

CREATE TABLE `Curso` (
  `idCurso` int(11) NOT NULL,
  `nombre` varchar(100) COLLATE utf8_unicode_ci NOT NULL
) ENGINE=InnoDB DEFAULT CHARSET=utf8 COLLATE=utf8_unicode_ci TABLESPACE `itiud_referencialos_ud`;

--
-- Dumping data for table `Curso`
--

INSERT INTO `Curso` (`idCurso`, `nombre`) VALUES
(1, 'ACABADOS CERAMICOS'),
(2, 'ACCIONAMIENTOS NEUMATICOS-HIDRAULICOS'),
(3, 'ACONDICIONAMIENTO FISICO I'),
(4, 'ACONDICIONAMIENTO PARA EL CANTO I'),
(5, 'ACONDICIONAMIENTO PARA EL CANTO II'),
(6, 'ACONDICIONAMIENTO PARA EL HABLA I'),
(7, 'ACONDICIONAMIENTO PARA EL HABLA II'),
(8, 'ACTUACION I'),
(9, 'ACTUACION II'),
(10, 'ACTUACION III'),
(11, 'ACTUACION IV'),
(12, 'ACTUACION PARA MEDIOS AUDIOVISUALES Y SONOROS'),
(13, 'ACUEDUCTO Y ALCANTARILLADO'),
(14, 'ACUEDUCTOS'),
(15, 'ADAPTACION DRAMATICA'),
(16, 'ADMINISTRACION'),
(17, 'ADMINISTRACION DE EMPRESAS'),
(18, 'ADMINISTRACION DE LAS ORGANIZACIONES'),
(19, 'ADMINISTRACION DE RECURSOS NATURALES'),
(20, 'ADMINISTRACIÓN FINANCIERA'),
(21, 'ADMINISTRACION GENERAL'),
(22, 'ADMINISTRACION MUNICIPAL'),
(23, 'ADMINISTRACION PUBLICA AMBIENTAL'),
(24, 'ADMINISTRACION Y REGIMEN TERRITORIAL'),
(25, 'ADQUISICION DE DATOS'),
(26, 'ADVANCED ENGLISH I'),
(27, 'ADVANCED ENGLISH II'),
(28, 'AISLAMIENTO ELECTRICO'),
(29, 'AJUSTES GEODESICOS'),
(30, 'ALCANTARILLADOS'),
(31, 'ALGEBRA DE MATRICES'),
(32, 'ALGEBRA LINEAL'),
(33, 'ALGEBRA LINEAL Y GEOMETRIA'),
(34, 'ALGEBRA Y TRIGONOMETRIA'),
(35, 'ALGORITMOS EN C/C'),
(36, 'ALTIMETRIA'),
(37, 'AMBIENTES VIRTUALES EN PEDAGOGIA HOSPITALARIA DOMICILIARIA'),
(38, 'AMBIENTES Y MEDIACIONES. INFANCIA, ADOLESCENCIA Y JUVENTUD'),
(39, 'AMOR Y SUJETO MUJER EN INDUSTRIAS CULTURALES'),
(40, 'ANALISIS COMPLEJO'),
(41, 'ANALISIS DE CIRCUITOS I'),
(42, 'ANALISIS DE CIRCUITOS I Y LABORATORIO'),
(43, 'ANALISIS DE CIRCUITOS II'),
(44, 'ANALISIS DE CIRCUITOS II Y LABORATORIO'),
(45, 'ANALISIS DE CIRCUITOS III'),
(46, 'ANALISIS DE DATOS'),
(47, 'ANALISIS DE ESTRUCTURAS I'),
(48, 'ANALISIS DE ESTRUCTURAS II'),
(49, 'ANALISIS DE FALLAS Y PROTECCIONES'),
(50, 'ANALISIS DE FOURIER'),
(51, 'ANALISIS DE FOURIER WAVELETS'),
(52, 'ANALISIS DE SISTEMAS'),
(53, 'ANALISIS DE SISTEMAS DE POTENCIA'),
(54, 'ANALISIS DE SISTEMAS DINAMICOS'),
(55, 'ANALISIS DEL DISCURSO'),
(56, 'ANALISIS DEL ESPECTACULO'),
(57, 'ANALISIS DEL TEATRO'),
(58, 'ANALISIS ESTADISTICO UTILIZANDO R-STUDIO'),
(59, 'ANALISIS FINANCIERO'),
(60, 'ANALISIS FUNCIONAL DEL MOVIMIENTO'),
(61, 'ANALISIS MATEMATICO I'),
(62, 'ANALISIS MATEMATICO II'),
(63, 'ANALISIS MUSICAL I'),
(64, 'ANALISIS MUSICAL II'),
(65, 'ANALISIS MUSICAL III'),
(66, 'ANALISIS MUSICAL IV'),
(67, 'ANALISIS NUMERICO'),
(68, 'ANALISIS QUIMICO'),
(69, 'ANALISIS QUIMICO INSTRUMENTAL'),
(70, 'ANALISIS QUIMICO INSTRUMENTAL I'),
(71, 'ANALISIS QUIMICO INSTRUMENTAL II'),
(72, 'ANALISIS QUIMICO ORGANICO'),
(73, 'ANALISIS SOCIAL COLOMBIANO'),
(74, 'ANALISIS VECTORIAL'),
(75, 'ANALISIS Y DECISIONES FINANCIERAS'),
(76, 'ANALISIS Y DISEÑO DE MICROPROCESADORES'),
(77, 'ANALISIS Y GESTION DEL RIESGO'),
(78, 'ANALISIS Y METODOS NUMERICOS'),
(79, 'ANATOMIA PARA EL MOVIMIENTO'),
(80, 'ANILLOS Y CAMPOS'),
(81, 'ANTENAS Y PROPAGACION'),
(82, 'ANTEPROYECTO DE GRADO'),
(83, 'ANTROPOLOGIA, SUBJETIVIDADES Y ESCUELA'),
(84, 'APLICACIONES COMPUTACIONALES'),
(85, 'APLICACIONES DE LA BIOMASA Y OTRAS FUENTES ALTERNAS'),
(86, 'APLICACIONES DE LA ENERGIA SOLAR FOTOVOLTAICA'),
(87, 'APLICACIONES PARA DISPOSITIVOS DE TELECOMUNICACIONES'),
(88, 'APLICACIONES PARA INTERNET'),
(89, 'APOYOS DIGITALES'),
(90, 'APRECIACION DE LA DANZA'),
(91, 'APROVECHAMIENTO FORESTAL'),
(92, 'ARBORICULTURA URBANA'),
(93, 'ARCHIVOS DE IMAGEN Y SONIDO'),
(94, 'ARCHIVOS E HISTORIA'),
(95, 'ARCHIVOS Y MEMORIA'),
(96, 'AREAS PROTEGIDAS'),
(97, 'ARGUMENTACION'),
(98, 'ARMONIA APLICADA A LA GUITARRA'),
(99, 'ARMONIA I'),
(100, 'ARMONIA II'),
(101, 'ARMONIA III'),
(102, 'ARPA LLANERA II'),
(103, 'ARPA LLANERA IV'),
(104, 'ARPA LLANERA VI'),
(105, 'ARQUITECTURA DE COMPUTADORES'),
(106, 'ARQUITECTURA DE COMPUTADORES Y LABORATORIO'),
(107, 'ARQUITECTURA DE MICROCONTROLADORES'),
(108, 'ARREGLOS MUSICALES III'),
(109, 'ARREGLOS MUSICALES V'),
(110, 'ARREGLOS MUSICALES VI'),
(111, 'ARTE Y REVOLUCION'),
(112, 'ARTE, CONSUMO Y SOSTENIBILIDAD'),
(113, 'ARTE, ESPACIO Y NATURALEZA'),
(114, 'ARTE, TECNOLOGIAS Y MEDIOS'),
(115, 'ARTES CIRCENSES I'),
(116, 'ARTES CIRCENSES II'),
(117, 'ASEGURAMIENTO METROLOGICO'),
(118, 'ASTROBIOLOGIA'),
(119, 'ASTRONOMIA ESFERICA'),
(120, 'ASTRONOMIA Y LABORATORIO'),
(121, 'AUDICION MUSICAL PARA NO MUSICOS'),
(122, 'AUDITORIA DE ARCHIVOS'),
(123, 'AUDITORIA I'),
(124, 'AUDITORIA II'),
(125, 'AUDITORIAS AMBIENTALES'),
(126, 'AUTOCAD'),
(127, 'AUTOMATICA DSC'),
(128, 'AUTOMATICA I'),
(129, 'AUTOMATICA II'),
(130, 'AUTOMATICA III'),
(131, 'AUTOMATISMOS'),
(132, 'AUTOMATIZACION'),
(133, 'AUTOMATIZACION DE MAQUINARIA'),
(134, 'AUTOMATIZACION Y CONTROL I'),
(135, 'AVALUOS MASIVOS'),
(136, 'AVALUOS PUNTUALES'),
(137, 'AVANCES EN PROCESOS DE MANUFACTURA'),
(138, 'BAILES CANTAOS Y TOCAOS'),
(139, 'BAJO ELECTRICO'),
(140, 'BAJO ELECTRICO II'),
(141, 'BAJO ELECTRICO III'),
(142, 'BAJO ELECTRICO IV'),
(143, 'BAJO ELECTRICO IX'),
(144, 'BAJO ELECTRICO V'),
(145, 'BAJO ELECTRICO VI'),
(146, 'BAJO ELECTRICO VIII'),
(147, 'BAJO ELÉCTRICO X'),
(148, 'BALANCE DE MASA Y ENERGIA APLICADO A PROBLEMAS DE INGENIERIA SANITARIA'),
(149, 'BANDOLA ANDINA V'),
(150, 'BANDOLA ANDINA X'),
(151, 'BASES DE DATOS'),
(152, 'BASES DE DATOS AVANZADAS'),
(153, 'BASES DE DATOS DISTRIBUIDAS'),
(154, 'BASES DE DATOS EN INGENIERIA'),
(155, 'BASES DE DATOS ESPACIALES'),
(156, 'BASES DE DATOS I'),
(157, 'BASES DE DATOS II'),
(158, 'BASES DEL ENTRENAMIENTO PARA LA ESCENA'),
(159, 'BASIC ENGLISH'),
(160, 'BIG DATA'),
(161, 'BIOESTADISTICA'),
(162, 'BIOETICA'),
(163, 'BIOETICA Y EDUCACION ARTISTICA'),
(164, 'BIOFISICA I'),
(165, 'BIOFISICA II'),
(166, 'BIOGEOQUIMICA'),
(167, 'BIOINGENIERIA I'),
(168, 'BIOINGENIERIA II'),
(169, 'BIOINGENIERIA III'),
(170, 'BIOLOGIA'),
(171, 'BIOLOGIA CELULAR'),
(172, 'BIOLOGIA COMPARADA'),
(173, 'BIOLOGIA DE LA CONSERVACION'),
(174, 'BIOLOGIA DE LIQUENES Y BRIOFITAS'),
(175, 'BIOLOGIA DE LOS HONGOS'),
(176, 'BIOLOGIA DEL DESARROLLO'),
(177, 'BIOLOGIA GENERAL'),
(178, 'BIOLOGIA MOLECULAR'),
(179, 'BIOQUIMICA'),
(180, 'BIOQUIMICA I'),
(181, 'BIOTECNOLOGIA'),
(182, 'BOTANICA I'),
(183, 'BOTANICA II'),
(184, 'BOTANICA SISTEMATICA'),
(185, 'BOTANICA TAXONOMICA'),
(186, 'BRIOFITOS'),
(187, 'BYUNGCHUL-HAN. UNA MIRADA DESDE LA COMUNICACION'),
(188, 'CAD/CAM'),
(189, 'CALCULO'),
(190, 'CALCULO DIFERENCIAL'),
(191, 'CALCULO INTEGRAL'),
(192, 'CALCULO MULTIVARIADO'),
(193, 'CALCULO VECTORIAL'),
(194, 'CALIDAD AMBIENTAL'),
(195, 'CALIDAD DE POTENCIA EN MEDIA Y BAJA TENSION'),
(196, 'CALIDAD DEL AGUA'),
(197, 'CALIDAD DEL AIRE'),
(198, 'CAMBIO CLIMATICO'),
(199, 'CAMPOS ELECTROMAGNETICOS'),
(200, 'CANTO'),
(201, 'CANTO II'),
(202, 'CANTO III'),
(203, 'CANTO IV'),
(204, 'CANTO IX'),
(205, 'CANTO V'),
(206, 'CANTO VI'),
(207, 'CANTO VII'),
(208, 'CANTO VIII'),
(209, 'CARACTEROLOGIA Y PERSONAJE'),
(210, 'CARBONES'),
(211, 'CARTOGRAFIA'),
(212, 'CARTOGRAFIA DIGITAL'),
(213, 'CARTOGRAFIA DIGITAL AVANZADA'),
(214, 'CARTOGRAFIA TEMATICA'),
(215, 'CARTOGRAFIA Y SIG'),
(216, 'CATASTRO'),
(217, 'CATASTRO MULTIPROPOSITO'),
(218, 'CATEDRA AMBIENTAL'),
(219, 'CATEDRA DE CONTEXTO'),
(220, 'CATEDRA DEMOCRACIA Y CIUDADANIA'),
(221, '﻿CATEDRA DEMOCRACIA Y CIUDADANIA'),
(222, 'CATEDRA FRANCISCO JOSE DE CALDAS'),
(223, 'CERAMICA ESCULTORICA'),
(224, 'CHARANGO III'),
(225, 'CHARANGO V'),
(226, 'CHARANGO VII'),
(227, 'CIBERCULTURA'),
(228, 'CIBERNETICA'),
(229, 'CIBERNETICA CUALITATIVA'),
(230, 'CIBERNETICA CUALITATIVA II'),
(231, 'CIBERNETICA CUALITATIVA III'),
(232, 'CIBERNETICA II'),
(233, 'CIBERNETICA III'),
(234, 'CIENCIA AGROECOLOGICA'),
(235, 'CIENCIA TECNOLOGIA Y SOCIEDAD'),
(236, 'CIENCIAS DE LA COMPUTACION I'),
(237, 'CIENCIAS DE LA COMPUTACION II'),
(238, 'CIENCIAS DE LA COMPUTACION III'),
(239, 'CIENCIAS DE LA SALUD APLICADA AL DEPORTE'),
(240, 'CIENCIAS SOCIALES ESCOLARES'),
(241, 'CIENCIAS SOCIALES Y LITERATURA: MIRADAS DESDE LA EDUCACION Y LA INVESTIGACION'),
(242, 'CIRCUITOS DIGITALES'),
(243, 'CIRCUITOS DIGITALES I'),
(244, 'CIRCUITOS DIGITALES II'),
(245, 'CIRCUITOS ELECTRICOS I'),
(246, 'CIRCUITOS ELECTRICOS II'),
(247, 'CIRCUITOS I'),
(248, 'CIRCUITOS II'),
(249, 'CIRCUITOS III'),
(250, 'CIUDAD Y PATRIMONIO CULTURAL EN EL CONTEXTO DE LA EDUCACION ARTISTICA'),
(251, 'CLARINETE'),
(252, 'CLARINETE II'),
(253, 'CLARINETE IV'),
(254, 'CLARINETE IX'),
(255, 'CLARINETE V'),
(256, 'CLARINETE VI'),
(257, 'CLARINETE VIII'),
(258, 'CLARINETE X'),
(259, 'CLARINETEVII'),
(260, 'CLASIFICACION Y ORDENACION DOCUMENTAL'),
(261, 'CLAVES FEMINISTAS PARA EL PODERIO Y LA AUTONOMIA DE LAS MAESTRAS XX'),
(262, 'CLIMATOLOGIA'),
(263, 'COLECTIVO INSTRUMENTAL'),
(264, 'COLOGRAFIA'),
(265, 'COMERCIO ELECTRONICO'),
(266, 'COMITES AMBIENTALES LOCALES'),
(267, 'COMPETENCIAS CIENTIFICAS'),
(268, 'COMPOSICION COREOGRAFICA APLICADA I'),
(269, 'COMPOSICION COREOGRAFICA APLICADA II'),
(270, 'COMPOSICION ESCENICA'),
(271, 'COMPOSICION FOTOGRAFICA'),
(272, 'COMPOSICION MUSICAL II'),
(273, 'COMPOSICION MUSICAL III'),
(274, 'COMPOSICION MUSICAL V'),
(275, 'COMPOSTAJE Y LOMBRICULTURA'),
(276, 'COMPRENSION Y PRODUCCION DE TEXTOS'),
(277, 'COMPUTACION CUANTICA'),
(278, 'COMPUTACION MATEMATICA'),
(279, 'COMUNICACION INTERCULTURAL'),
(280, 'COMUNICACION ORAL Y ESCRITA'),
(281, 'COMUNICACION PARA EL BUEN VIVIR'),
(282, 'COMUNICACION Y MEDIACIONES SOCIOCULTURALES'),
(283, 'COMUNICACION, PERIODISMO Y CONFLICTO SOCIAL'),
(284, 'COMUNICACIONES ANALOGICAS'),
(285, 'COMUNICACIONES DIGITALES'),
(286, 'COMUNICACIONES MOVILES'),
(287, 'CONCEPTOS BASICOS DE PROBABILIDAD UTILIZADOS EN BIOESTADISTICA'),
(288, 'CONCIENCIA CORPORAL, PRE-DANZA Y JUEGO PARA LA ESCUELA'),
(289, 'CONFIGURACION ESPACIAL 1: CUERPO, ESPACIO Y ACCION'),
(290, 'CONFIGURACION ESPACIAL 2: ESPACIO, TERRITORIO E INTERVENCION'),
(291, 'CONJUNTO INSTRUMENTAL IV'),
(292, 'CONSERVACION DE SUELOS'),
(293, 'CONSERVACION DEL PATRIMONIO DOCUMENTAL'),
(294, 'CONSTITUCION INICIAL DEL SUJETO Y PERSPECTIVAS DEL DESARROLLO INFANTIL'),
(295, 'CONSTITUCION POLITICA Y DERECHO LABORAL'),
(296, 'CONSTRUCCION DE EDIFICACIONES'),
(297, 'CONSTRUCCION DE EXPERIENCIAS DE APRENDIZAJE DESDE EL DUA Y EL PIAR'),
(298, 'CONSTRUCCION DE SABERES, CONOCIMIENTOS Y EXPERIENCIAS SOBRE LA NATURALEZA'),
(299, 'CONSTRUCCION DE VIAS Y URBANISMO'),
(300, 'CONSTRUCCION DEL MUNDO MATEMATICO'),
(301, 'CONSTRUCCION SENSIBLE, PENSAMIENTO DIVERGENTE E IMAGINACION CREADORA'),
(302, 'CONSTRUCCION SOCIAL DE LA INFANCIA'),
(303, 'CONSTRUCCION SOSTENIBLE'),
(304, 'CONTABILIDAD'),
(305, 'CONTABILIDAD DE COSTOS'),
(306, 'CONTABILIDAD GENERAL'),
(307, 'CONTABILIDAD Y COSTOS'),
(308, 'CONTACTO I'),
(309, 'CONTACTO II'),
(310, 'CONTAMINACION AMBIENTAL I'),
(311, 'CONTAMINACION AMBIENTAL II'),
(312, 'CONTENIDOS Y PROCESOS ESCULTORICOS'),
(313, 'CONTEXTO Y ESCUELA'),
(314, 'CONTEXTOS EDUCATIVOS I'),
(315, 'CONTEXTOS EDUCATIVOS II'),
(316, 'CONTEXTOS ESCOLARES'),
(317, 'CONTRABAJO'),
(318, 'CONTRABAJO III'),
(319, 'CONTRABAJO VII'),
(320, 'CONTRABAJO VIII'),
(321, 'CONTRABAJO X'),
(322, 'CONTROL'),
(323, 'CONTROL DE MOVIMIENTO'),
(324, 'CONTROL DE PROCESOS'),
(325, 'CONTROL ESTADISTICO DE CALIDAD'),
(326, 'CONTROL I'),
(327, 'CONTROL II'),
(328, 'CONTROL III'),
(329, 'CONTROL INTELIGENTE'),
(330, 'CONTROL Y ASEGURAMIENTO DE LA CALIDAD'),
(331, 'CONTROL Y SUPERVISION DE PROYECTOS'),
(332, 'CONVERGENCIA DIGITAL Y SUBJETIVIDAD. REFLEXIONES PARA EDUCAR EN LA DIVERSIDAD'),
(333, 'CONVERSION ELECTROMAGNETICA'),
(334, 'COORDINACION DE AISLAMIENTO'),
(335, 'CORNO FRANCES VII'),
(336, 'CORNO FRANCES VIII'),
(337, 'CORPORALIDAD Y AUTOBIOGRAFIA'),
(338, 'CORPORALIDAD Y MOVIMIENTO EN LA INFANCIA'),
(339, 'CORPOREIDADES Y ADMINISTRACION DE LA MIRADA'),
(340, 'CORRIENTES PEDAGOGICAS CONTEMPORANEAS'),
(341, 'COSTOS DE PRODUCCIÓN'),
(342, 'COSTOS Y PRESUPUESTOS'),
(343, 'COURSE DESING & METHODOLOGY IN PRIMARY SCHOOL'),
(344, 'COURSE DESING & METHODOLOGY IN SECONDARY SCHOOL'),
(345, 'CREACION DESDE LA PERSPECTIVA DE LA EDUCACION MUSICAL'),
(346, 'CREACION Y MONTAJE DE COMPARSA EN LA ESCUELA'),
(347, 'CRIPTOGRAFIA Y SEGURIDAD EN REDES'),
(348, 'CRIPTOLOGIA'),
(349, 'CUATRO VII'),
(350, 'CUATRO X'),
(351, 'CUENCAS HIDROGRAFICAS'),
(352, 'CUERPO INDIVIDUAL, CUERPO RELACIONAL'),
(353, 'CUERPO RITMICO COREOGRAFICO'),
(354, 'CUERPO Y PERFORMANCE'),
(355, 'CUERPO Y VOZ PARA BAILARINES'),
(356, 'CUERPO, SEXUALIDAD Y LENGUAJE, UNA APROXIMACION PSICOANALITICA.'),
(357, 'CULTURA POLITICA, ETICA Y CIUDADANA'),
(358, 'CULTURA Y SOCIEDAD EN AMERICA LATINA'),
(359, 'CULTURAS Y RELIGIONES'),
(360, 'CUMPLIMIENTO MINERO AMBIENTAL'),
(361, 'CURADURIA'),
(362, 'CURRICULO Y EVALUACION'),
(363, 'CURRICULO Y EVALUACION EN LA EDUCACION INFANTIL'),
(364, 'DANZA - TEATRO: CUERPO, MANIPULACION Y OBJETO'),
(365, 'DANZA CLASICA ELONGACION Y ALINEACION I'),
(366, 'DANZA CLASICA ELONGACION Y ALINEACION II'),
(367, 'DANZA CLASICA: CUERPO Y ESPACIO I'),
(368, 'DANZA CLASICA: CUERPO Y ESPACIO II'),
(369, 'DANZA CLASICA: FLUIDEZ DEL MOVIMIENTO I'),
(370, 'DANZA CLASICA: FLUIDEZ DEL MOVIMIENTO II'),
(371, 'DANZA CLASICA: LABORATORIO DE CREACION CLASICA'),
(372, 'DANZA CLASICA: REPERTORIO CLASICO'),
(373, 'DANZA CLASICA: TEMPO Y MOVIMIENTO I'),
(374, 'DANZA CLASICA: TEMPO Y MOVIMIENTO II'),
(375, 'DANZA CONTEMPORANEA ESCRITURAS DEL MOVIMIENTO'),
(376, 'DANZA CONTEMPORANEA TRANSITOS DINAMICOS'),
(377, 'DANZA CONTEMPORANEA. CUERPO RELACIONAL'),
(378, 'DANZA CONTEMPORANEA. PLANTEAMIENTOS TECNICOS'),
(379, 'DANZA PARA LA ESCENA'),
(380, 'DANZA TEATRO: ORGANICIDAD, IMPULSO Y ACCION FISICA'),
(381, 'DANZA TEATRO: SITUACION, ACCION, PERSONAJE'),
(382, 'DANZA TRADICIONAL COLOMBIANA GENERALIDADES I'),
(383, 'DANZA TRADICIONAL COLOMBIANA GENERALIDADES II'),
(384, 'DANZA TRADICIONAL COLOMBIANA REGION ANDINA I'),
(385, 'DANZA TRADICIONAL COLOMBIANA REGION CARIBE I'),
(386, 'DANZA TRADICIONAL COLOMBIANA REGION CARIBE II'),
(387, 'DANZA TRADICIONAL COLOMBIANA REGION ORINOQUIA'),
(388, 'DANZA TRADICIONAL COLOMBIANA REGION PACIFICA I'),
(389, 'DANZA TRADICIONAL COLOMBIANA REGION PACIFICA II'),
(390, 'DANZA URBANA II'),
(391, 'DATOS MOLECULARES EN BIODIVERSIDAD'),
(392, 'DE LOS MEDIOS PICTORICOS AL COLOR'),
(393, 'DEMOGRAFIA'),
(394, 'DENDROLOGIA I'),
(395, 'DENDROLOGIA II'),
(396, 'DEPORTE DE ALTO RENDIMIENTO'),
(397, 'DEPORTE FORMATIVO'),
(398, 'DEPORTE PARA TODOS Y NUEVAS TENDENCIAS'),
(399, 'DERECHO A LA INFORMACION'),
(400, 'DERECHO EMPRESARIAL'),
(401, 'DERECHOS HUMANOS Y EDUCACION EN DERECHOS HUMANOS'),
(402, 'DESARROLLO COMUNICATIVO EN LENGUA MATERNA'),
(403, 'DESARROLLO DE APLICACIONES MULTIPLATAFORMA'),
(404, 'DESARROLLO DEL ESPIRITU EMPRESARIAL'),
(405, 'DESARROLLO DEL PENSAMIENTO ANALITICO Y CREATIVO'),
(406, 'DESARROLLO ORGANIZACIONAL'),
(407, 'DESARROLLO PSICO- SOCIAL DEL NIÑO'),
(408, 'DESARROLLO SUSTENTABLE'),
(409, 'DESCRIPCION DOCUMENTAL'),
(410, 'DIAGNOSTICO Y GESTION DE LA COMUNICACION COMUNITARIA'),
(411, 'DIBUJO ARTISTICO'),
(412, 'DIBUJO DE ELEMENTOS DE MAQUINAS'),
(413, 'DIBUJO DE TALLER INDUSTRIAL'),
(414, 'DIBUJO EN INGENIERIA'),
(415, 'DIBUJO TECNICO'),
(416, 'DIBUJO VI'),
(417, 'DIBUJO Y GRAMATICA VISUAL'),
(418, 'DIBUJO Y MIMESIS'),
(419, 'DIBUJO Y PENSAMIENTO'),
(420, 'DIBUJO Y SOCIALIDADES'),
(421, 'DIDACTICA DE LA ARITMETICA I'),
(422, 'DIDACTICA DE LA ARITMETICA II'),
(423, 'DIDACTICA DE LA BIOLOGIA'),
(424, 'DIDACTICA DE LA FISICA I'),
(425, 'DIDACTICA DE LA FISICA II'),
(426, 'DIDACTICA DE LA FISICA III'),
(427, 'DIDACTICA DE LA GEOMETRIA'),
(428, 'DIDACTICA DE LA LECTURA Y ESCRITURA'),
(429, 'DIDACTICA DE LA LENGUA Y LA LITERATURA I'),
(430, 'DIDACTICA DE LA LENGUA Y LITERATURA II'),
(431, 'DIDACTICA DE LA PROBABILIDAD Y ESTADISTICA'),
(432, 'DIDACTICA DE LA VARIACION I'),
(433, 'DIDACTICA DEL ALGEBRA'),
(434, 'DIDACTICA DEL CALCULO'),
(435, 'DIGITAL TRANSFORMATION'),
(436, 'DINAMICA DE MECANISMOS'),
(437, 'DINAMICA ESTRUCTURAL'),
(438, 'DINAMICA INDUSTRIAL'),
(439, 'DIRECCION AMBIENTAL DE LA EMPRESA'),
(440, 'DIRECCION DE ACTORES EN TEXTOS REALISTAS'),
(441, 'DIRECCION DE PRODUCCION'),
(442, 'DIRECCION I'),
(443, 'DIRECCION II'),
(444, 'DIRECCION III'),
(445, 'DIRECCION IV'),
(446, 'DISCOGRAFIA POPULAR'),
(447, 'DISCURSO ARGUMENTATIVO'),
(448, 'DISEÑO ARQUITECTURAL DE SOFTWARE Y PATRONES'),
(449, 'DISEÑO ASISTIDO POR COMPUTADOR'),
(450, 'DISEÑO COMPUTACIONAL DE VIAS'),
(451, 'DISEÑO CURRICULAR'),
(452, 'DISEÑO DE DIAGNOSTICOS DE APRENDIZAJE Y UNIDADES DIDACTICAS'),
(453, 'DISEÑO DE ESPECIFICACION DE PROCESOS DE SOLDADURA'),
(454, 'DISEÑO DE ESTRUCTURAS'),
(455, 'DISEÑO DE ESTRUCTURAS METALICAS'),
(456, 'DISEÑO DE EXPERIMENTOS'),
(457, 'DISEÑO DE INSTALACIONES'),
(458, 'DISEÑO DE INSTALACIONES INDUSTRIALES'),
(459, 'DISEÑO DE MAQUINAS'),
(460, 'DISEÑO DE MUESTREO AMBIENTAL'),
(461, 'DISEÑO DE PROCESOS DE FABRICACION'),
(462, 'DISEÑO DE PROCESOS DE PRODUCCION'),
(463, 'DISEÑO DE PROTOTIPOS ELECTRONICOS'),
(464, 'DISEÑO DE PROYECTOS DE AULA EN CIENCIAS SOCIALES'),
(465, 'DISEÑO DE PUESTOS DE TRABAJO'),
(466, 'DISEÑO DE RECIPIENTES A PRESION'),
(467, 'DISEÑO DE REDES DE ACUEDUCTO Y ALCANTARRILLADO'),
(468, 'DISEÑO DE SISTEMAS DE PUESTA A TIERRA'),
(469, 'DISEÑO DE VEHICULOS IMPULSADOS POR POTENCIA HUMANA'),
(470, 'DISEÑO DIGITAL AVANZADO'),
(471, 'DISEÑO DIGITAL CON MICROCONTROLADORES'),
(472, 'DISEÑO ESCENICO : SONIDO'),
(473, 'DISEÑO ESCENICO: ILUMINACION'),
(474, 'DISEÑO ESCENICO: VESTUARIO'),
(475, 'DISEÑO EXPERIMENTAL'),
(476, 'DISEÑO GEOMETRICO DE VIAS'),
(477, 'DISEÑO INDUSTRIAL'),
(478, 'DISEÑO INTEGRADO DE PRODUCTO Y PROCESO'),
(479, 'DISEÑO LOGICO'),
(480, 'DISEÑO POR ELEMENTOS FINITOS'),
(481, 'DISEÑO TOPOGRAFICO'),
(482, 'DISEÑO VIAL COMPUTARIZADO'),
(483, 'DISEÑO Y CONSTRUCCION DE CANALES'),
(484, 'DISEÑO Y CONSTRUCCION DE INFRAESTRUCTURA AEROPORTUORIA'),
(485, 'DISEÑO Y CONSTRUCCION DE PAVIMENTOS'),
(486, 'DISEÑO Y DIAGRAMACION'),
(487, 'DISEÑO Y FORMULACION DE PROYECTOS DE INVESTIGACION SOCIAL Y EDUCATIVA'),
(488, 'DISEÑO Y PLANEACION DE REDES'),
(489, 'DISPOSITIVOS DIGITALES PROGRAMABLES'),
(490, 'DISPOSITIVOS SEMICONDUCTORES'),
(491, 'DIVERSIDAD CULTURAL Y DIDACTICA DE LA FISICA'),
(492, 'DIVERSIDAD DE HEXAPODA'),
(493, 'DIVERSIDAD LINGUISTICA Y CULTURAL DE COLOMBIA'),
(494, 'DOCUMENTOS EN ENTORNOS DIGITALES'),
(495, 'DRAMATURGIA'),
(496, 'DRAMATURGIA DE LA IMAGEN I'),
(497, 'DRAMATURGIA DE LA IMAGEN II'),
(498, 'DRAMATURGIA MUSICAL I'),
(499, 'DRAMATURGIAS DEL CUERPO'),
(500, 'DSP'),
(501, 'ECOLOGIA'),
(502, 'ECOLOGIA AMBIENTAL'),
(503, 'ECOLOGIA ANALITICA'),
(504, 'ECOLOGIA DEL PAISAJE'),
(505, 'ECOLOGIA FORESTAL AVANZADA'),
(506, 'ECOLOGIA FORESTAL BASICA'),
(507, 'ECOLOGIA HUMANA'),
(508, 'ECONOMETRIA'),
(509, 'ECONOMIA'),
(510, 'ECONOMIA AMBIENTAL'),
(511, 'ECONOMIA COLOMBIANA'),
(512, 'ECONOMIA DE RECURSOS NATURALES'),
(513, 'ECONOMIA I'),
(514, 'ECONOMIA II'),
(515, 'ECONOMIA POLITICA DE LA COMUNICACION'),
(516, 'ECOTURISMO Y TURISMO SOSTENIBLE'),
(517, 'ECUACIONES DIFERENCIALES'),
(518, 'EDICION DE MEDIOS'),
(519, 'EDICION FOTOGRAFICA DIGITAL'),
(520, 'EDUCACION AMBIENTAL'),
(521, 'EDUCACION ARTISTICA E INDUSTRIAS CULTURALES, CREATIVAS Y DEL ENTRETENIMIENTO'),
(522, 'EDUCACION ARTISTICA Y GESTION CULTURAL'),
(523, 'EDUCACION EMOCIONAL Y FORMACION DOCENTE'),
(524, 'EDUCACION EN BIOLOGIA Y CONSTRUCCION DE CIUDADANIAS'),
(525, 'EDUCACION EN TECNOLOGIA'),
(526, 'EDUCACION LITERARIA Y LITERATURA INFANTIL EN CONTEXTOS MULTICULTURALES'),
(527, 'EDUCACION MATEMATICA Y CURRICULO. PRACTICA'),
(528, 'EDUCACION MUSICAL BASICA I'),
(529, 'EDUCACION MUSICAL BASICA II'),
(530, 'EDUCACION MUSICAL I'),
(531, 'EDUCACION MUSICAL II'),
(532, 'EDUCACION PARA LA SALUD'),
(533, 'EDUCACION PUBLICA: FUNDAMENTOS PARA UNA FORMACION ETICOPOLITICA'),
(534, 'EDUCACION Y CULTURA'),
(535, 'EDUCACION Y PEDAGOGIA'),
(536, 'EDUCACION, CULTURA Y PEDAGOGIAS DE LA DIFERENCIA'),
(537, 'EDUCACION, CULTURA Y POLITICA'),
(538, 'EDUCATIONAL CONTEXT IN PRIMARY SCHOOL'),
(539, 'EDUCATIONAL CONTEXT IN SECONDARY SCHOOL'),
(540, 'EDUCATIONAL RESEARCH PROJET'),
(541, 'EL ARTE DE ANDAR'),
(542, 'EL CINE COMO OBJETO Y FUENTE DE LAS CIENCIAS SOCIALES'),
(543, 'EL ECOTURISMO UNA EMPRESA RENTABLE'),
(544, 'EL LABERINTO DE LA PALABRA'),
(545, 'EL LENGUAJE DE LA CIENCIA: TALLER DE TEXTO CIENTIFICO'),
(546, 'EL LENGUAJE PARA LA EDUCACION INFANTIL'),
(547, 'EL OBJETO Y SUS ESTETICAS'),
(548, 'EL SANEAMIENTO AMBIENTAL DESDE NUESTRO PUEBLOS ORIGINARIOS'),
(549, 'EL TEATRO EN LA HISTORIA'),
(550, 'ELECTIVA DE COMPLEMENTACION PROFESIONAL I'),
(551, 'ELECTIVA DE COMPLEMENTACION PROFESIONAL II'),
(552, 'ELECTIVA DE COMPLEMENTACION PROFESIONAL III'),
(553, 'ELECTIVA EN EL AREA DE PROFUNDIZACION'),
(554, 'ELECTIVA EN EL AREA DE TRABAJO DE GRADO'),
(555, 'ELECTIVA EN PRACTICA PEDAGOGICA I'),
(556, 'ELECTIVA I'),
(557, 'ELECTIVA II'),
(558, 'ELECTIVA INTRINSECA III'),
(559, 'ELECTIVA SOCIOHUMANISTICA'),
(560, 'ELECTIVA VI'),
(561, 'ELECTRICIDAD Y MAGNETISMO'),
(562, 'ELECTROMAGNETISMO'),
(563, 'ELECTRONICA APLICADA'),
(564, 'ELECTRONICA DE POTENCIA'),
(565, 'ELECTRONICA DIGITAL'),
(566, 'ELECTRONICA DIGITAL Y LABORATORIO I'),
(567, 'ELECTRONICA I'),
(568, 'ELECTRONICA II'),
(569, 'ELECTRONICA III'),
(570, 'ELECTRONICA INDUSTRIAL'),
(572, 'ELEMENTOS COMPUTACIONALES'),
(573, 'ELEMENTOS DE MAQUINAS I'),
(574, 'ELEMENTOS DE MAQUINAS II'),
(575, 'ELEMENTOS DE PLANIFICACION AMBIENTAL TERRITORIAL'),
(576, 'EMISIONES ATMOSFERICAS'),
(577, 'EMP-GEST. EMP.'),
(578, 'EMPRENDIMIENTO'),
(579, 'EMPRENDIMIENTO EMPRESARIAL'),
(580, 'EMPRENDIMIENTO EMPRESARIAL E IDEAS DE NEGOCIOS'),
(581, 'EMPRENDIMIENTO FORESTAL'),
(582, 'ENEGRECER LA FORMACION DOCENTE: CUERPOS Y SUBJETIVIDADES NEGRAS EN LA DANZA'),
(583, 'ENERGIA SOLAR Y MEDIO AMBIENTE'),
(584, 'ENERGIA Y MEDIO AMBIENTE'),
(585, 'ENERGIAS ALTERNATIVAS'),
(586, 'ENERGIAS RENOVABLES'),
(587, 'ENFASIS I'),
(588, 'ENFASIS II'),
(589, 'ENFASIS III'),
(590, 'ENFASIS IV'),
(591, 'ENFASIS V'),
(592, 'ENFASIS VI'),
(593, 'ENFOQUE REGIONAL DE LOS CERROS ORIENTALES'),
(594, 'ENFOQUES'),
(595, 'ENFOQUES CURRICULARES EN EDUCACION ARTISTICA'),
(596, 'ENFOQUES EPISTEMOLOGICOS Y METODOLOGICOS EN INVESTIGACION EDUCATIVA'),
(597, 'ENFOQUES EPISTEMOLOGICOS Y METODOLOGICOS EN INVESTIGACION SOCIAL'),
(598, 'ENFOQUES EVALUATIVOS EN EDUCACION ARTISTICA'),
(599, 'ENFOQUES METODOLOGICOS EN EDUCACION ARTISTICA'),
(600, 'ENGLISH LANGUAGE FORMS'),
(601, 'ENSAMBLE'),
(602, 'ENSAMBLE DE FACULTAD'),
(603, 'ENSAMBLE I'),
(604, 'ENSAMBLE II'),
(605, 'ENSAMBLE III'),
(606, 'ENSAMBLE IV'),
(607, 'ENSAMBLE V'),
(608, 'ENSAMBLE VI'),
(609, 'ENSAMBLE VII'),
(610, 'ENSAMBLE VIII'),
(611, 'ENSAMBLE VOCAL INSTRUMENTAL EN LA ESCUELA'),
(612, 'ENSEÑANZA DE LAS CIENCIAS SOCIALES EN COLOMBIA'),
(613, 'EPIDEMIOLOGIA'),
(614, 'EPISTEMOLOGIA DE LA FISICA'),
(615, 'EPISTEMOLOGIA DE LA FISICA I'),
(616, 'EPISTEMOLOGIA DE LA FISICA II'),
(617, 'EPISTEMOLOGIA DE LA PEDAGOGIA'),
(618, 'EPISTEMOLOGIA DE LA QUIMICA'),
(619, 'EPISTEMOLOGIA DE LAS CIENCIAS'),
(620, 'EPISTEMOLOGIA E HISTORIA DE LA BIOLOGIA'),
(621, 'EPISTEMOLOGIA Y PEDAGOGIA'),
(622, 'EPISTEMOLOGIAS, EDUCACION Y PEDAGOGIA'),
(623, 'ERGONOMIA'),
(624, 'ESCENARIOS Y ENTORNOS DEPORTIVOS'),
(625, 'ESCENOGRAFIA'),
(626, 'ESCRITURA DE ESCENARIO'),
(627, 'ESCRITURA DE TESIS'),
(628, 'ESCRITURA Y MONTAJE DEL TEATRO PARA LA ESCUELA'),
(629, 'ESCUELA Y FORMACION CIUDADANA'),
(630, 'ESPACIOS ARTISTICOS PARA VER Y OIR'),
(631, 'ESPECTROSCOPIA AVANZADA'),
(632, 'ESPECTROSCOPIA BASICA'),
(633, 'ESTABILIDAD DE TALUDES'),
(634, 'ESTADISTICA'),
(635, 'ESTADISTICA DESCRIPTIVA'),
(636, 'ESTADISTICA INFERENCIAL'),
(637, 'ESTADISTICA INFERENCIAL Y DISEÑO DE EXPERIMENTOS'),
(638, 'ESTADISTICA PARA LAS CIENCIAS SOCIALES'),
(639, 'ESTADISTICA Y PROBABILIDAD'),
(640, 'ESTADO SOLIDO Y DISPOSITIVOS SEMICONDUCTORES'),
(641, 'ESTATICA'),
(642, 'ESTETICAS DRAG, TRANS Y QUEER PARA UNA SOCIEDAD IGUALITARIA'),
(643, 'ESTRATEGIAS PARA LA ADAPTACION AL CAMBIO CLIMATICO'),
(644, 'ESTRATIFICACION SOCIOECONOMICA'),
(645, 'ESTRUCTURA DE DATOS'),
(646, 'ESTRUCTURA MENTAL Y COMPORTAMIENTOS PRODUCTIVOS'),
(647, 'ESTRUCTURAS DE MADERA'),
(648, 'ESTRUCTURAS HIDRAULICAS'),
(649, 'ESTUDIOS LITERARIOS'),
(650, 'ESTUDIOS Y ANALISIS DEL DISCURSO'),
(651, 'ETICA AMBIENTAL'),
(652, 'ETICA DE LA COMUNICACION Y LOS MEDIOS'),
(653, 'ETICA E INTRODUCCION A LA INGENIERIA TOPOGRAFICA'),
(654, 'ETICA PROFESIONAL'),
(655, 'ETICA Y BIOETICA'),
(656, 'ETICA Y BIOETICA PROFESIONAL'),
(657, 'ETICA Y SOCIEDAD'),
(658, 'ETNOGRAFIA DE AULA'),
(659, 'EUFONIO IV'),
(660, 'EUFONIO VIII'),
(661, 'EVALUACION'),
(662, 'EVALUACION AMBIENTAL'),
(663, 'EVALUACION AMBIENTAL DE LOS RESIDUOS PELIGROSOS'),
(664, 'EVALUACION AMBIENTAL I'),
(665, 'EVALUACION AMBIENTAL II'),
(666, 'EVALUACION DE APRENDIZAJE'),
(667, 'EVALUACION DE IMPACTO AMBIENTAL'),
(668, 'EVALUACION DE PROYECTOS FORESTALES'),
(669, 'EVALUACION DEL IMPACTO AMBIENTAL'),
(670, 'EVALUACION SOCIAL DE PROYECTOS'),
(671, 'EVALUACION SOCIAL Y ECONOMICA DE PROYECTOS'),
(672, 'EVALUATION PROCESSES IN L2'),
(673, 'EVOLUCION'),
(674, 'EXPERIMENTACION FOTOGRAFICA'),
(675, 'EXPRESION ARTISTICA MUSICAL'),
(676, 'EXPRESION DIGITAL III'),
(677, 'EXPRESION DIGITAL IV'),
(678, 'EXPRESION GRAFICA'),
(679, 'EXTENSION FORESTAL'),
(680, 'EXTENSION TECNICA SOCIAL'),
(681, 'EXTENSIONES NUMERICAS'),
(682, 'FACTORES DE RIESGO AMBIENTAL EN SALUD PÚBLICA'),
(683, 'FACTORES HUMANOS'),
(684, 'FAGOT VII'),
(685, 'FERTILIZANTES Y FERTILIZACION'),
(686, 'FILOSOFIA'),
(687, 'FILOSOFIA DE LA EDUCACION'),
(688, 'FILOSOFIA PARA NIÑAS Y NIÑOS'),
(689, 'FIRST AND SECOND LANGUAGE ACQUISITION'),
(690, 'FISICA'),
(691, 'FISICA ANATOMICA Y NUCLEAR'),
(692, 'FISICA CLASICA'),
(693, 'FISICA COMPUTACIONAL I'),
(694, 'FISICA COMPUTACIONAL II'),
(695, 'FISICA DE ONDAS'),
(696, 'FISICA DE SEMICONDUCTORES'),
(697, 'FISICA ESTADISTICA'),
(698, 'FISICA I'),
(699, 'FISICA I Y LABORATORIO'),
(700, 'FISICA I: MECANICA NEWTONIANA'),
(701, 'FISICA II'),
(702, 'FISICA II Y LABORATORIO'),
(703, 'FISICA II: ELECTROMAGNETISMO'),
(704, 'FISICA III Y LABORATORIO'),
(705, 'FISICA III: ONDAS Y FISICA '),
(706, 'FISICA III: ONDAS Y FISICA MODERNA'),
(707, 'FISICA MECANICA'),
(708, 'FISICA MODERNA'),
(709, 'FISICA MODERNA II'),
(710, 'FISICA MODERNA Y LABORATORIO'),
(711, 'FISICA ONDULATORIA'),
(712, 'FISICO QUIMICA DE FLUIDOS'),
(713, 'FISICO-QUIMICA'),
(714, 'FISICOQUIMICA I'),
(715, 'FISICOQUIMICA I: TERMODINAMICA'),
(716, 'FISICOQUIMICA II'),
(717, 'FISICOQUIMICA II: ESPONTANEIDAD Y EQUILIBRIO'),
(718, 'FISIOLOGIA ANIMAL'),
(719, 'FISIOLOGIA FORESTAL'),
(720, 'FISIOLOGIA VEGETAL'),
(721, 'FITOMEJORAMIENTO FORESTAL'),
(722, 'FLAUTA TRAVERSA II'),
(723, 'FLAUTA TRAVERSA IV'),
(724, 'FLAUTA TRAVERSA IX'),
(725, 'FLAUTA TRAVERSA V'),
(726, 'FLAUTA TRAVERSA VI'),
(727, 'FLAUTA TRAVERSA VII'),
(728, 'FLAUTA TRAVERSA VIII'),
(729, 'FLUIDOS Y TERMODINAMICA'),
(730, 'FONETICA Y FONOLOGIA'),
(731, 'FORMACION AUDITIVA I'),
(732, 'FORMACION AUDITIVA II'),
(733, 'FORMACION AUDITIVA III'),
(734, 'FORMACION AUDITIVA IV'),
(735, 'FORMACION DE MAESTROS PARA POBLACIONES CON NECESIDADES ESPECIALES (NEES)'),
(736, 'FORMACION DE MEDIADORES DE LECTURA Y ESCRITURA LITERARIA EN ESPACIOS ESCOLARES'),
(737, 'FORMACION DE MEDIADORES DE LECTURA Y ESCRITURA LITERARIA EN ESPACIOS NO ESCOLARE'),
(738, 'FORMACION INTEGRAL DE EDUCADORES'),
(739, 'FORMAS POETICAS EN ALGUNAS MUSICAS TRADICIONALES: ESTUDIO Y PRACTICA'),
(740, 'FORMAS Y TRENZAS'),
(741, 'FORMULACION DE PROYECTOS TECNOLOGICOS'),
(742, 'FORMULACION Y EVALUACION DE PROYECTOS'),
(743, 'FORMULACION Y EVALUACION DE PROYECTOS AMBIENTALES'),
(744, 'FORMULACION, GESTION  Y EVALUACION DE PROYECTOS'),
(745, 'FOTOGRABADO'),
(746, 'FOTOGRAFIA'),
(747, 'FOTOGRAFIA E IMAGEN EN MOVIMIENTO'),
(748, 'FOTOGRAFIA I'),
(749, 'FOTOGRAFIA Y VIDEO DIGITAL'),
(750, 'FOTOGRAFIA Y VIDEO III'),
(751, 'FOTOGRAMETRIA'),
(752, 'FOTOGRAMETRIA DIGITAL'),
(753, 'FOTOGRAMETRIA Y FOTOINTERPRETACION'),
(754, 'FUNDACIONES'),
(755, 'FUNDAMENTACION TEORICA'),
(756, 'FUNDAMENTOS DE ACUEDUCTOS Y ALCANTARILLADOS'),
(757, 'FUNDAMENTOS DE ADMINISTRACION Y GESTION EMPRESARIAL'),
(758, 'FUNDAMENTOS DE ARCHIVISTICA'),
(759, 'FUNDAMENTOS DE BASES DE DATOS'),
(760, 'FUNDAMENTOS DE BIOJURIDICA Y BIOPOLITICA'),
(761, 'FUNDAMENTOS DE CIRCUITOS DIGITALES'),
(762, 'FUNDAMENTOS DE DIRECCION'),
(763, 'FUNDAMENTOS DE DIRECCION I'),
(764, 'FUNDAMENTOS DE DIRECCION IV'),
(765, 'FUNDAMENTOS DE DISEÑO ESCENICO'),
(766, 'FUNDAMENTOS DE ECOLOGIA'),
(767, 'FUNDAMENTOS DE GESTION AMBIENTAL'),
(768, 'FUNDAMENTOS DE INGENIERIA DE SOFTWARE'),
(769, 'FUNDAMENTOS DE INTELIGENCIA ARTIFICIAL'),
(770, 'FUNDAMENTOS DE INVESTIGACION EN COMUNICACION Y PERIODISMO'),
(771, 'FUNDAMENTOS DE LENGUA Y CULTURA GRECO - LATINA'),
(772, 'FUNDAMENTOS DE MATEMATICAS'),
(773, 'FUNDAMENTOS DE MATEMATICAS Y GEOMETRIA'),
(774, 'FUNDAMENTOS DE METROLOGIA'),
(775, 'FUNDAMENTOS DE MICROSCOPIA E HISTOTECNOLOGIA'),
(776, 'FUNDAMENTOS DE ORGANIZACIÓN'),
(777, 'FUNDAMENTOS DE PEDAGOGIA Y EDUCACION'),
(778, 'FUNDAMENTOS DE PROGRAMACION'),
(779, 'FUNDAMENTOS DE PSICOLOGIA'),
(780, 'FUNDAMENTOS DE QUIMICA'),
(781, 'FUNDAMENTOS DE SELECCION DE MATERIALES'),
(782, 'FUNDAMENTOS DE TECNOLOGIAS DE LA INFORMACION Y LA COMUNICACIÓN'),
(783, 'FUNDAMENTOS DE TELEMATICA'),
(784, 'FUNDAMENTOS QUIMICOS Y BIOQUIMICOS'),
(785, 'GABO: OFICIO DE PERIODISMO'),
(786, 'GENERACION DE ENERGIA ELECTRICA'),
(787, 'GENERACION ENERGIA ELECTRICA'),
(788, 'GENERACION HIDROELECTRICA'),
(789, 'GENERO Y DEPORTE'),
(790, 'GENEROS DE OPINION E INTERPRETACION'),
(791, 'GENEROS INFORMATIVOS'),
(792, 'GENETICA'),
(793, 'GENETICA MOLECULAR'),
(794, 'GEODESIA FISICA'),
(795, 'GEODESIA GEOMETRICA'),
(796, 'GEODESIA POSICIONAL'),
(797, 'GEODESIA SATELITAL'),
(798, 'GEOESTADISTICA'),
(799, 'GEOFISICA'),
(800, 'GEOGRAFIA DEL CUENTO FANTASTICO EN AMERICA LATINA'),
(801, 'GEOGRAFIA ECONOMICA'),
(802, 'GEOGRAFIA HUMANA Y FISICA'),
(803, 'GEOLOGIA'),
(804, 'GEOLOGIA AMBIENTAL'),
(805, 'GEOLOGIA Y GEOMORFOLOGIA'),
(806, 'GEOMATICA I'),
(807, 'GEOMATICA II'),
(808, 'GEOMETRIA ANALITICA'),
(809, 'GEOMETRIA DE NUMEROS COMPLEJOS'),
(810, 'GEOMETRIA DE SUPERFICIES'),
(811, 'GEOMETRIA DESCRIPTIVA'),
(812, 'GEOMETRIA ELEMENTAL'),
(813, 'GEOMETRIA EUCLIDIANA'),
(814, 'GEOPOLITICA'),
(815, 'GERENCIA DE PRODUCCION'),
(816, 'GERENCIA DE PROYECTOS'),
(817, 'GERENCIA DEL TALENTO HUMANO'),
(818, 'GERENCIA ESTRATEGICA'),
(819, 'GERENCIA INTEGRAL Y GESTION PUBLICA'),
(820, 'GERENCIA SOCIAL'),
(821, 'GERENCIA Y AUDITORIA EN REDES'),
(822, 'GESTION AMBIENTAL'),
(823, 'GESTION AMBIENTAL DE LA PRODUCCION'),
(824, 'GESTION AMBIENTAL DE RECURSOS HIDRICOS'),
(825, 'GESTION AMBIENTAL II'),
(826, 'GESTION AMBIENTAL TERRITORIAL'),
(827, 'GESTION CATASTRAL Y CATASTRO MULTIPROPOSITO'),
(828, 'GESTION COMERCIAL DE LOS SERVICIOS PUBLICOS'),
(829, 'GESTION CULTURAL'),
(830, 'GESTION DE CALIDAD'),
(831, 'GESTION DE COLECCIONES DE DOCUMENTOS DIGITALES'),
(832, 'GESTION DE CONTENIDOS'),
(833, 'GESTION DE DATOS E INFORMACION'),
(834, 'GESTION DE INOCUIDAD'),
(835, 'GESTION DE LA CALIDAD'),
(836, 'GESTION DE LA SEGURIDAD INDUSTRIAL'),
(837, 'GESTION DE LOS SISTEMAS DE CALIDAD'),
(838, 'GESTION DE MANTENIMIENTO PARA INGENIEROS INDUSTRIALES'),
(839, 'GESTION DE OPERACIONES'),
(840, 'GESTION DE PROYECTOS DE INVESTIGACION'),
(841, 'GESTION DE RECURSOS'),
(842, 'GESTION DE RECURSOS FORESTALES'),
(843, 'GESTION DE REDES TELEMATICAS'),
(844, 'GESTION DE RIESGOS'),
(845, 'GESTION DE SEGURIDAD Y SALUD OCUPACIONAL'),
(846, 'GESTION DE SELLOS VERDES'),
(847, 'GESTION DE TECNOLOGIA'),
(848, 'GESTION DEL CONOCIMIENTO'),
(849, 'GESTION DEL DESARROLLO HUMANO'),
(850, 'GESTION DEL ESPECTRO RADIOELECTRICO'),
(851, 'GESTION DEL RIESGO'),
(852, 'GESTION DEL RIESGO E INCERTIDUMBRE. MODELOS DINAMICOS-POLITICAS AMBIENTALES'),
(853, 'GESTION DEL TALENTO HUMANO.'),
(854, 'GESTION DOCUMENTAL'),
(855, 'GESTION E INNOVACION TECNOLOGICA'),
(856, 'GESTION EMPRESARIAL IV'),
(857, 'GESTION EN SEGURIDAD INDUSTRIAL Y SALUD OCUPACIONAL'),
(858, 'GESTION FINANCIERA'),
(859, 'GESTION HUMANA'),
(860, 'GESTION INTEGRAL DE RESIDUOS SOLIDOS'),
(861, 'GESTION PUBLICA'),
(862, 'GESTION TECNOLOGICA'),
(863, 'GESTION Y POLITICAS PUBLICAS'),
(864, 'GESTION Y POLITICAS PUBLICAS DE COMUNICACION'),
(865, 'GESTION Y PRODUCCION ARTISTICA Y CULTURAL'),
(866, 'GESTION Y PRODUCCION EN ARTES ESCENICAS'),
(867, 'GESTION, CALIDAD, VERIFICACION Y VALIDACION DE SOFTWARE'),
(868, 'GLOBALIZACION'),
(869, 'GOBIERNO ELECTRONICO'),
(870, 'GRABACION DIGITAL DE AUDIO I'),
(871, 'GRABADO CALCOGRAFICO'),
(872, 'GRABADO EN RELIEVE'),
(873, 'GRABADO III'),
(874, 'GRABADO IV'),
(875, 'GRAMATICA MUSICAL EN EDUCACION ARTISTICA'),
(876, 'GRAMATICAS DEL DIBUJO 1'),
(877, 'GRAMATICAS DEL DIBUJO 2'),
(878, 'GRAMATICAS PLASTICAS Y VISUALES 1'),
(879, 'GRAMATICAS PLASTICAS Y VISUALES 2'),
(880, 'GUION CINEMATOGRAFICO'),
(881, 'GUITARRA ACUSTICA'),
(882, 'GUITARRA ACUSTICA III'),
(883, 'GUITARRA ACUSTICA IV'),
(884, 'GUITARRA ACUSTICA IX'),
(885, 'GUITARRA ACUSTICA V'),
(886, 'GUITARRA ACUSTICA VI'),
(887, 'GUITARRA ACUSTICA VII'),
(888, 'GUITARRA ACÚSTICA VIII'),
(889, 'GUITARRA ACUSTICA X'),
(890, 'GUITARRA ELECTRICA'),
(891, 'GUITARRA ELECTRICA II'),
(892, 'GUITARRA ELECTRICA III'),
(893, 'GUITARRA ELECTRICA IV'),
(894, 'GUITARRA ELÉCTRICA IX'),
(895, 'GUITARRA ELECTRICA V'),
(896, 'GUITARRA ELECTRICA VI'),
(897, 'GUITARRA ELECTRICA VII'),
(898, 'GUITARRA ELÉCTRICA VIII'),
(899, 'GUITARRA ELECTRICA X'),
(900, 'GUITARRA POPULAR Y CLASICA'),
(901, 'HABILIDADES GERENCIALES'),
(902, 'HECHO CINEMATOGRAFICO / AUDIOVISUAL'),
(903, 'HERRAMIENTAS COMPUTACIONALES PARA INGENIERIA'),
(904, 'HERRAMIENTAS DE DISEÑO Y ANIMACION'),
(905, 'HERRAMIENTAS OFIMATICAS PARA LA ADMINISTRACION'),
(906, 'HIDRAULICA'),
(907, 'HIDROGEOLOGIA'),
(908, 'HIDROLOGIA'),
(909, 'HIGIENE INDUSTRIAL'),
(910, 'HIGIENE Y SEGURIDAD DEPORTIVA'),
(911, 'HIPERTEXTO'),
(912, 'HISTOLOGIA VEGETAL'),
(913, 'HISTORIA'),
(914, 'HISTORIA DE LA EDUCACION Y LA PEDAGOGIA'),
(915, 'HISTORIA DE LA LENGUA'),
(916, 'HISTORIA DE LA MATEMATICA'),
(917, 'HISTORIA DE LA PEDAGOGIA'),
(918, 'HISTORIA DE LA QUIMICA'),
(919, 'HISTORIA DEL ARTE'),
(920, 'HISTORIA DEL ARTE DE COLOMBIA: LOCALISMOS Y CONTEXTOS'),
(921, 'HISTORIA DEL ARTE EN AMERICA LATINA Y MIRADAS DECOLONIALES'),
(922, 'HISTORIA DEL ARTE Y MANIFESTACIONES DE LO SAGRADO'),
(923, 'HISTORIA DEL ARTE, NACION Y ESTADO'),
(924, 'HISTORIA SOCIAL DE LA COMUNICACION EN COLOMBIA'),
(925, 'HISTORIA SOCIAL DE LA COMUNICACION EN EL MUNDO'),
(926, 'HISTORIA SOCIAL Y POLITICA DE COLOMBIA'),
(927, 'HISTORIA Y CULTURA COLOMBIANA'),
(928, 'HISTORIAS DE LAS MUSICAS PARA NO MUSICOS'),
(929, 'HOMBRE SOCIEDAD Y ECOLOGIA'),
(930, 'HUMANIDADES'),
(931, 'HUMANIDADES VI'),
(932, 'HUMANIDADES VII'),
(933, 'I.P. FLAUTA TRAVERSA VI'),
(934, 'IDEAS Y MODELOS PEDAGOGICOS'),
(935, 'ILUMINACION'),
(936, 'ILUSTRACION DIGITAL'),
(937, 'ILUSTRACION EDITORIAL COMO LENGUAJE VISUAL PARA LA PEDAGOGIA Y LA COMUNICACION'),
(938, 'IMAGEN DINAMICA'),
(939, 'IMPROVISACION APLICADA A LA DANZA'),
(940, 'IMPROVISACION, EXPERIENCIACION'),
(941, 'IMPUGNACIONES: POST-COLONIALIDAD Y DE-COLONIALIDAD'),
(942, 'INCLUSIVE EDUCATION STRATEGIES FOR EFL TEACHING CONTEXT'),
(943, 'INDUCCION I'),
(944, 'INDUCCION II'),
(945, 'INDUSTRIA 4.0 APLICADA'),
(946, 'INDUSTRIAS FORESTALES I'),
(947, 'INDUSTRIAS FORESTALES II'),
(948, 'INFANCIAS Y REDES DE CUIDADO: COMUNIDAD, ESCUELA Y FAMILIA'),
(949, 'INFORMACION CIENTIFICA'),
(950, 'INFORMATICA Y ALGORITMOS'),
(951, 'INFORMATICA Y PROGRAMACION BASICA I'),
(952, 'INFORMATICA Y SOCIEDAD'),
(953, 'INGENIERIA AMBIENTAL'),
(954, 'INGENIERIA ASISTIDA POR COMPUTADOR'),
(955, 'INGENIERIA DE MANUFACTURA'),
(956, 'INGENIERIA DE METODOS Y TIEMPOS'),
(957, 'INGENIERIA DE SISTEMAS SOCIALES PARA EL TERRITORIO'),
(958, 'INGENIERIA DE SOFTWARE'),
(959, 'INGENIERIA DE TRAFICO'),
(960, 'INGENIERIA DE TRANSITO Y TRANSPORTE'),
(961, 'INGENIERIA DEL AUTOMOVIL'),
(962, 'INGENIERIA ECONOMICA'),
(963, 'INICIACION EN COMPOSICION Y ARREGLOS'),
(964, 'INICIACION EN COMPOSICION Y ARREGLOS II'),
(965, 'INICIATIVAS EXPERIMENTALES EN LA CIUDAD'),
(966, 'INICIATIVAS Y EMPRENDIMIENTO CULTURAL'),
(967, 'INNOVACION EMPRESARIAL'),
(968, 'INNOVACION Y EMPRENDIMIENTO'),
(969, 'INSTALACIONES ELECTRICAS'),
(970, 'INSTALACIONES HIDROSANITARIAS Y DE GAS EN EDIFICACIONES'),
(971, 'INSTITUCIONES Y DOCUMENTOS'),
(972, 'INSTRUMENTACION'),
(973, 'INSTRUMENTACION DE PROCESOS I'),
(974, 'INSTRUMENTACION DE PROCESOS II'),
(975, 'INSTRUMENTACION ELECTRONICA I'),
(976, 'INSTRUMENTACION ELECTRONICA II'),
(977, 'INSTRUMENTACION I'),
(978, 'INSTRUMENTACION II'),
(979, 'INSTRUMENTACION III'),
(980, 'INSTRUMENTACION INDUSTRIAL'),
(981, 'INSTRUMENTACION IV'),
(982, 'INSTRUMENTACION Y MEDIDAS'),
(983, 'INSTRUMENTO COMPLEMENTARIO I'),
(984, 'INSTRUMENTO COMPLEMENTARIO II'),
(985, 'INSTRUMENTO COMPLEMENTARIO III'),
(986, 'INSTRUMENTO COMPLEMENTARIO IV'),
(987, 'INSTRUMENTOS OPERATIVOS'),
(988, 'INT. A LA GESTION AMBIENTAL Y LOS SERVIC. PUBLICOS'),
(989, 'INTEGRAL I'),
(990, 'INTEGRAL II'),
(991, 'INTEGRAL III'),
(992, 'INTEGRAL IV'),
(993, 'INTEGRAL V'),
(994, 'INTELIGENCIA ARTIFICIAL'),
(995, 'INTELIGENCIA ARTIFICIAL APLICADA AL TERRITORIO'),
(996, 'INTELIGENCIA ARTIFICIAL I'),
(997, 'INTELIGENCIA ARTIFICIAL II'),
(998, 'INTELIGENCIA COMPUTACIONAL I'),
(999, 'INTELIGENCIA COMPUTACIONAL II'),
(1000, 'INTELIGENCIA DE NEGOCIOS Y VIGILANCIA TECNOLOGICA'),
(1001, 'INTERCULTURALIDAD, MEMORIA Y PAZ'),
(1002, 'INTERFEROMETRIA DE RADAR'),
(1003, 'INTERMEDIATE ENGLISH'),
(1004, 'INTERVENTORIA DE OBRAS'),
(1005, 'INTERVENTORIA PARA INGENIEROS'),
(1006, 'INTRODUCCION A ALGORITMOS'),
(1007, 'INTRODUCCION A LA ADMINISTRACION AMBIENTAL'),
(1008, 'INTRODUCCION A LA ASTROFISICA'),
(1009, 'INTRODUCCION A LA CEM'),
(1010, 'INTRODUCCION A LA CIENCIA DE DATOS EN INGENIERIA DE SISTEMAS'),
(1011, 'INTRODUCCION A LA CIENCIA DE MATERIALES'),
(1012, 'INTRODUCCION A LA CONTAMINACION AMBIENTAL'),
(1013, 'INTRODUCCION A LA DIDACTICA'),
(1014, 'INTRODUCCION A LA DIRECCION DE PROYECTOS'),
(1015, 'INTRODUCCIÓN A LA ELECTRICIDAD'),
(1016, 'INTRODUCCION A LA ELECTRONICA'),
(1017, 'INTRODUCCION A LA FISICA'),
(1018, 'INTRODUCCION A LA FISICA DEL ESTADO SOLIDO'),
(1019, 'INTRODUCCION A LA GESTION AMBIENTAL'),
(1020, 'INTRODUCCION A LA HISTORIA DEL ARTE'),
(1021, 'INTRODUCCION A LA INGENIERIA AMBIENTAL'),
(1022, 'INTRODUCCION A LA INGENIERIA FORESTAL'),
(1023, 'INTRODUCCION A LA INGENIERIA SANITARIA'),
(1024, 'INTRODUCCION A LA LINGUISTICA'),
(1025, 'INTRODUCCION A LA LITERATURA'),
(1026, 'INTRODUCCION A LA MECANICA CUANTICA'),
(1027, 'INTRODUCCION A LA MECANICA INDUSTRIAL'),
(1028, 'INTRODUCCION A LA OPTIMIZACION'),
(1029, 'INTRODUCCION A LA PRODUCCION INDUSTRIAL'),
(1030, 'INTRODUCCION A LA ROBOTICA'),
(1031, 'INTRODUCCION A LA TEORIA DE NUMEROS'),
(1032, 'INTRODUCCION A LA TEORIA ESPECIAL DE LA RELATIVIDAD'),
(1033, 'INTRODUCCION A LAS CONSTRUCCIONES CIVILES'),
(1034, 'INTRODUCCION AL ANALISIS DE DATOS APOYADO EN SOFTWARE'),
(1035, 'INTRODUCCION AL CALCULO'),
(1036, 'INTRODUCCION AL CONTROL DE LOS SISTEMAS ROBOTICOS'),
(1037, 'INTRODUCCION AL LATEX'),
(1038, 'INTRODUCCION AL SANEAMIENTO AMBIENTAL'),
(1039, 'INTRODUCCION Y CLASIFICACION DE LOS DEPORTES'),
(1040, 'INVESTIGACION APLICADA A LA DANZA TRADICIONAL COLOMBIANA'),
(1041, 'INVESTIGACION DE MERCADOS'),
(1042, 'INVESTIGACION DE OPERACIONES'),
(1043, 'INVESTIGACION DE OPERACIONES I'),
(1044, 'INVESTIGACION DE OPERACIONES II'),
(1045, 'INVESTIGACION DE OPERACIONES III'),
(1046, 'INVESTIGACION EDUCATIVA'),
(1047, 'INVESTIGACION EDUCATIVA Y EN EL AULA'),
(1048, 'INVESTIGACION EN ARTE'),
(1049, 'INVESTIGACION EN ARTE I'),
(1050, 'INVESTIGACION EN ARTE II'),
(1051, 'INVESTIGACION EN EL AULA I'),
(1052, 'INVESTIGACION EN EL AULA II'),
(1053, 'INVESTIGACION EN ENSEÑANZA DE LA FISICA'),
(1054, 'INVESTIGACION FORMATIVA'),
(1055, 'INVESTIGACION I'),
(1056, 'INVESTIGACION II'),
(1057, 'INVESTIGACION III'),
(1058, 'INVESTIGACION Y PRACTICA PEDAGOGICA I'),
(1059, 'INVESTIGACION Y PRACTICA PEDAGOGICA II'),
(1060, 'INVESTIGACION Y PRACTICA PEDAGOGICA III'),
(1061, 'INVESTIGACION Y SISTEMATIZACION DE EXPERIENCIAS EN DIDACTICA DE LA LITERATURA'),
(1062, 'INVESTIGACION Y SISTEMATIZACION DE EXPERIENCIAS EN DIDACTICAS DE LA MUSICA'),
(1063, 'INVESTIGACION Y SISTEMATIZACION DE EXPERIENCIAS EN DIDACTICAS DE LAS ARTES ESCEN'),
(1064, 'INVESTIGACION Y SISTEMATIZACION DE EXPERIENCIAS EN DIDACTICAS DE LAS ARTES PLAST'),
(1065, 'JUEGO Y OTRAS FORMAS DE COMUNICACION'),
(1066, 'JUEGOS GERENCIALES Y TOMA DE DECISIONES'),
(1067, 'LA ACCION DIDACTICA EN ASTRONOMIA'),
(1068, 'LA CRITICA EN EL CINE'),
(1069, 'LA GRAFICA Y SUS LENGUAJES'),
(1070, 'LA IMAGEN SUCESO SOCIAL'),
(1071, 'LA MUSICA EN Y PARA LA INFANCIA'),
(1072, 'LA MUSICA Y LA ESCENA'),
(1073, 'LABORATORIO DE AISLAMIENTO'),
(1074, 'LABORATORIO DE COMPOSICION DRAMATICA I'),
(1075, 'LABORATORIO DE CREACION'),
(1076, 'LABORATORIO DE LA IMAGEN ESCENICA'),
(1077, 'LABORATORIO TALLER CENTRAL I'),
(1078, 'LABORATORIO TALLER CENTRAL II'),
(1079, 'LANGUAGE, SOCIETY AND CULTURAL IDENTITY'),
(1080, 'LATINOAMERICA RELATO EN LA PANTALLA'),
(1081, 'LECTURA'),
(1082, 'LECTURA RAPIDA AL PIANO'),
(1083, 'LECTURA SEMIOTICA DE LAS CIUDADES'),
(1084, 'LEGISLACION AMBIENTAL'),
(1085, 'LEGISLACION CATASTRAL'),
(1086, 'LEGISLACION COMERCIAL Y DEPORTIVA'),
(1087, 'LEGISLACION DE LA COMUNICACION'),
(1088, 'LEGISLACION DE TELECOMUNICACIONES'),
(1089, 'LEGISLACION E INTERVENTORIA'),
(1090, 'LEGISLACION LABORAL Y COMERCIAL'),
(1091, 'LEGISLACION Y GESTION AMBIENTAL'),
(1092, 'LEGISLACION Y LIDERAZGO DOCENTE'),
(1093, 'LEGISLACION Y NORMATIVIDAD ARCHIVISTICA'),
(1094, 'LEGISLACION Y POLITICA AMBIENTAL'),
(1095, 'LENGUA DE SEÑAS COLOMBIANA NIVEL I'),
(1096, 'LENGUAJE CINEMATOGRAFICO'),
(1097, 'LENGUAJE DE PROGRAMACION'),
(1098, 'LENGUAJE RITMICO EN LA EDUCACION MUSICAL ESCOLAR'),
(1099, 'LENGUAJE Y COMUNICACION'),
(1100, 'LENGUAJE Y PUESTA EN ESCENA EN EL AULA'),
(1101, 'LENGUAJE, ESTETICA Y SOCIEDAD'),
(1102, 'LENGUAJES Y ALGORITMOS'),
(1103, 'LEVANTAMIENTOS ALTIMETRICOS'),
(1104, 'LEVANTAMIENTOS ASTRONOMICOS'),
(1105, 'LEVANTAMIENTOS ESPECIALES'),
(1106, 'LEVANTAMIENTOS ESPECIALES I'),
(1107, 'LEVANTAMIENTOS ESPECIALES II'),
(1108, 'LEVANTAMIENTOS FOTOGRAMETRICOS'),
(1109, 'LEVANTAMIENTOS GEODESICOS'),
(1110, 'LEVANTAMIENTOS PLANIMETRICOS'),
(1111, 'LIBRO Y ARTE'),
(1112, 'LICITACIONES Y CONTRATACIONES'),
(1113, 'LINEA DE APLICACION I (A,B,C,D,E)'),
(1114, 'LINEA DE APLICACION II (A,B,C,D,E)'),
(1115, 'LINEAS DE INVESTIGACION EN DIDACTICA DE LAS CIENCIAS'),
(1116, 'LINGUISTICA I'),
(1117, 'LINGUISTICA II'),
(1118, 'LITERATURA DEL INSTRUMENTO'),
(1119, 'LITERATURA EXPERIMENTAL'),
(1120, 'LITERATURA ITALIANA DEL SIGLO XX'),
(1121, 'LITERATURA LATINOAMERICANA'),
(1122, 'LITERATURE IN ENGLISH I'),
(1123, 'LITERATURE IN ENGLISH II'),
(1124, 'LITOGRAFIA'),
(1125, 'LOCALIZACION DE VIAS'),
(1126, 'LOGICA'),
(1127, 'LOGICA DE PROGRAMACION'),
(1128, 'LOGICA MATEMATICA'),
(1129, 'LOGICA PROPOSICIONAL'),
(1130, 'LOGISTICA INDUSTRIAL I'),
(1131, 'LOGISTICA INDUSTRIAL II'),
(1132, 'LOGISTICA INDUSTRIAL III'),
(1133, 'LOGISTICA INTEGAL'),
(1134, 'LOS CONFLICTOS FAMILIARES Y SU INCIDENCIA EN EL AMBITO EDUCATIVO'),
(1135, 'LOS DERECHOS DE LOS NIÑOS Y LAS NIÑAS EN COLOMBIA Y AMERICA LATINA'),
(1136, 'MACHINE LEARNING CON R'),
(1137, 'MACROECONOMIA Y POLITICA ECONOMICA'),
(1138, 'MAESTROS Y MAESTRAS EN LA RURALIDAD. MAS ALLA DE LA PRACTICA PEDAGOGICA'),
(1139, 'MANEJO COLECCIONES BOTANICAS (HERBARIO'),
(1140, 'MANEJO E HIGIENE DE ALIMENTOS'),
(1141, 'MANEJO INTEGRAL DE CUENCAS HIDROGRAFICAS'),
(1142, 'MANEJO INTEGRAL DE RESIDUOS LIQUIDOS'),
(1143, 'MANEJO RESIDUOS LIQUIDOS'),
(1144, 'MANEJO TECNICO AMBIENTAL'),
(1145, 'MANIPULACION DE LA IMAGEN'),
(1146, 'MANTENIMIENTO DE MAQUINAS'),
(1147, 'MANTENIMIENTO DE MAQUINAS INDUSTRIALES'),
(1148, 'MANTENIMIENTO INDUSTRIAL'),
(1149, 'MANUFACTURA ESBELTA'),
(1150, 'MAQUILLAJE Y CARACTERIZACION'),
(1151, 'MAQUINARIA Y EQUIPOS'),
(1152, 'MAQUINAS DE ELEVACION Y TRANSPORTE'),
(1153, 'MAQUINAS ELECTRICAS'),
(1154, 'MAQUINAS HIDRAULICAS'),
(1155, 'MAQUINAS TERMICAS'),
(1156, 'MARKETING ESTRATEGICO'),
(1157, 'MARQUETIN Y PUBLICIDAD'),
(1158, 'MATEMATICA FINANCIERA'),
(1159, 'MATEMATICA I'),
(1160, 'MATEMATICA II'),
(1161, 'MATEMATICA III'),
(1162, 'MATEMATICAS'),
(1163, 'MATEMATICAS APLICADAS EN EL PROCESAMIENTO DIGITAL DE IMAGENES'),
(1164, 'MATEMATICAS BASICAS'),
(1165, 'MATEMATICAS DISCRETAS'),
(1166, 'MATEMATICAS ESPECIALES'),
(1167, 'MATEMATICAS I'),
(1168, 'MATEMATICAS II'),
(1169, 'MATEMATICAS Y EDUCACION ARTISTICA'),
(1170, 'MATEMATIZACION DE PROBLEMAS MEDIO AMBIENTALES'),
(1171, 'MATERIALES DE CONSTRUCCION'),
(1172, 'MATERIALES INDUSTRIALES'),
(1173, 'MATERIALES METALICOS'),
(1174, 'MATERIALES PARA INGENIERIA'),
(1175, 'MATERIALES POLIMERICOS Y COMPUESTOS'),
(1176, 'MATERIALS, MEDIA AND MEDIATION'),
(1177, 'MECANICA APLICADA'),
(1178, 'MECANICA CLASICA I'),
(1179, 'MECANICA CLASICA II'),
(1180, 'MECANICA CUANTICA I'),
(1181, 'MECANICA CUANTICA II'),
(1182, 'MECANICA DE FLUIDOS'),
(1183, 'MECANICA DE SUELOS'),
(1184, 'MECANICA ESTADISTICA'),
(1185, 'MECANICA TEORICA'),
(1186, 'MEDIACIONES SENSIBLES Y MULTISENSORIALES DESDE LA DISCAPACIDAD VISUAL'),
(1187, 'MEDICINA PREVENTIVA'),
(1188, 'MEDICIONES FORESTALES'),
(1189, 'MEDIDAS ELECTRICAS'),
(1190, 'MEDIOS COMPLEMENTARIOS I'),
(1191, 'MEDIOS COMPLEMENTARIOS II'),
(1192, 'MEDIOS COMPLEMENTARIOS III'),
(1193, 'MEDIOS DE COMUNICACIÓN'),
(1194, 'MEDIOS DE TRANSMISION'),
(1195, 'MEDIOS Y MEDIACIONES'),
(1196, 'MEDIOS Y NUEVAS TECNOLOGIAS'),
(1197, 'MEDIOS, MATERIALES ESCULTORICOS Y OBJETUALES'),
(1198, 'MEMORIA SOCIAL Y COLECTIVA'),
(1199, 'MERCADEO'),
(1200, 'MERCADEO DE SERVICIOS DE INFORMACION'),
(1201, 'MERCADOTECNIA'),
(1202, 'METODOLOGIA DE LA INVESTIGACION'),
(1203, 'METODOLOGIA DE LA INVESTIGACION. CUALITATIVA /CUANTITATIVA'),
(1204, 'METODOLOGIAS DE LA ENSEÑANZA DE LAS TECNICAS DE DANZA MODERNA Y CONTEMPORANEA II'),
(1205, 'METODOLOGIAS DE LA ENSEÑANZA DE LAS TECNICAS DE DANZA TRADICIONAL II'),
(1206, 'METODOLOGIAS DE LA ENSEÑANZA DE LAS TECNICAS DE LA DANZA TRADICIONAL I'),
(1207, 'METODOLOGIAS DE LE ENSEÑANZA DE LA TECNICA DE LA DANZA CLASICA II'),
(1208, 'METODOS DE BUSQUEDA ESTADISTICA'),
(1209, 'METODOS DE BUSQUEDA ESTOCASTICA'),
(1210, 'METODOS DE ESTUDIO'),
(1211, 'METODOS DE ESTUDIO E INVESTIGACION'),
(1212, 'METODOS DE INVESTIGACION CUALITATIVA APLICADOS A LA EDUCACION MATEMATICA'),
(1213, 'METODOS DE INVESTIGACION CUALITATIVA EN COMUNICACION Y PERIODISMO'),
(1214, 'METODOS DE INVESTIGACION CUANTITATIVA EN COMUNICACION Y PERIODISMO'),
(1215, 'METODOS DE INVESTIGACION EN ENSEÑANZA DE LA FISICA'),
(1216, 'METODOS DE PROSPECCION GEOFISICA'),
(1217, 'METODOS MATEMATICOS DE LA FISICA'),
(1218, 'METODOS NUMERICOS'),
(1219, 'METODOS NUMERICOS Y COMPUTACION'),
(1220, 'METROLOGIA DIMENSIONAL'),
(1221, 'MEZCLA EN VIVO'),
(1222, 'MICROBIOLOGIA'),
(1223, 'MICROECONOMIA'),
(1224, 'MICROONDAS'),
(1225, 'MICROREDES Y REDES INTELIGENTES'),
(1226, 'MINERIA DE DATOS'),
(1227, 'MODELACION DE SISTEMAS'),
(1228, 'MODELACION MATEMATICA DE FENOMENOS ASTRONOMICOS'),
(1229, 'MODELAJE FINANCIERO PARA NEGOCIOS'),
(1230, 'MODELAMIENTO DE FENOMENOS BIOLOGICOS'),
(1231, 'MODELIZACION SANITARIA'),
(1232, 'MODELOS CURRICULARES Y DISEÑO CURRICULAR'),
(1233, 'MODELOS DE DISPERSION ATMOSFERICA'),
(1234, 'MODELOS DE INTEGRACION LOGISTICA'),
(1235, 'MODELOS DE PROGRAMACION I'),
(1236, 'MODELOS DE PROGRAMACION II'),
(1237, 'MODELOS DETERMINISTICOS DE LA PRODUCCION'),
(1238, 'MODELOS DIDACTICOS EN LA ENSEÑANZA DE LA QUIMICA'),
(1239, 'MODELOS ESTOCASTICOS'),
(1240, 'MODELOS FUNCIONALES'),
(1241, 'MODELOS Y GESTION I'),
(1242, 'MODELOS Y TECNICAS DE GERENCIA'),
(1243, 'MODERNIDAD Y HUMANISMO CIENTIFICO'),
(1244, 'MODERNIDAD Y POSMODERNIDAD EN ARTE Y EDUCACION'),
(1245, 'MODERNIDAD: CONSERVACION Y RENOVACION'),
(1246, 'MONITOREO TECNICO AMBIENTAL'),
(1247, 'MONTAJE'),
(1248, 'MONTAJE EN VERSO'),
(1249, 'MORFOSINTAXIS'),
(1250, 'MOTORES DE COMBUSTION INTERNA'),
(1251, 'MOTORES Y GENERADORES'),
(1252, 'MOVIMIENTO, CANTO E INSTRUMENTO'),
(1253, 'MOVIMIENTOS SOCIALES CONTEMPORANEOS'),
(1254, 'MUESTREO Y MEDICION DEL TRABAJO'),
(1255, 'MULTIEXPRESIVIDAD INFANTIL Y RECUPERACION EXPRESIVA DEL DOCENTE'),
(1256, 'MULTIMEDIA'),
(1257, 'MUNICIPIO Y MEDIO AMBIENTE'),
(1258, 'MUSEOLOGIA'),
(1259, 'MUSICA DE CAMARA I'),
(1260, 'MUSICA DE CAMARA II'),
(1261, 'MUSICA DE CAMARA III'),
(1262, 'MUSICA ELECTRONICA. HISTORIA, ESTETICA Y TECNICA'),
(1263, 'MUSICA I'),
(1264, 'MUSICA II'),
(1265, 'MUSICA Y CULTURA LATINOAMERICANA I'),
(1266, 'MUSICA, SONIDO Y CUERPO'),
(1267, 'MUSICAS REGIONALES EN COLOMBIA I'),
(1268, 'MUSICAS REGIONALES EN COLOMBIA II'),
(1269, 'MUSICOTERAPIA Y NIVELES DE ANSIEDAD'),
(1270, 'NACION Y GOBERNALIDAD'),
(1271, 'NANOTECNOLOGIA I'),
(1272, 'NARRACION Y MUNDOS POSIBLES'),
(1273, 'NARRATIVAS CONTEMPORANEAS'),
(1274, 'NECESIDADES EDUCATIVAS ESPECIALES '),
(1275, 'NECESIDADES EDUCATIVAS ESPECIALES (NEES)'),
(1276, 'NEGOCIACION, CONSULTORIA E INTERVENTORIA DE PROY.'),
(1277, 'NEUMATICA E HIDRAULICA'),
(1278, 'NEUMATICA Y ELECTRONEUMATICA'),
(1279, 'NIETZSCHE Y CUERPO'),
(1280, 'NOMENCLATURA ORGANICA E INORGANICA'),
(1281, 'NUEVAS TECNOLOGIAS'),
(1282, 'OBOE VI'),
(1283, 'OBOE VIII'),
(1284, 'OBRAS CIVILES I'),
(1285, 'OBRAS CIVILES II'),
(1286, 'OLIMPISMO'),
(1287, 'ONDAS ELECTROMAGNETICAS'),
(1288, 'OPCION DE GRADO'),
(1289, 'OPERACION DE PLANTAS Y ESTACIONES DE BOMBEO'),
(1290, 'OPERACIONES Y MANTENIMIENTO DE EQUIPOS INDUSTRIALES'),
(1291, 'OPINION PUBLICA'),
(1292, 'OPTICA'),
(1293, 'ORALIDAD'),
(1294, 'ORDENACION DE BOSQUES'),
(1295, 'ORDENAMIENTO TERRITORIAL'),
(1296, 'ORDENAMIENTO TERRITORIAL RURAL'),
(1297, 'ORDENAMIENTO TERRITORIAL URBANO'),
(1298, 'ORGANISMOS DEPORTIVOS'),
(1299, 'ORGANIZACION COMUNITARIA'),
(1300, 'ORGANIZACION DE EVENTOS'),
(1301, 'ORGANIZACION DE EVENTOS RECREO-DEPORTIVOS Y CULTURALES'),
(1302, 'ORGANIZACION DOCUMENTAL. TALLER PRACTICO'),
(1303, 'ORGANIZACION ESCOLAR Y POLITICAS EDUCATIVAS'),
(1304, 'ORGANIZACION Y PARTICIPACION COMUNITARIA'),
(1305, 'ORIENTACION EMPRESARIAL'),
(1306, 'ORQUESTACION COBRES-PERCUSION'),
(1307, 'ORQUESTACIÓN CUERDAS- MADERAS'),
(1308, 'OTRAS EDUCACIONES'),
(1309, 'OTRAS PEDAGOGIAS'),
(1310, 'PARADIGMAS LATINOAMERICANOS'),
(1311, 'PARADIGMAS MODERNOS DE LA ADMINISTRACION'),
(1312, 'PARTICIPACION COMUNITARIA'),
(1313, 'PATOLOGIA DEL CONCRETO'),
(1314, 'PATRIMONIO DOCUMENTAL'),
(1315, 'PAVIMENTOS'),
(1316, 'PEDAGOGIA DE LA MUERTE'),
(1317, 'PEDAGOGIA EN LA CREACION COREOGRAFICA CONTEMPORANEA'),
(1318, 'PEDAGOGIA INSTRUMENTAL'),
(1319, 'PEDAGOGIA PARA LA INICIACION MUSICAL'),
(1320, 'PEDAGOGIA SOCIAL Y EDUCACION.'),
(1321, 'PEDAGOGIA Y MONTAJE DE LA DANZA TRADICIONAL COLOMBIANA'),
(1322, 'PEDAGOGIA Y POETICAS EN LA CONSTRUCCION DEL PERSONAJE TEATRAL'),
(1323, 'PEI - RESOLUCION DE CONFLICTOS'),
(1324, 'PENSAMIENTO CIENTIFICO'),
(1325, 'PENSAMIENTO ESPACIAL Y TERRITORIAL'),
(1326, 'PENSAMIENTO LOGICO MATEMATICO'),
(1327, 'PENSAMIENTO PEDAGOGICO COLOMBIANO'),
(1328, 'PENSAMIENTO TECNOLOGICO EN LA INTERACCION FORMATIVA, ADULTO, NIÑOS Y NIÑAS'),
(1329, 'PENSAMIENTO Y CONOCIMIENTO: LA ACTIVIDAD CIENTIFICA DE LOS NIÑOS Y LAS NIÑAS'),
(1330, 'PEQUEÑAS CENTRALES HIDROELECTRICAS'),
(1331, 'PERCEPCION REMOTA'),
(1332, 'PERCEPCION REMOTA E INTERPRETACION DE IMAGENES'),
(1333, 'PERCUSION'),
(1334, 'PERCUSION II'),
(1335, 'PERCUSIÓN III'),
(1336, 'PERCUSION IV'),
(1337, 'PERCUSION IX'),
(1338, 'PERCUSION V'),
(1339, 'PERCUSION VI'),
(1340, 'PERCUSION VII'),
(1341, 'PERCUSIÓN VIII'),
(1342, 'PERCUSIÓN X'),
(1343, 'PERIODISMO AMBIENTAL'),
(1344, 'PERIODISMO CULTURAL'),
(1345, 'PERIODISMO DE INVESTIGACION'),
(1346, 'PERIODISMO DEPORTIVO'),
(1347, 'PERIODISMO DIGITAL'),
(1348, 'PERIODISMO TELEVISIVO'),
(1349, 'PERSPECTIVAS PEDAGOGICAS EN LA FORMACION DOCENTE'),
(1350, 'PHONETICS AND PHONOLOGY'),
(1351, 'PIANO II'),
(1352, 'PIANO III'),
(1353, 'PIANO IV'),
(1354, 'PIANO IX'),
(1355, 'PIANO POPULAR'),
(1356, 'PIANO V'),
(1357, 'PIANO VI'),
(1358, 'PIANO VIII'),
(1359, 'PIANO X'),
(1360, 'PINTURA AGUADA'),
(1361, 'PINTURA AL OLEO'),
(1362, 'PINTURA Y COLOR ( INTRODUCCION A LOS CONCEPTOS BIDIMENSIONALES)'),
(1363, 'PLANEACION DE LA PRODUCCION'),
(1364, 'PLANEACION DE SISTEMAS DE INFORMACION'),
(1365, 'PLANEACION DEL DESARROLLO'),
(1366, 'PLANEACION ESTRATEGICA GERENCIAL'),
(1367, 'PLANEACION Y GESTION ESTRATEGICA'),
(1368, 'PLANEAMIENTO EN SISTEMAS ENERGETICOS'),
(1369, 'PLANEAMIENTO ENERGETICO'),
(1370, 'PLANIFICACION AMBIENTAL TERRITORIAL'),
(1371, 'PLANIFICACION AMBIENTAL Y MANEJO DE CUENCAS'),
(1372, 'PLANIFICACION Y DISEÑO DE REDES'),
(1373, 'PLANIMETRIA'),
(1374, 'PLANTAS DE AGUA POTABLE'),
(1375, 'PLANTAS DE AGUA RESIDUAL'),
(1376, 'PLANTAS DE TRATAMIENTO DE AGUA POTABLE Y RESIDUAL'),
(1377, 'PLASTICA SONORA'),
(1378, 'POETICAS'),
(1379, 'POETICAS BILINGUES: ANALISIS SOBRE LA LITERATURA CHICANA'),
(1380, 'POLITICA EDUCATIVA'),
(1381, 'POLITICA PUBLICA RURAL Y SU PLAN DE GESTION'),
(1382, 'POLITICA SANITARIA'),
(1383, 'POLITICA Y CIUDADANIA'),
(1384, 'POLITICA Y LEGISLACION AMBIENTAL');
INSERT INTO `Curso` (`idCurso`, `nombre`) VALUES
(1385, 'POLITICA Y LEGISLACION FORESTAL'),
(1386, 'POLITICAS PUBLICAS EDUCATIVAS'),
(1387, 'POLITICAS PUBLICAS EDUCATIVAS Y SU IMPACTO EN LA EDUCACION RURAL EN COLOMBIA'),
(1388, 'POLITICAS Y SITUACIONES DE LAS INFANCIAS EN COLOMBIA Y AMERICA LATINA'),
(1389, 'PPD IV. CARACTERIZACION DE LA INVESTIGACION EDUCATIVA Y EN EL AULA'),
(1390, 'PPD V: APLICACION DE LINEAMIENTOS CURRICULARES EN LA ESCUELA'),
(1391, 'PPD VI: GESTION DE LA EVALUACION EDUCATIVA'),
(1392, 'PPD: INMERSION A LA INVESTIGACION EN LA ESCUELA'),
(1393, 'PPD. INMERSION A LOS AMBIENTES DE ENSEÑANZA Y APRENDIZAJE EN LA ESCUELA'),
(1394, 'PPDI- LABORATORIO DE ACERCAMIENTO AL EJERCICIO DE LA PROFESION DOCENTE EN QUIMICA'),
(1395, 'PPDII: LABORATORIO DE DIAGNOSTICOS DE APRENDIZAJE DE LA QUIMICA EN LA ESCUELA'),
(1396, 'PPDIII: APLICACION DE METODOLOGIAS Y ESTRATEGIAS PARA LA ENSE?ANZA DE LA QUIMICA'),
(1397, 'PRACTICA ACADEMICA CAMPAMENTO PEDAGOGICO SIMON RODRIGUEZ'),
(1398, 'PRACTICA ARTISTICA PEDAGOGICA. UNIVERSIDAD Y ESCUELA'),
(1399, 'PRACTICA ARTISTICA PEDAGOGICA. UNIVERSIDAD Y OTROS CONTEXTOS NO ESCOLARES'),
(1400, 'PRACTICA ARTISTICO-PEDAGOGICA. EDUCACION ARTISTICA EN CONTEXTOS NO ESCOLARES'),
(1401, 'PRACTICA ARTISTICO-PEDAGOGICA. EDUCACION ARTISTICA EN LA INFANCIA'),
(1402, 'PRACTICA ARTISTICO-PEDAGOGICA. EDUCACION ARTISTICA, JUVENTUD Y ESCUELA'),
(1403, 'PRACTICA CORAL EN LA EDUCACION MUSICAL ESCOLAR'),
(1404, 'PRACTICA DOCENTE I'),
(1405, 'PRACTICA DOCENTE II'),
(1406, 'PRACTICA DOCENTE III'),
(1407, 'PRACTICA EDUCATIVA Y PEDAGOGICA I'),
(1408, 'PRACTICA EDUCATIVA Y PEDAGOGICA III'),
(1409, 'PRACTICA EMPRESARIAL'),
(1410, 'PRACTICA INSTRUMENTAL EN LA EDUCACION MUSICAL ESCOLAR'),
(1411, 'PRACTICA INTEGRADA'),
(1412, 'PRACTICA INTEGRADA I'),
(1413, 'PRACTICA INTEGRADA II'),
(1414, 'PRACTICA INTEGRADA III'),
(1415, 'PRACTICA INTENSIVA'),
(1416, 'PRACTICA INTERMEDIA I: DISEÑO Y PLANEACION'),
(1417, 'PRACTICA INTERMEDIA II: RECURSOS DIDACTICOS'),
(1418, 'PRACTICA INTERMEDIA III. GESTION'),
(1419, 'PRACTICA INTERMEDIA IV. EVALUACION'),
(1420, 'PRACTICA INTERPRETATIVA DE DANZA MODERNA'),
(1421, 'PRACTICA PEDAGOGICA INTEGRAL'),
(1422, 'PRACTICA PEDAGOGICA: AMBIENTES Y MEDIACIONES. EL AULA'),
(1423, 'PRACTICA PEDAGOGICA: CONVIVENCIA ESCOLAR'),
(1424, 'PRACTICA PEDAGOGICA: PROFESION DOCENTE Y EDUCACION MATEMATICAS'),
(1425, 'PRACTICA PEDAGOGICA. SOCIEDAD Y ESCUELA'),
(1426, 'PRACTICA PROFESIONAL'),
(1427, 'PRACTICA SOCIAL'),
(1428, 'PRACTICAS DANZARIAS INTERNACIONALES'),
(1429, 'PRACTICAS DE EDUCACION COMUNITARIA'),
(1430, 'PRACTICAS DEPORTIVAS'),
(1431, 'PRACTICAS INSTALATIVAS'),
(1432, 'PRACTICAS NO CONVENCIONALES'),
(1433, 'PRACTICAS SOMATICAS'),
(1434, 'PRE-INTERMEDIATE ENGLISH'),
(1435, 'PRESERVACION DEL PATRIMONIO DIGITAL'),
(1436, 'PRESUPUESTO'),
(1437, 'PRESUPUESTO Y COSTOS'),
(1438, 'PRESUPUESTOS'),
(1439, 'PRESUPUESTOS Y CONTRATACION'),
(1440, 'PRINCIPIOS DE DANZA CONTEMPORANEA'),
(1441, 'PRINCIPIOS DE DANZA MODERNA I'),
(1442, 'PRINCIPIOS DE DANZA MODERNA II'),
(1443, 'PRINCIPIOS DE ECONOMIA'),
(1444, 'PRINCIPIOS DE ELECTRODINAMICA CLASICA'),
(1445, 'PRINCIPIOS DE ROBOTICA'),
(1446, 'PRINCIPIOS DEL ENTRENAMIENTO ACTORAL'),
(1447, 'PROBABILIDAD'),
(1448, 'PROBABILIDAD Y ESTADISTICA'),
(1449, 'PROBABILIDADES Y ESTADISTICA'),
(1450, 'PROBLEMAS AMBIENTALES Y EDUCACION AMBIENTAL'),
(1451, 'PROBLEMAS COLOMBIANOS: SOCIEDAD Y TERRITORIO'),
(1452, 'PROBLEMAS DE ALGEBRA GEOMETRICA'),
(1453, 'PROBLEMAS DE DIVISIBILIDAD'),
(1454, 'PROBLEMAS DE LA CONSTRUCCION DE NUMERO NATURAL'),
(1455, 'PROBLEMAS DE LA EDUCACION COLOMBIANA Y POLITICAS EDUCATIVAS'),
(1456, 'PROBLEMAS DE PROBABILIDAD Y ESTADISTICA'),
(1457, 'PROBLEMAS DE PROPORCION Y LINEALIDAD'),
(1458, 'PROBLEMAS DEL CONTINUO'),
(1459, 'PROBLEMAS DIDACTICOS DE LA EDUCACION ARTISTICA PARA LA INFANCIA'),
(1460, 'PROBLEMAS DIDACTICOS DE LA EDUCACION CIENTIFICA PARA LA INFANCIA'),
(1461, 'PROBLEMAS DIDACTICOS DE LA EDUCACION EN MATEMATICAS PARA LA INFANCIA'),
(1462, 'PROBLEMAS DIDACTICOS DE LA LENGUA Y LA LITERATURA INFANTIL'),
(1463, 'PROBLEMAS DIDACTICOS DE LAS CIENCIAS SOCIALES EN IBEROAMERICA'),
(1464, 'PROBLEMAS DIDACTICOS DEL PENSAMIENTO SOCIAL EN LOS NIÑOS Y LAS NIÑAS'),
(1465, 'PROBLEMAS FUNDAMENTALES DE ETICA'),
(1466, 'PROBLEMAS FUNDAMENTALES DE POLITICA'),
(1467, 'PROBLEMAS LATINOAMERICANOS: MODELOS DE DESARROLLO'),
(1468, 'PROBLEMAS MUNDIALES Y GLOBALIZACION'),
(1469, 'PROBLEMAS PEDAGOGICOS CONTEMPORANEOS EN EL CONTEXTO LATINOAMERICANO'),
(1470, 'PROBLEMAS RURALES Y URBANOS: CONSTRUCCION SOCIAL DEL ESPACIO Y EL TERRITORIO'),
(1471, 'PROBLEMAS Y ALTERNATIVAS AMBIENTALES'),
(1472, 'PROBLEMATICA AMBIENTAL DEL CAMBIO CLIMATICO'),
(1473, 'PROC. DE SOCIALIZ. Y DIVER. SUBJET. DE LAS INFANC.'),
(1474, 'PROCESAMIENTO DE IMAGENES MEDICAS'),
(1475, 'PROCESAMIENTO DIGITAL DE IMAGENES'),
(1476, 'PROCESAMIENTO DIGITAL DE SEÑALES DE AUDIO Y VIDEO'),
(1477, 'PROCESAMIENTO GNSS'),
(1478, 'PROCESOS ADMINISTRATIVOS'),
(1479, 'PROCESOS BIOLOGICOS'),
(1480, 'PROCESOS CATASTRALES'),
(1481, 'PROCESOS CERAMICOS III'),
(1482, 'PROCESOS COGNITIVOS DE NIÑOS, JOVENES Y ADULTOS'),
(1483, 'PROCESOS DE ANALISIS DE INVESTIGACION SOCIAL Y EDUCATIVA'),
(1484, 'PROCESOS DE CONFORMADO'),
(1485, 'PROCESOS DE DECISION'),
(1486, 'PROCESOS DE MECANIZADO I'),
(1487, 'PROCESOS DE MECANIZADO II'),
(1488, 'PROCESOS INDUSTRIALES'),
(1489, 'PROCESOS MECANICOS'),
(1490, 'PROCESOS QUIMICOS INDUSTRIALES'),
(1491, 'PROCESOS QUIMICOS Y BIOQUIMICOS'),
(1492, 'PROCESOS REACTIVOS'),
(1493, 'PROCESOS UNITARIOS I'),
(1494, 'PROCESOS UNITARIOS II'),
(1495, 'PRODUCCION DE ESPECTACULOS ESCENICOS'),
(1496, 'PRODUCCION DE TEXTOS CIENTIFICOS Y ACADEMICOS'),
(1497, 'PRODUCCION DE TEXTOS ESCRITOS'),
(1498, 'PRODUCCION DOCUMENTAL'),
(1499, 'PRODUCCION LIMPIA'),
(1500, 'PRODUCCION LIMPIA PARA INGENIEROS'),
(1501, 'PRODUCCION MAS LIMPIA'),
(1502, 'PRODUCCION TECNICO AUDIOVISUAL'),
(1503, 'PRODUCCION TECNICO RADIAL'),
(1504, 'PRODUCCION Y COMPRENSION DE TEXTOS'),
(1505, 'PRODUCCION Y COMPRENSION DE TEXTOS I'),
(1506, 'PRODUCCION Y COMPRENSION DE TEXTOS II'),
(1507, 'PRODUCCION, GESTION Y DIFUSION DANZARIA'),
(1508, 'PRODUCTOS NATURALES'),
(1509, 'PRODUCTOS NO MADERABLES'),
(1510, 'PROFUNDIZACION I (INDUSTRIA O SALUD O MEDIO AMBIENTE)'),
(1511, 'PROFUNDIZACION II (INDUSTRIA O SALUD O MEDIO AMBIENTE)'),
(1512, 'PROGRAMACION'),
(1513, 'PROGRAMACION APLICADA'),
(1514, 'PROGRAMACION AVANZADA'),
(1515, 'PROGRAMACION BASICA'),
(1516, 'PROGRAMACION C/C'),
(1517, 'PROGRAMACION COSTOS Y PRESUPUESTOS'),
(1518, 'PROGRAMACION DE INTERFASES SIG'),
(1519, 'PROGRAMACION GRAFICA LABVIEW'),
(1520, 'PROGRAMACION II'),
(1521, 'PROGRAMACION LINEAL'),
(1522, 'PROGRAMACION LINEAL Y ENTERA'),
(1523, 'PROGRAMACION MULTINIVEL'),
(1524, 'PROGRAMACION ORIENTADA A OBJETOS'),
(1525, 'PROGRAMACION POR COMPONENTES'),
(1526, 'PROGRAMACION WEB'),
(1527, 'PROGRAMACION Y CONTROL DE LA PRODUCCION'),
(1528, 'PROPEDEUTICA DE LA INVESTIGACION-CREACION'),
(1529, 'PROPIEDADES DE LA MADERA'),
(1530, 'PROPUESTAS CURRICULARES DEL AREA DE CIENCIAS SOCIALES'),
(1531, 'PROTECCIONES ELECTRICAS'),
(1532, 'PROTOCOLOS DE ENRUTAMIENTO Y SWITCHING APLICADOS A REDES INDUSTRIALES Y DE COMUNICACIONES'),
(1533, 'PROTOTIPOS ELECTRONICOS'),
(1534, 'PROYECTO DE CREACION AUDIOVISUAL'),
(1535, 'PROYECTO DE CREACION AUDIOVISUAL II'),
(1536, 'PROYECTO DE GRADO'),
(1537, 'PROYECTO DE GRADO I'),
(1538, 'PROYECTO DE GRADO II'),
(1539, 'PROYECTO DE INVESTIGACION FORMATIVA INTERDISCIPLINAR PIFI I'),
(1540, 'PROYECTO DE INVESTIGACION FORMATIVA INTERDISCIPLINAR PIFI II'),
(1541, 'PROYECTO DE INVESTIGACION FORMATIVA INTERDISCIPLINAR PIFI III'),
(1542, 'PROYECTO DE VIDA'),
(1543, 'PROYECTO PEDAGOGICO Y SISTEMATIZACION DE EXPERIENCIAS I'),
(1544, 'PROYECTO PEDAGOGICO Y SISTEMATIZACION DE EXPERIENCIAS II'),
(1545, 'PROYECTO PEDAGOGICO Y SISTEMATIZACION DE EXPERIENCIAS III'),
(1546, 'PROYECTOS DE COOPERACION INTERNACIONAL'),
(1547, 'PSICOLOGIA APLICADA'),
(1548, 'PSICOLOGIA DEL APRENDIZAJE'),
(1549, 'PSICOLOGIA DEPORTIVA'),
(1550, 'PUBLIC SPEAKING'),
(1551, 'QUIMICA AMBIENTAL'),
(1552, 'QUIMICA AMBIENTAL APLICADA'),
(1553, 'QUIMICA AMBIENTAL Y SOSTENIBLE'),
(1554, 'QUIMICA ANALITICA'),
(1555, 'QUIMICA BASICA I'),
(1556, 'QUIMICA BASICA II'),
(1557, 'QUIMICA CUANTICA'),
(1558, 'QUIMICA DE LOS COMPUESTOS DE LA COORDINACION'),
(1559, 'QUIMICA DE LOS MEDICAMENTOS'),
(1560, 'QUIMICA DE PRODUCTOS FORESTALES'),
(1561, 'QUIMICA GENERAL'),
(1562, 'QUIMICA GENERAL I'),
(1563, 'QUIMICA GENERAL II'),
(1564, 'QUIMICA INDUSTRIAL'),
(1565, 'QUIMICA INORGANICA'),
(1566, 'QUIMICA INORGANICA I'),
(1567, 'QUIMICA INORGANICA II'),
(1568, 'QUIMICA ORGANICA'),
(1569, 'QUIMICA ORGANICA I'),
(1570, 'QUIMICA ORGANICA II'),
(1571, 'QUIMICA SANITARIA'),
(1572, 'QUIMICA VERDE'),
(1573, 'RADIO'),
(1574, 'RADIO PERIODISMO'),
(1575, 'RADIOQUIMICA'),
(1576, 'REAJUSTE DE TERRENOS'),
(1577, 'REALIZACION AUDIOVISUAL'),
(1578, 'RECONOCIMIENTO CORPORAL'),
(1579, 'RECREACION, LUDICA Y JUEGO'),
(1580, 'REDACCION CIENTIFICA'),
(1581, 'REDACCION Y ESCRITURA DE TEXTOS CIENTIFICOS I'),
(1582, 'REDACCION Y ESCRITURA DE TEXTOS CIENTIFICOS II'),
(1583, 'REDES CORPORATIVAS'),
(1584, 'REDES DE ALTA VELOCIDAD'),
(1585, 'REDES DE COMUNICACIÓN'),
(1586, 'REDES DE COMUNICACIONES'),
(1587, 'REDES DE COMUNICACIONES I'),
(1588, 'REDES DE COMUNICACIONES II'),
(1589, 'REDES DE COMUNICACIONES III'),
(1590, 'REDES DE COMUNICACIONES OPTICAS'),
(1591, 'REDES DE CONVERGENCIA'),
(1592, 'REDES DE DATOS'),
(1593, 'REDES ELECTRICAS'),
(1594, 'REDES INALAMBRICAS'),
(1595, 'REDES Y AUTOMATIZACION INDUSTRIAL'),
(1596, 'REFLEXIONES SOBRE EL ARTE PLASTICO Y VISUAL'),
(1597, 'REGIMEN DE PRESTADORES DE SERVICIOS PUBLICOS'),
(1598, 'REGULACION AMBIENTAL'),
(1599, 'RELACION CUERPO -ESPACIO'),
(1600, 'REPORTERIA GRAFICA'),
(1601, 'REPRESENTACIONES DE LAS SUBJETIVIDADES'),
(1602, 'REPRESENTACIONES PICTORICAS DE LO SAGRADO'),
(1603, 'REPRESENTACIONES: EXPERIENCIA ESCOLAR Y SENTIDOS.DE LA ESCUELA..'),
(1604, 'RESEARCH PARADIGMS AND METHODS'),
(1605, 'RESEARCH PROJET IN L2 EDUCATION'),
(1606, 'RESIDUOS SOLIDOS'),
(1607, 'RESISTENCIA DE MATERIALES'),
(1608, 'RESPONSABILIDAD SOCIAL EMPRESARIAL'),
(1609, 'RESTAURACION ECOLOGICA'),
(1610, 'REVITALIZACION DE LENGUAS INDIGENAS'),
(1611, 'RITMOS APLICADOS A LA GUITARRA'),
(1612, 'ROBOTICA'),
(1613, 'RONDAS Y CANCIONES INFANTILES'),
(1614, 'RURALIDAD Y EDUCACION'),
(1615, 'SABERES ANCESTRALES Y COSMOVISIONES ANDINAS'),
(1616, 'SALA DE REDACCION'),
(1617, 'SALIDA INTEGRAL DE INGENIERIA SANITARIA'),
(1618, 'SALIDA INTEGRAL DE SANEAMIENTO'),
(1619, 'SALUD AMBIENTAL'),
(1620, 'SALUD OCUPACIONAL Y SEGURIDAD INDUSTRIAL'),
(1621, 'SALUD PUBLICA'),
(1622, 'SANEAMIENTO AMBIENTAL I'),
(1623, 'SANEAMIENTO AMBIENTAL II'),
(1624, 'SANEAMIENTO URBANO Y RURAL'),
(1625, 'SANIDAD FORESTAL'),
(1626, 'SAXOFON'),
(1627, 'SAXOFON II'),
(1628, 'SAXOFON III'),
(1629, 'SAXOFON IV'),
(1630, 'SAXOFON V'),
(1631, 'SAXOFON VI'),
(1632, 'SAXOFON VII'),
(1633, 'SAXOFÓN VIII'),
(1634, 'SAXOFON X'),
(1635, 'SEGUNDA LENGUA I - INGLES'),
(1636, 'SEGURIDAD DE LA INFORMACION'),
(1637, 'SEGURIDAD E HIGIENE OCUPACIONAL'),
(1638, 'SEGURIDAD EMPRESARIAL'),
(1639, 'SEGURIDAD EN REDES'),
(1640, 'SEGURIDAD Y SALUD EN EL TRABAJO'),
(1641, 'SELECCION DE MATERIALES'),
(1642, 'SELLOS VERDES'),
(1643, 'SEMANTICA Y PRAGMATICA'),
(1644, 'SEMINARIO DE ADMINISTRACION INMOBILIARIA'),
(1645, 'SEMINARIO DE AUTOR'),
(1646, 'SEMINARIO DE DANZA CONTEMPORANEA'),
(1647, 'SEMINARIO DE DANZA TRADICIONAL COLOMBIANA'),
(1648, 'SEMINARIO DE ECOLOGIA'),
(1649, 'SEMINARIO DE ESTETICA'),
(1650, 'SEMINARIO DE HISTORIA Y TEORIA DE LA DANZA: CORPOREIDADES'),
(1651, 'SEMINARIO DE HISTORIA Y TEORIA DE LA DANZA: ESCENARIOS Y CONTEXTOS'),
(1652, 'SEMINARIO DE HISTORIA Y TEORIA DE LA DANZA: TRAYECTORIAS Y EXPERIENCIAS'),
(1653, 'SEMINARIO DE HISTORIA Y TEORIA DE LA DIRECCION COREOGRAFICA'),
(1654, 'SEMINARIO DE INGENIERIA'),
(1655, 'SEMINARIO DE INGENIERIA DE SOFTWARE'),
(1656, 'SEMINARIO DE INVESTIGACION'),
(1657, 'SEMINARIO DE LITERATURA COLOMBIANA'),
(1658, 'SEMINARIO DE LITERATURA ESPAÑOLA'),
(1659, 'SEMINARIO DE LITERATURA LATINOAMERICANA'),
(1660, 'SEMINARIO DE LITERATURA UNIVERSAL'),
(1661, 'SEMINARIO DE TELEMATICA'),
(1662, 'SEMINARIO ESPECIALIZADO DE DEPORTE'),
(1663, 'SEMINARIO ETICAS Y ESTETICAS DE LA IMAGEN'),
(1664, 'SEMINARIO INVESTIGATIVO DE NANOTECNOLOGIA Y NANOCIENCIA'),
(1665, 'SEMINARIO PROYECTO DE GRADO'),
(1666, 'SEMINARIO TRABAJO DE GRADO'),
(1667, 'SEMIOTICA'),
(1668, 'SEMIOTICA APLICADA'),
(1669, 'SEÑALES Y SISTEMAS'),
(1670, 'SENSIBILIDAD Y AFECTO EN LA INFANCIA'),
(1671, 'SENSIBILIZACION'),
(1672, 'SENSORES Y ACTUADORES'),
(1673, 'SER, SUJETO Y MULTICULTURALIDAD'),
(1674, 'SERVICIO DE TELECOMUNICACIONES'),
(1675, 'SERVICIO PUBLICO DE ACUEDUCTO Y ALCANTARILLADO'),
(1676, 'SERVICIO PUBLICO DE ENERGIA ELECTRICA'),
(1677, 'SERVICIO PUBLICO DE GAS'),
(1678, 'SERVICIOS TELEMATICOS'),
(1679, 'SERVOHIDRAULICA Y SERVONEUMATICA'),
(1680, 'SIG AMBIENTAL'),
(1681, 'SILVICULTURA COMUNITARIA'),
(1682, 'SILVICULTURA DE BOSQUE NATURAL'),
(1683, 'SILVICULTURA DE PLANTACIONES'),
(1684, 'SIMULACION'),
(1685, 'SIMULACION DE SISTEMAS'),
(1686, 'SIMULACION VIRTUAL DE SISTEMAS MECANICOS'),
(1687, 'SINTESIS QUIMICA ORGANICA'),
(1688, 'SISTEMA DE GESTION DOCUMENTAL'),
(1689, 'SISTEMA GNSS Y NAVEGACIÓN SATELITAL'),
(1690, 'SISTEMAS ABIERTOS'),
(1691, 'SISTEMAS AGROFORESTALES'),
(1692, 'SISTEMAS CATASTRALES'),
(1693, 'SISTEMAS DE COMUNICACIONES'),
(1694, 'SISTEMAS DE CONTROL'),
(1695, 'SISTEMAS DE GESTION DE DOCUMENTOS Y ARCHIVOS ELECTRONICOS'),
(1696, 'SISTEMAS DE GESTION EMPRESARIAL'),
(1697, 'SISTEMAS DE INFORMACION GEOGRAFICA'),
(1698, 'SISTEMAS DE INFORMACION LOGISTICA'),
(1699, 'SISTEMAS DE POTENCIA'),
(1700, 'SISTEMAS DE PUESTA A TIERRA'),
(1701, 'SISTEMAS DE RADAR'),
(1702, 'SISTEMAS DINAMICOS'),
(1703, 'SISTEMAS DISTRIBUIDOS'),
(1704, 'SISTEMAS DNAMICOS Y DE CONTROL'),
(1705, 'SISTEMAS FLEXIBLES DE MANUFACTURA'),
(1706, 'SISTEMAS MUSICALES I'),
(1707, 'SISTEMAS MUSICALES II'),
(1708, 'SISTEMAS MUSICALES III'),
(1709, 'SISTEMAS MUSICALES IV'),
(1710, 'SISTEMAS MUSICALES V'),
(1711, 'SISTEMAS OPERACIONALES'),
(1712, 'SISTEMAS OPERATIVOS'),
(1713, 'SISTEMAS Y COMPUTACION'),
(1714, 'SISTEMATICA'),
(1715, 'SOCIEDAD Y AMBIENTE'),
(1716, 'SOCIEDAD Y CULTURA COLOMBIANA'),
(1717, 'SOCIOLINGUISTICA'),
(1718, 'SOCIOLOGIA'),
(1719, 'SOCIOLOGIA DE LA COMUNICACION'),
(1720, 'SOCIOLOGIA DE LA EDUCACION'),
(1721, 'SOLOS ORQUESTALES PARA INSTRUMENTOS DE METAL'),
(1722, 'STRETCHING'),
(1723, 'SUBESTACIONES DE POTENCIA'),
(1724, 'SUBESTACIONES ELECTRICAS'),
(1725, 'SUCESIONES Y SERIES NUMERICAS'),
(1726, 'SUELOS'),
(1727, 'SUELOS I'),
(1728, 'SUELOS II'),
(1729, 'TALLER BIDIMENSIONAL IV'),
(1730, 'TALLER BIDIMENSIONAL V'),
(1731, 'TALLER DE ARMONIA MODERNA'),
(1732, 'TALLER DE ARTE, MATERIALES Y MAQUINAS'),
(1733, 'TALLER DE COMPOSICION COREOGRAFICA I'),
(1734, 'TALLER DE COMPOSICION COREOGRAFICA II'),
(1735, 'TALLER DE COMPOSICION MUSICAL I'),
(1736, 'TALLER DE COMPOSICION MUSICAL II'),
(1737, 'TALLER DE CREACION CONTEMPORANEA'),
(1738, 'TALLER DE DIRECCION COREOGRAFICA I'),
(1739, 'TALLER DE DIRECCION COREOGRAFICA II'),
(1740, 'TALLER DE DRAMATURGIA'),
(1741, 'TALLER DE INVESTIGACION'),
(1742, 'TALLER DE INVESTIGACION I'),
(1743, 'TALLER DE INVESTIGACION-CREACION EN LA EXPERIENCIA EXISTENCIAL INTIMA'),
(1744, 'TALLER DE LECTURA Y ESCRITURA EN LA ACADEMIA'),
(1745, 'TALLER DE MAQUINAS Y HERRAMIENTAS'),
(1746, 'TALLER DE MECANICA'),
(1747, 'TALLER DE PAPEL'),
(1748, 'TALLER DE SOLDADURA'),
(1749, 'TALLER DE VIDRIO'),
(1750, 'TALLER ELECTIVA ARMONIA'),
(1751, 'TALLER ELECTIVA FORMACION AUDITIVA'),
(1752, 'TALLER INTEGRAL I'),
(1753, 'TALLER INTEGRAL II'),
(1754, 'TALLER INTRODUCTORIO DE EXPLORACION TECNICA BIDIMENSIONAL'),
(1755, 'TALLER INTRODUCTORIO DE EXPLORACION TECNICA MEDIACIONES'),
(1756, 'TALLER INTRODUCTORIO DE EXPLORACION TECNICA TRIDIMENSIONAL'),
(1757, 'TALLER INVESTIGACION-CREACION EN LA EXPERIENCIA EXISTENCIAL DE LA PROXIMIDAD SOCIAL'),
(1758, 'TALLER SONORO I'),
(1759, 'TALLER SONORO II'),
(1760, 'TALLER TRIDIMENSIONA III'),
(1761, 'TALLER TRIDIMENSIONA IV'),
(1762, 'TEACHING PRACTICUM IN PRIMARY SCHOOL'),
(1763, 'TEACHING PRACTICUM IN SECONDARY SCHOOL'),
(1764, 'TEATRO COLOMBIANO'),
(1765, 'TEATRO FISICO'),
(1766, 'TEATRO FISICO: PLANTEAMIENTOS TECNICOS'),
(1767, 'TEATRO POSDRAMATICO'),
(1768, 'TECLADO COMPLEMENTARIO III'),
(1769, 'TECLADO COMPLEMENTARIO IV'),
(1770, 'TECNICA DE DANZA MODERNA I'),
(1771, 'TECNICA DE DANZA MODERNA II'),
(1772, 'TECNICA DE LICITACION'),
(1773, 'TECNICA DE LICITACION, SEGUIMIENTO Y CONTROL DE PROYECTOS DE INGENIERIA'),
(1774, 'TECNICA DE PUNTAS'),
(1775, 'TECNICAS DE CAMPAMENTO'),
(1776, 'TECNICAS DE CAMPISMO'),
(1777, 'TECNICAS DE CAMPO'),
(1778, 'TECNICAS DE ESTUDIO'),
(1779, 'TECNICAS DICIPLINARES DEL ENTRENAMIENTO'),
(1780, 'TECNOCIENCIAS'),
(1781, 'TECNOLOGIA DEL CONCRETO'),
(1782, 'TECNOLOGIA EN EL AULA'),
(1783, 'TECNOLOGIA Y MEDIO AMBIENTE'),
(1784, 'TECNOLOGIAS APROPIADAS I'),
(1785, 'TECNOLOGIAS APROPIADAS II'),
(1786, 'TECNOLOGIAS SOBRE IP'),
(1787, 'TELECOMUNICACIONES AERONAUTICAS'),
(1788, 'TELECOMUNICACIONES I'),
(1789, 'TELEINFORMATICA I'),
(1790, 'TELEINFORMATICA II'),
(1791, 'TELEINFORMATICA III'),
(1792, 'TELEMATICA I'),
(1793, 'TELEMATICA II'),
(1794, 'TELEMATICA III'),
(1795, 'TELEVISION'),
(1796, 'TENDENCIAS AVANZADAS DE INGENIERIA DE SOFTWARE'),
(1797, 'TEORIA DE COLAS Y SIMULACION'),
(1798, 'TEORIA DE CONJUNTOS'),
(1799, 'TEORIA DE CONTROL'),
(1800, 'TEORIA DE CORTE'),
(1801, 'TEORIA DE GRAFOS'),
(1802, 'TEORIA DE GRUPOS'),
(1803, 'TEORIA DE LA ACTUACION'),
(1804, 'TEORIA DE LA DECISION'),
(1805, 'TEORIA DE LA DIRECCION'),
(1806, 'TEORIA DE LA IMAGEN'),
(1807, 'TEORIA DE LA INFORMACION'),
(1808, 'TEORIA DE LAS ORGANIZACIONES'),
(1809, 'TEORIA DE LAS PROBABILIDADES'),
(1810, 'TEORIA DE NUMEROS'),
(1811, 'TEORIA DE PROBABILIDADES'),
(1812, 'TEORIA DE SISTEMAS'),
(1813, 'TEORIA DEL CONOCIMIENTO'),
(1814, 'TEORIA DEL LENGUAJE Y LA INFORMACION'),
(1815, 'TEORIA E HISTORIA DEL ARTE VI'),
(1816, 'TEORIA E HISTORIA DEL ARTE VII'),
(1817, 'TEORIA E HISTORIA DEL ARTE VIII'),
(1818, 'TEORIA ELECTROMAGNETICA II Y LABORATORIO'),
(1819, 'TEORIA ELECTROMAGNETICA Y LABORATORIO I'),
(1820, 'TEORIA GENERAL DE SISTEMAS'),
(1821, 'TEORIA LITERARIA I'),
(1822, 'TEORIA LITERARIA II'),
(1823, 'TEORIA SOCIAL CLASICA'),
(1824, 'TEORIA Y LOGICA DE PROGRAMACION'),
(1825, 'TEORIAS COGNITIVAS DE APRENDIZAJE'),
(1826, 'TEORIAS DEL DESARROLLO: INFANCIA Y JUVENTUD'),
(1827, 'TEORIAS DEL LENGUAJE'),
(1828, 'TEORIAS SOCIALES CONTEMPORANEAS'),
(1829, 'TERMODINAMICA'),
(1830, 'TERMODINAMICA APLICADA'),
(1831, 'TERMODINAMICA Y FLUIDOS'),
(1832, 'TERMODINAMICA Y LABORATORIO'),
(1833, 'TERMODINAMICA YFLUIDOS'),
(1834, 'TERRITORIO Y LAS PROBLEMATICAS'),
(1835, 'TEXTOLINGUISTICA'),
(1836, 'THE STUDY OF LANGUAGE AND COMMUNICATION'),
(1837, 'TIC EN LA ENSEÑANZA DE LAS CIENCIAS EXPERIMENTALES'),
(1838, 'TIC PARA LA ENSEÑANZA DE LA FISICA I'),
(1839, 'TIC PARA LA ENSEÑANZA DE LA FISICA II'),
(1840, 'TICS EN LAS ORGANIZACIONES'),
(1841, 'TIPLE'),
(1842, 'TIPLE II'),
(1843, 'TIPLE IV'),
(1844, 'TIPLE V'),
(1845, 'TIPLE VI'),
(1846, 'TIPLE VII'),
(1847, 'TIPLE VIII'),
(1848, 'TOPOGRAFIA'),
(1849, 'TOPOGRAFIA AUTOMATIZADA'),
(1850, 'TOPOGRAFIA DE VIAS I'),
(1851, 'TOPOGRAFIA DE VIAS II'),
(1852, 'TOPOGRAFIA I: PLANIMETRIA'),
(1853, 'TOPOGRAFIA II: ALTIMETRIA'),
(1854, 'TOPOGRAFIA Y CARTOGRAFIA'),
(1855, 'TOPOLOGIA'),
(1856, 'TOPOLOGIA Y CATASTRO DE REDES'),
(1857, 'TORNO'),
(1858, 'TRABAJO COMUNITARIO'),
(1859, 'TRABAJO DE GRADO'),
(1860, 'TRABAJO DE GRADO I'),
(1861, 'TRABAJO DE GRADO II'),
(1862, 'TRABAJO DE GRADO TECNOLOGICO'),
(1863, 'TRADUCCION (INGLES - ESPAÑOL)'),
(1864, 'TRANSFERENCIA DE CALOR'),
(1865, 'TRANSFORMADORES'),
(1866, 'TRANSICION ARITMETICA ALGEBRA'),
(1867, 'TRANSITO Y TRANSPORTE'),
(1868, 'TRANSMISION DE DATOS'),
(1869, 'TRANSMISION DIGITAL'),
(1870, 'TRANSPORTE DE ENERGIA'),
(1871, 'TRATAMIENTO DE AGUA PARA CONSUMO'),
(1872, 'TRATAMIENTO DE AGUAS RESIDUALES'),
(1873, 'TRATAMIENTO DE RESIDUOS SOLIDOS'),
(1874, 'TRATAMIENTO Y DISPOSICION DE RESIDUOS SOLIDOS'),
(1875, 'TRATAMIENTOS TERMICOS'),
(1876, 'TROMBON II'),
(1877, 'TROMBON IV'),
(1878, 'TROMBON VII'),
(1879, 'TROMPETA'),
(1880, 'TROMPETA II'),
(1881, 'TROMPETA III'),
(1882, 'TROMPETA IX'),
(1883, 'TROMPETA VI'),
(1884, 'TROMPETA VII'),
(1885, 'TROMPETA VIII'),
(1886, 'TROMPETA X'),
(1887, 'TUBA IX'),
(1888, 'TUBA VI'),
(1889, 'TUBA VIII'),
(1890, 'TUBERIAS Y BOMBAS'),
(1891, 'UPPER INTERMEDIATE ENGLISH'),
(1892, 'VALIDEZ Y MODELOS MATEMATICOS'),
(1893, 'VALORACION DOCUMENTAL'),
(1894, 'VALORIZACION'),
(1895, 'VARIABLE COMPLEJA'),
(1896, 'VARIEDAD DE ANALISIS NARRATIVOS'),
(1897, 'VECTORES Y GEOMETRIA ANALITICA'),
(1898, 'VIBRACIONES MECANICAS'),
(1899, 'VIBRACIONES Y ONDAS'),
(1900, 'VIDA Y OBRA DE J.S.BACH'),
(1901, 'VIOLA II'),
(1902, 'VIOLA IV'),
(1903, 'VIOLENCIA, CONFLICTO Y EDUCACION PARA LA PAZ'),
(1904, 'VIOLIN'),
(1905, 'VIOLIN III'),
(1906, 'VIOLIN IV'),
(1907, 'VIOLÍN IX'),
(1908, 'VIOLIN V'),
(1909, 'VIOLIN VI'),
(1910, 'VIOLIN VII'),
(1911, 'VIOLIN VIII'),
(1912, 'VIOLIN X'),
(1913, 'VIOLONCHELO'),
(1914, 'VIOLONCHELO II'),
(1915, 'VIOLONCHELO III'),
(1916, 'VIOLONCHELO IV'),
(1917, 'VIOLONCHELO VI'),
(1918, 'VIOLONCHELO VII'),
(1919, 'VIOLONCHELO VIII'),
(1920, 'VIROLOGIA'),
(1921, 'VIVENCIA: CONST DEL CONC POR LOS NIÑOS, LAS NIÑAS Y LOS SABERES DEL MAESTRO'),
(1922, 'VIVENCIA: CONTEXTOS DE COMUNICACION NIÑOS, NIÑAS Y ADULTOS'),
(1923, 'VIVENCIA: CULTURA, INFANCIAS Y SOCIEDAD'),
(1924, 'VIVENCIA: IMAGINACION, FANTASIA Y CREACION'),
(1925, 'VIVENCIA: PENSAMIENTO TECNOLOGICO EN LOS NIÑOS, LAS NIÑAS Y EL ADULTO'),
(1926, 'VOZ CANTADA I'),
(1927, 'VOZ CANTADA II'),
(1928, 'VOZ CANTADA III'),
(1929, 'VOZ CANTADA IV'),
(1930, 'VOZ HABLADA I'),
(1931, 'VOZ HABLADA II'),
(1932, 'VOZ HABLADA III'),
(1933, 'VOZ HABLADA IV'),
(1934, 'VULNERABILIDAD Y RIESGOS'),
(1935, 'ZOOLOGIA DE INVERTEBRADOS'),
(1936, 'ZOOLOGIA DE VERTEBRADOS'),
(1937, 'ZOONOSIS'),
(1938, 'ZOONOSIS Y EPIDEMIOLOGIA');

-- --------------------------------------------------------

--
-- Table structure for table `Denuncia`
--

CREATE TABLE `Denuncia` (
  `idDenuncia` int(11) NOT NULL,
  `argumento` text COLLATE utf8_unicode_ci NOT NULL,
  `fecha` date NOT NULL,
  `referencia_idReferencia` int(11) NOT NULL,
  `estudiante_idEstudiante` int(11) NOT NULL,
  `tipoDeDenuncia_idTipoDeDenuncia` int(11) NOT NULL
) ENGINE=InnoDB DEFAULT CHARSET=utf8 COLLATE=utf8_unicode_ci TABLESPACE `itiud_referencialos_ud`;

--
-- Dumping data for table `Denuncia`
--

INSERT INTO `Denuncia` (`idDenuncia`, `argumento`, `fecha`, `referencia_idReferencia`, `estudiante_idEstudiante`, `tipoDeDenuncia_idTipoDeDenuncia`) VALUES
(1, '<p>El comentario indica que la metodología es mala y que llega tarde, pero tiene 5 puntos en metodología y en puntualidad</p>', '2024-06-16', 51, 6, 1),
(2, 'Mucho puntaje', '2024-06-17', 7, 1, 1);

-- --------------------------------------------------------

--
-- Table structure for table `Estudiante`
--

CREATE TABLE `Estudiante` (
  `idEstudiante` int(11) NOT NULL,
  `nombre` varchar(45) COLLATE utf8_unicode_ci NOT NULL,
  `apellido` varchar(45) COLLATE utf8_unicode_ci NOT NULL,
  `correo` varchar(45) COLLATE utf8_unicode_ci NOT NULL,
  `clave` varchar(45) COLLATE utf8_unicode_ci NOT NULL,
  `foto` varchar(45) COLLATE utf8_unicode_ci DEFAULT NULL,
  `telefono` varchar(45) COLLATE utf8_unicode_ci DEFAULT NULL,
  `celular` varchar(45) COLLATE utf8_unicode_ci DEFAULT NULL,
  `estado` tinyint(4) NOT NULL,
  `periodoDeIngreso` varchar(45) COLLATE utf8_unicode_ci NOT NULL,
  `fechaDeNacimiento` date NOT NULL,
  `fechaDeRegistro` date NOT NULL,
  `genero_idGenero` int(11) NOT NULL
) ENGINE=InnoDB DEFAULT CHARSET=utf8 COLLATE=utf8_unicode_ci TABLESPACE `itiud_referencialos_ud`;

--
-- Dumping data for table `Estudiante`
--

INSERT INTO `Estudiante` (`idEstudiante`, `nombre`, `apellido`, `correo`, `clave`, `foto`, `telefono`, `celular`, `estado`, `periodoDeIngreso`, `fechaDeNacimiento`, `fechaDeRegistro`, `genero_idGenero`) VALUES
(1, 'Dana Sofia', 'Macias Rojas', 'dsmaciasr@udistrital.edu.co', '250cf8b51c773f3f8dc8b4be867a9a02', 'image/1717702474.png', '', '', 1, '2023-1', '2005-07-24', '2024-05-09', 1),
(2, 'Valentina', 'Zaldua', 'lvzalduac@udistrital.edu.co', '4c97dbe4f8d182d4054b1ecb85ebb388', '', '', '', 1, '2023-1', '2006-02-13', '2024-05-10', 1),
(3, 'Camilo ', 'Sandoval ', 'casandovald@udistrital.edu.co', 'edc9739c5f9198c1366efd5988090508', 'image/1716077883.png', '', '3022878133', 1, '2020-3', '1997-04-09', '2024-05-12', 2),
(4, 'Laura Juliana ', 'Cárdenas Sánchez ', 'ljcardenass@udistrital.edu.co', '172546e0a3048b067e2bdbef4fe6079f', '', '', '', 1, '2023-1', '2006-01-23', '2024-05-15', 1),
(5, 'Daniel Leonardo', 'Lopez Valderrama', 'dllopezv@udistrital.edu.co', 'af5910967455dc5915bb167feb40c6af', 'image/1716603058.png', '', '3197028753', 1, '2023-1', '2006-10-16', '2024-05-18', 2),
(6, 'Arturo', 'Fernandez', 'haflorezf@udistrital.edu.co', '7acf5826ff4e666aec5e01c0f5ac5961', '', '', '', 1, '2024-1', '1981-06-09', '2024-06-06', 2),
(7, 'Hayden Sharif', 'Bello Sandoval', 'hsbellos@udistrital.edu.co', '7dfd0c022327687b76fef501c4c0131f', '', '', '', 1, '2021-1', '2003-11-21', '2024-06-09', 2),
(8, 'Juan David ', 'Ortiz Gordillo ', 'jdortizg@udistrital.edu.co', '114b9ebac0e0a8fbda6939ec4d667a26', '', '', '', 1, '2023-1', '2005-04-17', '2024-06-13', 2),
(9, 'Maria Camila ', 'Palacio Romero ', 'mcpalacior@udistrital.edu.co', '022d1d0204c28c72e07bee39a0089567', '', '', '', 1, '2023-3', '2005-04-11', '2024-06-13', 1),
(10, 'Emerson Javier', 'Gilon', 'ejgilonp@udistrital.edu.co', '1547a4ce2c2da828fef240368d0b57ed', '', '', '', 1, '2021-3', '2001-05-29', '2024-06-13', 2),
(11, 'Alan', 'Bohorquez ', 'aebohorquezn@udistrital.edu.co', 'a79bead8ffba3184758ea628e15a654c', '', '', '', 1, '2020-1', '2001-04-13', '2024-06-13', 2),
(12, 'Simón Santiago', 'Garavito Juvinao', 'ssgaravitoj@udistrital.edu.co', '1de952b426f59b123137dfc09b185d2f', '', '', '', 1, '2022-1', '2004-04-06', '2024-06-13', 2),
(13, 'Breyner', 'Peña', 'bspenar@udistrital.edu.co', '4135a6f12bd7b1007140f6c4deec37dc', '', '', '', 1, '2023-1', '2006-08-08', '2024-06-13', 2),
(14, 'Darwin', 'Bedoya', 'dsbedoyab@udistrital.edu.co', 'b0e5a9b23d354924bf58240d05754d4f', '', '', '', 1, '2023-1', '2002-04-13', '2024-06-13', 2),
(15, 'Shaila', 'Lorena ', 'slmosquera@udistrital.edu.co', 'a81410c5499113f70c7d893ae96a64ab', '', '', '', 1, '2024-1', '2005-08-18', '2024-06-13', 1),
(16, 'testin', 'testin', 'testing@udistrital.edu.co', 'ae2b1fca515949e5d54fb22b8ed95575', '', '', '', 0, '2021-3', '2002-02-11', '2024-06-13', 2),
(17, 'Santiago', 'Riaño', 'srianov@udistrital.edu.co', 'eed5e9041a85f5f4dc233a5b1d877281', '', '', '', 1, '2022-1', '2004-09-25', '2024-06-13', 2),
(18, 'Sebastián ', 'Perez', 'jsperezu@udistrital.edu.co', 'fb37f0e64332c2ff39e2c4632e46c7e3', '', '', '', 1, '2023-1', '2005-12-16', '2024-06-13', 2),
(19, 'Raul', 'Saa Estupiñan', 'rasaae@udistrital.edu.co', '02d2c8716350ef0afcecfd4be0847820', '', '', '', 1, '2020-1', '2016-04-16', '2024-06-14', 2),
(20, 'Donghee', 'Jo', 'djo@udistrital.edu.co', 'f24a6d4597ea50ba8145d1fafdd54d8f', '', '', '', 1, '2022-3', '2024-06-14', '2024-06-14', 2),
(21, 'Daniel Felipe ', 'Bustamante Pérez ', 'dfbustamantep@udistrital.edu.co', '9dd7ae261923514df62dd20c21ac563d', '', '', '', 1, '2022-1', '2004-07-01', '2024-06-14', 2),
(22, 'Juan', 'Hincapié ', 'jdhincapieg@udistrital.edu.co', '56ba17781e030c396f4f4e4156a83166', '', '', '', 1, '2023-3', '2005-09-24', '2024-06-14', 2),
(23, 'Ingrid Lorena ', 'Rubio Melgarejo ', 'ilrubiom@udistrital.edu.co', '2de9201218dc76f262ee3f95cb08a28c', '', '', '', 1, '2022-3', '2003-04-13', '2024-06-14', 1),
(24, 'Andrés ', 'Castaño ', 'afcastanop@udistrital.edu.co', 'da3fde159d754a2555eaa198d2d105b2', '', '', '', 1, '2023-1', '2004-08-18', '2024-06-14', 2),
(25, 'Michael ', 'Carvajal ', 'mscarvajala@udistrital.edu.co', '8a0aa78b880c37a159a968b180c3246e', '', '', '', 1, '2022-1', '2001-02-13', '2024-06-14', 2),
(26, 'Santiago ', 'Zapata', 'daszapatap@udistrital.edu.co', '658216f641b1389cb873edca13c88999', '', '', '', 1, '2023-3', '2005-11-01', '2024-06-14', 2),
(27, 'Jhana', 'Riscanevo ', 'lrriscanevod@udistrital.edu.co', 'b90025bbca93810d5498337c0a80bf12', '', '', '', 1, '2021-1', '2003-07-01', '2024-06-14', 1),
(28, 'Sebastian ', 'Saldarriaga ', 'jssaldarriagab@udistrital.edu.co', 'c8fe63e7b09b4dd2be812c633814e437', '', '', '', 1, '2022-3', '2002-01-28', '2024-06-14', 2),
(29, 'Diego ', 'Umaña', 'dcumanap@udistrital.edu.co', '5c17bb4445f24062f0483df521b04018', '', '', '', 1, '2020-1', '2002-05-22', '2024-06-14', 2),
(30, 'santiago felipe ', 'buendia castelblanco', 'sfbuendiac@udistrital.edu.co', 'f89672b4839db19790e907c8f9131988', '', '', '', 1, '2022-3', '2004-02-24', '2024-06-14', 2),
(31, 'Juan Esteban ', 'Castellanos Forero ', 'jecastellanosf@udistrital.edu.co', '3248876a733a4e01a44b79e71301d317', '', '', '', 1, '2024-1', '2003-07-02', '2024-06-14', 2),
(32, 'juan david ', 'paez sierra', 'jdpaezs@udistrital.edu.co', 'eb23243d0afca5eea63fa41d0b8cc5e1', '', '', '', 1, '2023-1', '2005-12-16', '2024-06-14', 2),
(33, 'Jeimy ', 'Sanchez', 'Jessancheza@udistrital.edu.co', '2cb06ee03316d37ab55bfdb2c3c1300b', '', '', '', 1, '2023-3', '2003-04-12', '2024-06-14', 1),
(34, 'Edward Giovanni ', 'castillo Beltrán ', 'egcastillob@udistrital.edu.co', '5a05eb0b78d9c184fc55b3c4a97f45bc', '', '', '', 1, '2022-3', '2004-09-16', '2024-06-14', 2),
(35, 'Luna ', 'Ruiz', 'lnruizg@udistrital.edu.co', 'f08855a1dd5b7d99126d101acb5f2114', '', '', '', 1, '2023-1', '2005-06-28', '2024-06-14', 1),
(36, 'Juan David', 'Castillo Baquero', 'jdcastillob@udistrital.edu.co', '8b63edb645c31823d8eb915fe5a61356', '', '', '', 1, '2023-3', '2005-05-29', '2024-06-14', 2),
(37, 'Camilo Andrés ', 'Clavijo guerrero ', 'caclavijog@udistrital.edu.co', '161f94b56b9cd44ca07d96b72e88b046', '', '', '', 1, '2023-3', '2005-06-10', '2024-06-14', 2),
(38, 'Iván ', 'Flórez', 'iaflorezg@udistrital.edu.co', '132c1b6408ff33e3d852e6c7cce868e6', '', '', '', 1, '2023-1', '2001-08-26', '2024-06-14', 2),
(39, 'Jesus Santiago ', 'Rincon Garzon', 'jesrincong@udistrital.edu.co', 'a2f7d2cd69fb464f87420e2791dc4e42', '', '', '', 2, '2020-1', '2001-09-03', '2024-06-14', 2),
(40, 'Zaira', 'Murillo ', 'zjmurillob@udistrital.edu.co', '4d8c806cfe08aac4a325c5154931a4bd', '', '', '', 1, '2021-1', '2004-03-01', '2024-06-14', 1),
(41, 'Bryan', ' Molano', 'bsmolanof@udistrital.edu.co', '65cc229cd2238d4a0574ea1d5820e51c', '', '', '', 2, '2023-1', '2005-08-31', '2024-06-14', 2),
(42, 'William', 'Diaz', 'wddiazg@udistrital.edu.co', 'e44f4ec95f7e04e1414047cf6cbb56a3', '', '', '', 1, '2023-1', '2005-09-21', '2024-06-14', 2),
(43, 'Andrea ', 'Diaz', 'adiazv@udistrital.edu.co', 'aa7f9e9ac09ca86ada3f30f3681c993d', '', '', '', 2, '2023-3', '2005-11-03', '2024-06-14', 1),
(44, 'Emmanuel', 'Arevalo', 'earevalov@udistrital.edu.co', 'cfc43bd82f3f004dee8e64e3abd601c8', '', '', '', 1, '2023-1', '2005-10-02', '2024-06-14', 2),
(45, 'sebastian ', 'carabali ', 'scarabalim@udistrital.edu.co', '46d4cdee5e3eccc116cfe75371567651', '', '', '', 1, '2023-1', '2006-02-23', '2024-06-14', 2),
(46, 'Sophia', 'Mateus', 'ksmateusm@udistrital.edu.co', '829ba90081686c68e6c6bb226cb30c21', '', '', '', 1, '2021-3', '2000-02-23', '2024-06-14', 1),
(47, 'Juan', 'Bernal', 'jdbernala@udistrital.edu.co', 'd698b41b800954f8777ab23c22f17ded', '', '', '', 1, '2024-3', '2003-06-17', '2024-06-15', 2),
(48, 'Andrea', 'Lara ', 'aylaram@udistrital.edu.co', '95628af92d666d41af0e00bc0456963f', '', '', '', 1, '2023-3', '2006-01-09', '2024-06-15', 1),
(49, 'Diego', 'Quevedo ', 'daquevedoc@udistrital.edu.co', 'ba6cb1d7ade174a9a59b80a156ea6df6', '', '', '', 1, '2024-1', '2006-09-18', '2024-06-15', 2),
(50, 'Laura Sofia', 'Andrade Castiblanco ', 'lsandradec@udistrital.edu.co', '0dc3c1cda1e1207cf1750c10c12689ba', '', '', '', 1, '2023-3', '2006-06-24', '2024-06-15', 2),
(51, 'Ruby Esmeralda ', 'Hernandez ', 'rehernandezg@udistrital.edu.co', 'ead91e844f0aeca894f314c7e6f89296', '', '', '', 2, '2023-3', '2005-06-08', '2024-06-15', 1),
(52, 'Omar ', 'Díaz ', 'osdiazr@udistrital.edu.co', '290847a00b3141c3b65da8608ae9059f', '', '', '', 1, '2020-1', '2002-06-03', '2024-06-15', 2),
(53, 'Hesly yamid ', 'Rojas', 'hyrojasc@udistrital.edu.co', '2ac25e1c66092eb67f545082fb1eeb9a', '', '', '', 1, '2022-3', '2001-05-11', '2024-06-15', 2),
(54, 'Kevin Santiago ', 'Sanchez Currea ', 'kessanchezc@udistrital.edu.co', 'aef37a290ebf000a928a34a96b222599', '', '', '', 1, '2020-1', '2000-05-18', '2024-06-15', 2),
(55, 'Noriel', 'Yela', 'Wnyelap@udistrital.edu.co', '31f71556b27932702a0d34859594a0cf', '', '', '', 1, '2022-1', '2004-02-05', '2024-06-15', 2),
(56, 'Santiago ', 'Bolivar', 'ksbolivarp@udistrital.edu.co', '432a6963070bb305cded151c7d7e2be4', '', '', '', 1, '2023-3', '2006-02-26', '2024-06-15', 2),
(57, 'yojan', 'coronado', 'ymcoronador@udistrital.edu.co', '6d2f1ad6b69ebb9bf8cba835dbab7533', '', '', '', 1, '2023-3', '2006-03-21', '2024-06-15', 2),
(58, 'Paula ', 'Sanchez ', 'pasanchezt@udistrital.edu.co', '827ccb0eea8a706c4c34a16891f84e7b', '', '', '', 1, '2021-1', '2002-12-06', '2024-06-15', 1),
(59, 'Brayan', 'Torres', 'bdtorresm@udistrital.edu.co', '58e890f5817a2f5a3bf48c73db541286', '', '', '', 1, '2023-3', '2003-08-22', '2024-06-15', 2),
(60, 'Carlos Esteban', 'Macías Rojas', 'cemaciasr@udistrital.edu.co', 'd0ade24f32767ffb20feec81d3f81c1c', '', '', '', 1, '2023-1', '2005-07-24', '2024-06-15', 2),
(61, 'Nicol ', 'Zamudio', 'nvzamudiog@udistrital.edu.co', '25e339e821b567f013c84494a69140af', '', '', '', 1, '2023-3', '2006-05-07', '2024-06-15', 1),
(62, 'Sara ', 'Rodriguez', 'sajrodriguezr@udistrital.edu.co', 'ef3c307debf8a04cfa3c6b0f044bcb66', '', '', '', 1, '2023-3', '2005-09-23', '2024-06-15', 1),
(63, 'Mateo', 'Florez Torres ', 'mflorezt@udistrital.edu.co', 'b0f467e1a3c3f96752a07381f2282f3b', '', '', '', 1, '2021-3', '2002-05-06', '2024-06-15', 2),
(64, 'Juan Esteban ', 'Vargas Cardoso', 'juevargasc@udistrital.edu.co', 'b460b0d5d5b54a4cf84a5f2789fdac41', '', '', '', 1, '2022-3', '2004-12-11', '2024-06-15', 2),
(65, 'Jhon ', 'Saenz', 'jhoasaenzp@udistrital.edu.co', '827ccb0eea8a706c4c34a16891f84e7b', '', '', '', 1, '2020-1', '1997-06-19', '2024-06-15', 2),
(66, 'Alejandra ', 'Beltrán ', 'damolinab@udistrital.edu.co', '8c03c1a0f7325a7184fa945cb5f5cf53', '', '', '', 1, '2023-1', '2006-04-21', '2024-06-15', 1),
(67, 'Dylier Steven ', 'Moya Tinoco', 'dsmoyat@udistrital.edu.co', 'd47268e9db2e9aa3827bba3afb7ff94a', '', '', '', 1, '2023-3', '2005-09-18', '2024-06-15', 2),
(68, 'Brandon ', 'Zuñiga ', 'bazunigar@udistrital.edu.co', 'ebb5559c10a8be385403b3e0c6a0462f', '', '', '', 1, '2021-3', '2004-01-07', '2024-06-15', 2),
(69, 'Maria Alejandra ', 'Castillo Rojas ', 'maracastillor@udistrital.edu.co', 'b6ae29163cac01b77806bbe14311f7be', '', '', '', 1, '2020-1', '2002-11-28', '2024-06-15', 1),
(70, 'Sebastián', 'Rodriguez Osorio', 'serodriguezo@udistrital.edu.co', '417bb76d653af657a9ecf0d45eb69818', '', '', '', 1, '2023-1', '2001-02-14', '2024-06-15', 2),
(71, 'David ', 'Avila', 'deavilaa@udistrital.edu.co', '73d50f8faef91ab5ec16d75900dc81a4', '', '', '', 1, '2024-1', '2000-12-15', '2024-06-15', 2),
(72, 'Juan Pablo', 'Gómez León', 'jpgomezl@udistrital.edu.co', 'f26635086a0c2a9f9b5c5e7ffc5556bf', '', '', '', 1, '2023-3', '2005-08-26', '2024-06-15', 2),
(73, 'Daniela ', 'Ruiz', 'adnovar@udistrital.edu.co', 'b6d6454832c1bb8ba778600ed30622c2', '', '', '', 1, '2024-1', '2006-09-14', '2024-06-15', 1),
(74, 'Ana', 'Kamila ', 'akcarrillog@udistrital.edu.co', '021f6dd88a11ca489936ae770e4634ad', '', '', '', 1, '2023-1', '2006-09-04', '2024-06-16', 1),
(75, 'Maidy ', 'Sánchez ', 'mlsanchezp@udistrital.edu.co', '3846ea18d674903b0fcfc231fd7da17a', '', '', '', 1, '2022-3', '2000-06-01', '2024-06-16', 1),
(76, 'Paula ', 'Guerrero', 'paguerrerob@udistrital.edu.co', '1e8c6c013fe18fe567a61c9a3eaca425', '', '', '', 1, '2022-3', '2003-06-14', '2024-06-16', 1),
(77, 'Juana Valentina ', 'Ávila', 'jvavilag@udistrital.edu.co', 'beab7268c1b52035bd060cdec5b06a18', '', '', '', 1, '2023-3', '2005-10-09', '2024-06-16', 1),
(78, 'Sebastian', 'Murillo', 'Asmurilloc@udistrital.edu.co', '6e920b325d17c5f546db785b43807f45', '', '', '', 1, '2021-3', '2003-11-08', '2024-06-17', 2),
(79, 'Johan', 'Ventura', 'jsventurav@udistrital.edu.co', '801d51d400e3ab8edf39c339ef0c7908', '', '', '', 1, '2021-1', '2004-07-30', '2024-06-17', 2),
(80, 'Nicolay', 'Forero Conde', 'niforeroc@udistrital.edu.co', '05a79e71c5fd60cfc51b2da136cff844', '', '', '', 1, '2024-1', '2006-10-28', '2024-06-17', 2),
(81, 'Angie', 'Cuartas', 'amcuartaso@udistrital.edu.co', '5780891aaab587dcf8e5298a3566b12c', '', '', '', 1, '2024-1', '2006-07-27', '2024-06-18', 1),
(82, 'Julián ', 'Cabuya ', 'jdcabuyab@udistrital.edu.co', '71b549dc79e46a2c73425f9007beed18', '', '', '', 1, '2023-3', '2004-06-18', '2024-06-18', 2),
(83, 'Adriana ', 'Alonso ', 'alalonsoo@udistrital.edu.co', 'd47268e9db2e9aa3827bba3afb7ff94a', '', '', '', 1, '2023-1', '2005-12-10', '2024-06-18', 1);

-- --------------------------------------------------------

--
-- Table structure for table `Facultad`
--

CREATE TABLE `Facultad` (
  `idFacultad` int(11) NOT NULL,
  `nombre` varchar(100) COLLATE utf8_unicode_ci NOT NULL
) ENGINE=InnoDB DEFAULT CHARSET=utf8 COLLATE=utf8_unicode_ci TABLESPACE `itiud_referencialos_ud`;

--
-- Dumping data for table `Facultad`
--

INSERT INTO `Facultad` (`idFacultad`, `nombre`) VALUES
(1, 'Facultad de Artes - ASAB'),
(2, 'Facultad de Ciencias Matemáticas y Naturales'),
(3, 'Facultad de Ciencias y Educación'),
(4, 'Facultad de Ingenieria'),
(5, 'Facultad del Medio Ambiente y Recursos Naturales'),
(6, 'Facultad Tecnológica - Politecnica / Tecnológica');

-- --------------------------------------------------------

--
-- Table structure for table `Genero`
--

CREATE TABLE `Genero` (
  `idGenero` int(11) NOT NULL,
  `nombre` varchar(45) COLLATE utf8_unicode_ci NOT NULL
) ENGINE=InnoDB DEFAULT CHARSET=utf8 COLLATE=utf8_unicode_ci TABLESPACE `itiud_referencialos_ud`;

--
-- Dumping data for table `Genero`
--

INSERT INTO `Genero` (`idGenero`, `nombre`) VALUES
(1, 'Femenino'),
(2, 'Masculino'),
(3, 'Otro');

-- --------------------------------------------------------

--
-- Table structure for table `LogAdministrador`
--

CREATE TABLE `LogAdministrador` (
  `idLogAdministrador` int(11) NOT NULL,
  `accion` varchar(100) COLLATE utf8_unicode_ci NOT NULL,
  `informacion` text COLLATE utf8_unicode_ci NOT NULL,
  `fecha` date NOT NULL,
  `hora` time NOT NULL,
  `ip` varchar(45) COLLATE utf8_unicode_ci NOT NULL,
  `so` varchar(45) COLLATE utf8_unicode_ci NOT NULL,
  `explorador` varchar(45) COLLATE utf8_unicode_ci NOT NULL,
  `administrador_idAdministrador` int(11) NOT NULL
) ENGINE=InnoDB DEFAULT CHARSET=utf8 COLLATE=utf8_unicode_ci TABLESPACE `itiud_referencialos_ud`;

--
-- Dumping data for table `LogAdministrador`
--

INSERT INTO `LogAdministrador` (`idLogAdministrador`, `accion`, `informacion`, `fecha`, `hora`, `ip`, `so`, `explorador`, `administrador_idAdministrador`) VALUES
(1, 'Log In', '', '2024-06-08', '16:03:54', '179.32.128.82', 'Linux', 'Chrome', 1),
(2, 'Editar Profile Foto in Administrador', 'Foto: image/1717880656.png', '2024-06-08', '16:04:16', '179.32.128.82', 'Linux', 'Chrome', 1),
(3, 'Editar Profesor', 'Nombre: FLOREZ FERNANDEZ HECTOR ARTURO; Correo: haflorezf@udistrital.edu.co; Genero: Masculino', '2024-06-08', '16:04:29', '179.32.128.82', 'Linux', 'Chrome', 1),
(4, 'Log In', '', '2024-06-08', '22:00:21', '179.32.128.82', 'Linux', 'Chrome', 1),
(5, 'Log In', '', '2024-06-09', '21:02:43', '190.66.212.251', 'Linux', 'Chrome', 1),
(6, 'Log In', '', '2024-06-09', '21:12:20', '190.66.212.251', 'Linux', 'Chrome', 1),
(7, 'Log In', '', '2024-06-10', '14:52:00', '181.53.14.181', 'Linux', 'Chrome', 2),
(8, 'Crear Tipo De Denuncia', 'Nombre: Información de referencia inconsistente', '2024-06-10', '14:52:36', '181.53.14.181', 'Linux', 'Chrome', 2),
(9, 'Crear Tipo De Denuncia', 'Nombre: Referencia falsa', '2024-06-10', '14:54:21', '181.53.14.181', 'Linux', 'Chrome', 2),
(10, 'Crear Tipo De Denuncia', 'Nombre: Injuria o Calumnia', '2024-06-10', '14:56:21', '181.53.14.181', 'Linux', 'Chrome', 2),
(11, 'Log In', '', '2024-06-11', '13:57:56', '190.66.212.251', 'Linux', 'Chrome', 1),
(12, 'Log In', '', '2024-06-11', '17:11:12', '190.66.212.251', 'Linux', 'Chrome', 1),
(13, 'Editar Tipo De Denuncia', 'Nombre: Injuria o calumnia', '2024-06-11', '17:49:32', '190.66.212.251', 'Linux', 'Chrome', 1),
(14, 'Log In', '', '2024-06-11', '17:50:24', '181.53.14.181', 'Linux', 'Chrome', 2),
(15, 'Crear Tipo De Denuncia', 'Nombre: Lenguaje inapropiado', '2024-06-11', '17:51:24', '181.53.14.181', 'Linux', 'Chrome', 2),
(16, 'Crear Tipo De Denuncia', 'Nombre: Lenguaje ofensivo', '2024-06-11', '17:52:30', '181.53.14.181', 'Linux', 'Chrome', 2),
(17, 'Log In', '', '2024-06-12', '14:00:47', '190.66.212.251', 'Linux', 'Chrome', 1),
(18, 'Log In', '', '2024-06-12', '21:02:02', '190.66.212.251', 'Linux', 'Chrome', 1),
(19, 'Log In', '', '2024-06-13', '16:18:27', '190.66.212.251', 'Linux', 'Chrome', 1),
(20, 'Log In', '', '2024-06-13', '16:56:48', '181.53.14.181', 'Linux', 'Chrome', 2),
(21, 'Log In', '', '2024-06-13', '21:32:14', '190.66.212.251', 'Linux', 'Chrome', 1),
(22, 'Log In', '', '2024-06-14', '17:42:53', '190.66.212.251', 'Linux', 'Chrome', 1),
(23, 'Editar Estudiante', 'Nombre: testin; Apellido: testin; Correo: testing@udistrital.edu.co; Telefono: ; Celular: ; Estado: 0; Periodo De Ingreso: 2021-3; Fecha De Nacimiento: 2002-02-11; Fecha De Registro: 2024-06-13; Genero: Masculino', '2024-06-14', '17:46:23', '190.66.212.251', 'Linux', 'Chrome', 1),
(24, 'Log In', '', '2024-06-14', '19:10:25', '190.66.212.251', 'Linux', 'Chrome', 1),
(25, 'Log In', '', '2024-06-14', '19:44:19', '190.66.212.251', 'Linux', 'Chrome', 1),
(26, 'Log In', '', '2024-06-15', '13:29:19', '190.66.212.251', 'Linux', 'Chrome', 1),
(27, 'Editar Referencia', 'Comentario: <p>No la recomiendo, clases muy monotonas, pesima metodologia de diapositivas, facil pasar pero nada se aprende, a la clase de 8 a 10 llegaba a las 9 de la mañana poniendo mensajes en el grupo de WhatsApp como: Vayan entrando al salon (8am) ya casi voy llegando muchachos (8:30am) para luego llegar a las y 50.</p>; Pros: <p>Facil de pasar???</p>; Contras: <p>Monotonia, Impuntualidad</p>; Periodo: 2024-1; Fecha: 2024-06-14; Estado: 1; Profesor: ROMERO GARCIA MARILUZ;; Curso: BASES DE DATOS;; Estudiante: Breyner Peña;; Programa: Tecnología en Sistematización de Datos (Por ciclos propedéuticos);; Rango De Nota: Entre 40 y 49', '2024-06-15', '13:30:27', '190.66.212.251', 'Linux', 'Chrome', 1),
(28, 'Log In', '', '2024-06-15', '13:37:11', '190.66.212.251', 'Linux', 'Chrome', 1),
(29, 'Log In', '', '2024-06-15', '13:39:18', '190.66.212.251', 'Linux', 'Chrome', 1),
(30, 'Editar Estudiante', 'Nombre: Juan; Apellido: Bernal; Correo: jdbernala@udistrital.edu.co; Telefono: ; Celular: ; Estado: 1; Periodo De Ingreso: 2024-3; Fecha De Nacimiento: 2003-06-17; Fecha De Registro: 2024-06-15; Genero: Masculino', '2024-06-15', '13:40:13', '190.66.212.251', 'Linux', 'Chrome', 1),
(31, 'Log In', '', '2024-06-15', '14:03:50', '181.53.14.181', 'Linux', 'Chrome', 2),
(32, 'Editar Estudiante', 'Nombre: Noriel; Apellido: Yela; Correo: Wnyelap@udistrital.edu.co; Telefono: ; Celular: ; Estado: 1; Periodo De Ingreso: 2022-1; Fecha De Nacimiento: 2004-02-05; Fecha De Registro: 2024-06-15; Genero: Masculino', '2024-06-15', '14:07:34', '181.53.14.181', 'Linux', 'Chrome', 2),
(33, 'Log In', '', '2024-06-15', '14:35:06', '181.53.14.181', 'Linux', 'Chrome', 2),
(34, 'Editar Referencia', 'Comentario: <p>El profesor es estricto en cuanto asistir en clases, pero es muy amable y charlable.</p>; Pros: <p>Se aprende muy bien tiene métodos para enseñar muy buenos, si ve que no está entendiendo el grupo les vuelve a explicar hasta que se entiende, los parciales si se ha aprendido no son tan duros, y hace talleres super faciles que ayudan a la nota</p>; Contras: <p>Se tiene que asistir a todas las clases, es muy difícil que no falte a clase, hay que prestarle mucha atención porque es fácil perderse</p>; Periodo: 2023-3; Fecha: 2024-06-15; Estado: 0; Profesor: CARVAJAL MARQUEZ EDILMO;; Curso: ALGEBRA LINEAL;; Estudiante: Laura Sofia Andrade Castiblanco ;; Programa: Tecnología en Sistematización de Datos (Por ciclos propedéuticos);; Rango De Nota: Entre 30 y 39', '2024-06-15', '14:52:20', '181.53.14.181', 'Linux', 'Chrome', 2),
(35, 'Log In', '', '2024-06-16', '13:42:36', '181.53.14.181', 'Linux', 'Chrome', 2),
(36, 'Log In', '', '2024-06-16', '16:47:41', '161.10.207.14', 'Linux', 'Chrome', 1),
(37, 'Log In', '', '2024-06-16', '17:20:22', '161.10.207.14', 'Linux', 'Chrome', 1),
(38, 'Editar Referencia', 'Comentario: <p>No la recomiendo, clases muy monotonas, pesima metodologia de diapositivas, facil pasar pero nada se aprende, a la clase de 8 a 10 llegaba a las 9 de la mañana poniendo mensajes en el grupo de WhatsApp como: Vayan entrando al salon (8am) ya casi voy llegando muchachos (8:30am) para luego llegar a las y 50.</p>; Pros: <p>Facil de pasar???</p>; Contras: <p>Monotonia, Impuntualidad</p>; Periodo: 2024-1; Fecha: 2024-06-14; Estado: 0; Profesor: ROMERO GARCIA MARILUZ;; Curso: BASES DE DATOS;; Estudiante: Breyner Peña;; Programa: Tecnología en Sistematización de Datos (Por ciclos propedéuticos);; Rango De Nota: Entre 40 y 49', '2024-06-16', '17:20:49', '161.10.207.14', 'Linux', 'Chrome', 1),
(39, 'Log In', '', '2024-06-17', '00:01:43', '181.53.14.181', 'Linux', 'Chrome', 2),
(40, 'Log In', '', '2024-06-17', '04:25:59', '181.53.14.181', 'Linux', 'Chrome', 2),
(41, 'Log In', '', '2024-06-17', '09:19:50', '161.10.207.14', 'Linux', 'Chrome', 1),
(42, 'Log In', '', '2024-06-17', '10:32:06', '161.10.207.14', 'Linux', 'Chrome', 1),
(43, 'Log In', '', '2024-06-17', '11:20:56', '161.10.207.14', 'Linux', 'Chrome', 1),
(44, 'Editar Referencia', 'Comentario: <p>Bastante bueno, ameniza sus clases con sus chistes (no muy buenos) pero es una persona bastante colaboradora con las notas y plazos de entrega</p>; Pros: <p>Explicaciones claras y concisas, tiempos de entrega flexibles, ayudas de apuntes en los parciales</p>; Contras: Por mi parte no tuve ninguno; Periodo: 2024-1; Fecha: 2024-06-14; Estado: 0; Profesor: DE ARMAS COSTA RICARDO;; Curso: CALCULO INTEGRAL;; Estudiante: Breyner Peña;; Programa: Ingeniería en Telemática (por ciclos propedéuticos);; Rango De Nota: Entre 30 y 39', '2024-06-17', '12:33:28', '161.10.207.14', 'Linux', 'Chrome', 1),
(45, 'Log In', '', '2024-06-17', '12:35:02', '161.10.207.14', 'Linux', 'Chrome', 1),
(46, 'Log In', '', '2024-06-17', '15:12:43', '181.53.14.181', 'Linux', 'Chrome', 2),
(47, 'Log In', '', '2024-06-17', '15:14:04', '161.10.207.14', 'Linux', 'Chrome', 1),
(48, 'Crear Profesor Archivo', 'Profesores agregados:<br>Profesor: ACEVEDO ROJAS JULIO EDUARDO, correo: jeacevedor@udistrital.edu.co, genero: Masculino<br>Profesor: ACOSTA GEMPELER MARTIN EDWARDO, correo: meacostag@udistrital.edu.co, genero: Masculino<br>Profesor: ACOSTA MARROQUIN NADIA PAOLA, correo: npacostam@udistrital.edu.co, genero: Femenino<br>Profesor: AFRICANO WILLIAM CAMILO, correo: wafricano@udistrital.edu.co, genero: Masculino<br>Profesor: AGUDELO COLORADO ELKIN DARIO, correo: edagudeloc@udistrital.edu.co, genero: Masculino<br>Profesor: AGUDELO GOMEZ NESTOR GUSTAVO, correo: ngagudelog@udistrital.edu.co, genero: Masculino<br>Profesor: AGUDELO RONDON ANTONIO ARNOVIS, correo: aagudelor@udistrital.edu.co, genero: Masculino<br>Profesor: ALARCON FERNANDEZ FABIOLA, correo: falarconf@udistrital.edu.co, genero: Femenino<br>Profesor: ALDANA GUTIERREZ YERALDINE, correo: yaldanag@udistrital.edu.co, genero: Femenino<br>Profesor: ALONSO GALEANO NELSON ARTURO, correo: nalonsog@udistrital.edu.co, genero: Masculino<br>Profesor: ALONSO GONZALEZ AZUCENA, correo: aalonsog@udistrital.edu.co, genero: Femenino<br>Profesor: ALVAREZ AGUIRRE MONICA LEDA, correo: mledaa@udistrital.edu.co, genero: Femenino<br>Profesor: ALVAREZ ALVAREZ MARIA YANNETH, correo: myalvareza@udistrital.edu.co, genero: Femenino<br>Profesor: AMORTEGUI PAOLA ANDREA, correo: pavergaraa@udistrital.edu.co, genero: Femenino<br>Profesor: ANGULO NOGUERA YAMILET, correo: yangulon@udistrital.edu.co, genero: Femenino<br>Profesor: ARAUJO OVIEDO MARIA LUISA, correo: mlaraujoo@udistrital.edu.co, genero: Femenino<br>Profesor: ARCE NARVAEZ GLORIA CRISTINA, correo: gcarcen@udistrital.edu.co, genero: Femenino<br>Profesor: ARCOS MARTINEZ FABIO OMAR, correo: farcos@udistrital.edu.co, genero: Masculino<br>Profesor: AREVALO TRUJILLO LUZ MYRIAM, correo: lmarevalot@udistrital.edu.co, genero: Masculino<br>Profesor: ARGOTE PAVI XIMENA, correo: xargotep@udistrital.edu.co, genero: Femenino<br>Profesor: ARGUELLO DIANA, correo: daarguellot@udistrital.edu.co, genero: Femenino<br>Profesor: CUEVAS ARIAS ADRIANA CONSTANZA, correo: accuevasa@udistrital.edu.co, genero: Femenino<br>Profesor: ARIAS ALBA', '2024-06-17', '15:15:04', '181.53.14.181', 'Linux', 'Chrome', 2),
(49, 'Editar Profesor', 'Nombre: RIVAS NIÑO CARLOS FERNANDO; Correo: cfrivasn@udistrital.edu.co; Genero: Masculino', '2024-06-17', '15:22:58', '161.10.207.14', 'Linux', 'Chrome', 1),
(50, 'Log In', '', '2024-06-17', '16:04:33', '161.10.207.14', 'Linux', 'Chrome', 1),
(51, 'Log In', '', '2024-06-17', '16:05:27', '181.53.14.181', 'Linux', 'Chrome', 2),
(52, 'Editar Profesor', 'Nombre: ARIAS ALBAÑIL MIGUEL ANGEL; Correo: maariasa@udistrital.edu.co; Genero: Masculino', '2024-06-17', '16:06:00', '181.53.14.181', 'Linux', 'Chrome', 2),
(53, 'Editar Profesor', 'Nombre: AVENDAÑO PEÑA CAROLINA; Correo: cavendanop@udistrital.edu.co; Genero: Femenino', '2024-06-17', '16:06:43', '181.53.14.181', 'Linux', 'Chrome', 2),
(54, 'Editar Profesor', 'Nombre: BELTRAN RIAÑO DANIEL ERNESTO; Correo: debeltranr@udistrital.edu.co; Genero: Masculino', '2024-06-17', '17:04:01', '181.53.14.181', 'Linux', 'Chrome', 2),
(55, 'Editar Profesor', 'Nombre: BOLAÑOS FLORIDO LEIDY PAOLA; Correo: lpbolanosf@udistrital.edu.co; Genero: Femenino', '2024-06-17', '17:17:09', '181.53.14.181', 'Linux', 'Chrome', 2),
(56, 'Editar Profesor', 'Nombre: BRAVO PIÑEROS NESTOR FABIAN; Correo: nfbravop@udistrital.edu.co; Genero: Masculino', '2024-06-17', '17:18:51', '181.53.14.181', 'Linux', 'Chrome', 2),
(57, 'Editar Profesor', 'Nombre: BRICEÑO CASTAÑEDA SERGIO RAMIRO; Correo: sbricenoc@udistrital.edu.co; Genero: Masculino', '2024-06-17', '17:19:19', '181.53.14.181', 'Linux', 'Chrome', 2),
(58, 'Editar Profesor', 'Nombre: CASTILLO ORDOÑEZ ELSY YANETH; Correo: eycastilloo@udistrital.edu.co; Genero: Femenino', '2024-06-17', '17:20:00', '181.53.14.181', 'Linux', 'Chrome', 2),
(59, 'Editar Profesor', 'Nombre: GIRALDO ACUÑA JUAN CARLOS; Correo: jcgiraldoa@udistrital.edu.co; Genero: Masculino', '2024-06-17', '17:20:39', '181.53.14.181', 'Linux', 'Chrome', 2),
(60, 'Editar Profesor', 'Nombre: HERREÑO FIERRO CESAR AURELIO; Correo: caherrenof@udistrital.edu.co; Genero: Masculino', '2024-06-17', '17:24:56', '181.53.14.181', 'Linux', 'Chrome', 2),
(61, 'Editar Profesor', 'Nombre: JACOME MUÑOZ CARLOS EFRAIN; Correo: cjacome@udistrital.edu.co; Genero: Masculino', '2024-06-17', '17:25:31', '181.53.14.181', 'Linux', 'Chrome', 2),
(62, 'Editar Profesor', 'Nombre: LEON ACUÑA LAURA MARCELA; Correo: lmleon@udistrital.edu.co; Genero: Femenino', '2024-06-17', '17:39:57', '181.53.14.181', 'Linux', 'Chrome', 2),
(63, 'Editar Profesor', 'Nombre: AVENDAÑO AVENDAÑO MARYSOL; Correo: masavendanoa@udistrital.edu.co; Genero: Femenino', '2024-06-17', '17:40:29', '181.53.14.181', 'Linux', 'Chrome', 2),
(64, 'Editar Profesor', 'Nombre: MEJIA BAÑOS MANUEL ANTONIO; Correo: mamejiab@udistrital.edu.co; Genero: Masculino', '2024-06-17', '18:47:05', '181.53.14.181', 'Linux', 'Chrome', 2),
(65, 'Editar Profesor', 'Nombre: MONROY CAÑON IGNACIO ALBERTO; Correo: iamonroyc@udistrital.edu.co; Genero: Masculino', '2024-06-17', '19:01:18', '181.53.14.181', 'Linux', 'Chrome', 2),
(66, 'Editar Profesor', 'Nombre: MONTERO LONDOÑO JANNETH CRISTINA; Correo: ycmonterol@udistrital.edu.co; Genero: Femenino', '2024-06-17', '19:01:58', '181.53.14.181', 'Linux', 'Chrome', 2),
(67, 'Editar Profesor', 'Nombre: MORENO PEÑUELA CARLOS FERNANDO; Correo: cfmorenop@udistrital.edu.co; Genero: Masculino', '2024-06-17', '19:02:30', '181.53.14.181', 'Linux', 'Chrome', 2),
(68, 'Editar Profesor', 'Nombre: MUÑOZ ALBARRACIN LIZ MAYOLY; Correo: lmmunoza@udistrital.edu.co; Genero: Femenino', '2024-06-17', '19:04:23', '181.53.14.181', 'Linux', 'Chrome', 2),
(69, 'Editar Profesor', 'Nombre: NIÑO GALEANO GERMAN ANTONIO; Correo: ganinog@udistrital.edu.co; Genero: Masculino', '2024-06-17', '19:09:26', '181.53.14.181', 'Linux', 'Chrome', 2),
(70, 'Editar Profesor', 'Nombre: NOVOA PATIÑO JOSE BENEDICTO; Correo: jbnovoap@udistrital.edu.co; Genero: Masculino', '2024-06-17', '19:10:10', '181.53.14.181', 'Linux', 'Chrome', 2),
(71, 'Editar Profesor', 'Nombre: ORDOÑEZ JIMENEZ ANDRES FELIPE; Correo: afordonezj@udistrital.edu.co; Genero: Masculino', '2024-06-17', '19:10:41', '181.53.14.181', 'Linux', 'Chrome', 2),
(72, 'Editar Profesor', 'Nombre: PARRA CASTAÑEDA JOSE HERIBERTO; Correo: jhparrac@udistrital.edu.co; Genero: Masculino', '2024-06-17', '19:11:18', '181.53.14.181', 'Linux', 'Chrome', 2),
(73, 'Editar Profesor', 'Nombre: PEÑA ACUÑA FREDY; Correo: fpenaa@udistrital.edu.co; Genero: Masculino', '2024-06-17', '19:14:51', '181.53.14.181', 'Linux', 'Chrome', 2),
(74, 'Editar Profesor', 'Nombre: PULIDO NIÑO OMAR GIOVANNY; Correo: ogpulidon@udistrital.edu.co; Genero: Masculino', '2024-06-17', '19:19:58', '181.53.14.181', 'Linux', 'Chrome', 2),
(75, 'Editar Profesor', 'Nombre: RIAÑO TORRES CARLOS ALBERTO; Correo: carianot@udistrital.edu.co; Genero: Masculino', '2024-06-17', '19:21:46', '181.53.14.181', 'Linux', 'Chrome', 2),
(76, 'Editar Profesor', 'Nombre: RINCON MUÑOZ FLOR ANGELA; Correo: farincon@udistrital.edu.co; Genero: Femenino', '2024-06-17', '19:22:26', '181.53.14.181', 'Linux', 'Chrome', 2),
(77, 'Editar Profesor', 'Nombre: ROMERO PATIÑO CAROLINA; Correo: cromerop@udistrital.edu.co; Genero: Femenino', '2024-06-17', '19:23:05', '181.53.14.181', 'Linux', 'Chrome', 2),
(78, 'Editar Profesor', 'Nombre: GONZALEZ NIÑO ESPERANZA; Correo: egonzalezn@udistrital.edu.co; Genero: Femenino', '2024-06-17', '19:23:42', '181.53.14.181', 'Linux', 'Chrome', 2),
(79, 'Editar Profesor', 'Nombre: PATIÑO MONTAÑA BRIGETTE YANITH; Correo: bypatinom@udistrital.edu.co; Genero: Femenino', '2024-06-17', '19:25:04', '181.53.14.181', 'Linux', 'Chrome', 2),
(80, 'Editar Profesor', 'Nombre: RODRIGUEZ BOLAÑOS ABELARDO; Correo: arodriguezb@udistrital.edu.co; Genero: Masculino', '2024-06-17', '19:26:27', '181.53.14.181', 'Linux', 'Chrome', 2),
(81, 'Editar Profesor', 'Nombre: LACHE MUÑOZ ANDREA; Correo: alachem@udistrital.edu.co; Genero: Femenino', '2024-06-17', '19:27:22', '181.53.14.181', 'Linux', 'Chrome', 2),
(82, 'Editar Profesor', 'Nombre: QUIÑONES SEGURA CESAR AUGUSTO; Correo: caquinoness@udistrital.edu.co; Genero: Masculino', '2024-06-17', '19:28:24', '181.53.14.181', 'Linux', 'Chrome', 2),
(83, 'Editar Profesor', 'Nombre: ACEVEDO FANDIÑO MARYBEL; Correo: macevedof@udistrital.edu.co; Genero: Femenino', '2024-06-17', '19:29:15', '181.53.14.181', 'Linux', 'Chrome', 2),
(84, 'Editar Profesor', 'Nombre: ACOSTA PEÑALOZA GLORIA STELLA; Correo: gsacostap@udistrital.edu.co; Genero: Femenino', '2024-06-17', '19:29:57', '181.53.14.181', 'Linux', 'Chrome', 2),
(85, 'Editar Profesor', 'Nombre: ACUÑA CARVAJAL HERNANDO; Correo: hacuna@udistrital.edu.co; Genero: Masculino', '2024-06-17', '19:30:33', '181.53.14.181', 'Linux', 'Chrome', 2),
(86, 'Editar Profesor', 'Nombre: AVELLA MUÑOZ EDGAR ANDRES; Correo: aavellam@udistrital.edu.co; Genero: Masculino', '2024-06-17', '19:31:27', '181.53.14.181', 'Linux', 'Chrome', 2),
(87, 'Editar Profesor', 'Nombre: BELTRAN PEÑA HECTOR FAROOK; Correo: hfbeltranp@udistrital.edu.co; Genero: Masculino', '2024-06-17', '19:35:22', '181.53.14.181', 'Linux', 'Chrome', 2),
(88, 'Editar Profesor', 'Nombre: BLANCO NUÑEZ JOSE LUIS; Correo: jlblancon@udistrital.edu.co; Genero: Masculino', '2024-06-17', '19:39:00', '181.53.14.181', 'Linux', 'Chrome', 2),
(89, 'Editar Profesor', 'Nombre: CAÑON BUITRAGO ELKIN DARIO; Correo: edcanonb@udistrital.edu.co; Genero: Masculino', '2024-06-17', '19:40:35', '181.53.14.181', 'Linux', 'Chrome', 2),
(90, 'Editar Profesor', 'Nombre: RIAÑO TORRES CARLOS ALBERTO; Correo: carianot@udistrital.edu.co; Genero: Masculino', '2024-06-17', '19:49:27', '181.53.14.181', 'Linux', 'Chrome', 2),
(91, 'Editar Profesor', 'Nombre: CARDONA LONDOÑO CLAUDIA MARIA; Correo: cmcardonal@udistrital.edu.co; Genero: Femenino', '2024-06-17', '19:50:19', '181.53.14.181', 'Linux', 'Chrome', 2),
(92, 'Editar Profesor', 'Nombre: CARREÑO CARREÑO ALVARO; Correo: acarrenoc@udistrital.edu.co; Genero: Masculino', '2024-06-17', '19:50:55', '181.53.14.181', 'Linux', 'Chrome', 2),
(93, 'Editar Profesor', 'Nombre: CASTAÑEDA FANDIÑO JOSE IGNACIO; Correo: icastaneda@udistrital.edu.co; Genero: Masculino', '2024-06-17', '19:53:48', '181.53.14.181', 'Linux', 'Chrome', 2),
(94, 'Editar Profesor', 'Nombre: CEDEÑO MEDINA ELSY ROCIO; Correo: ercedenom@udistrital.edu.co; Genero: Femenino', '2024-06-17', '19:54:14', '181.53.14.181', 'Linux', 'Chrome', 2),
(95, 'Editar Profesor', 'Nombre: COMBARIZA CASTAÑO JUAN MANUEL; Correo: jmcombarizac@udistrital.edu.co; Genero: Masculino', '2024-06-17', '19:56:06', '181.53.14.181', 'Linux', 'Chrome', 2),
(96, 'Editar Profesor', 'Nombre: DELGADO NIÑO PILAR; Correo: pdelgadon@udistrital.edu.co; Genero: Masculino', '2024-06-17', '20:01:24', '181.53.14.181', 'Linux', 'Chrome', 2),
(97, 'Editar Profesor', 'Nombre: DELGADO NIÑO PILAR; Correo: pdelgadon@udistrital.edu.co; Genero: Femenino', '2024-06-17', '20:01:29', '181.53.14.181', 'Linux', 'Chrome', 2),
(98, 'Editar Profesor', 'Nombre: DUEÑAS SUATERNA JORGE ALBERTO; Correo: jduenas@udistrital.edu.co; Genero: Masculino', '2024-06-17', '20:02:14', '181.53.14.181', 'Linux', 'Chrome', 2),
(99, 'Editar Profesor', 'Nombre: ESTUPIÑAN RODRIGUEZ JAIRO; Correo: jestupinanr@udistrital.edu.co; Genero: Masculino', '2024-06-17', '20:02:41', '181.53.14.181', 'Linux', 'Chrome', 2),
(100, 'Editar Profesor', 'Nombre: ELJAIEK AVENDAÑO HERNANDO; Correo: heljaieka@udistrital.edu.co; Genero: Masculino', '2024-06-17', '20:06:08', '181.53.14.181', 'Linux', 'Chrome', 2),
(101, 'Editar Profesor', 'Nombre: FANDIÑO BOHORQUEZ JONNATHAN HADIER; Correo: jhfandinob@udistrital.edu.co; Genero: Masculino', '2024-06-17', '20:06:47', '181.53.14.181', 'Linux', 'Chrome', 2),
(102, 'Editar Profesor', 'Nombre: GAITAN CASTAÑEDA MAURET LIZBETH; Correo: mlgaitanc@udistrital.edu.co; Genero: Femenino', '2024-06-17', '20:07:45', '181.53.14.181', 'Linux', 'Chrome', 2),
(103, 'Editar Profesor', 'Nombre: GARCIA PEÑA JULIO CESAR; Correo: jcgarciap@udistrital.edu.co; Genero: Masculino', '2024-06-17', '20:09:35', '181.53.14.181', 'Linux', 'Chrome', 2),
(104, 'Editar Profesor', 'Nombre: GONZALEZ PEÑARETE JAIRO; Correo: jgonzalez@udistrital.edu.co; Genero: Masculino', '2024-06-17', '20:10:35', '181.53.14.181', 'Linux', 'Chrome', 2),
(105, 'Editar Profesor', 'Nombre: GUEVARA BOLAÑOS CARMEN ROSA; Correo: crguevarab@udistrital.edu.co; Genero: Femenino', '2024-06-17', '20:11:28', '181.53.14.181', 'Linux', 'Chrome', 2),
(106, 'Editar Profesor', 'Nombre: GUZMAN AVENDAÑO ANTONIO JOSE; Correo: ajguzmana@udistrital.edu.co; Genero: Masculino', '2024-06-17', '20:12:31', '181.53.14.181', 'Linux', 'Chrome', 2),
(107, 'Editar Profesor', 'Nombre: GUZMAN MUÑOZ CARLOS GONZALO; Correo: cgguzmanm@udistrital.edu.co; Genero: Masculino', '2024-06-17', '20:13:02', '181.53.14.181', 'Linux', 'Chrome', 2),
(108, 'Editar Profesor', 'Nombre: HERNANDEZ CASTAÑO DEISY JOHANA; Correo: djhernandezc@udistrital.edu.co; Genero: Femenino', '2024-06-17', '20:19:01', '181.53.14.181', 'Linux', 'Chrome', 2),
(109, 'Editar Profesor', 'Nombre: MARTINEZ VALDEBLANQUEZ CARMIÑA; Correo: cmartinezv@udistrital.edu.co; Genero: Femenino', '2024-06-17', '20:23:06', '181.53.14.181', 'Linux', 'Chrome', 2),
(110, 'Editar Profesor', 'Nombre: MEJIA MUÑOZ LUIS ALFONSO; Correo: lamejiam@udistrital.edu.co; Genero: Masculino', '2024-06-17', '20:24:19', '181.53.14.181', 'Linux', 'Chrome', 2),
(111, 'Editar Profesor', 'Nombre: MEJIA PATIÑO FABIAN ANDRES; Correo: famejiap@udistrital.edu.co; Genero: Masculino', '2024-06-17', '20:24:48', '181.53.14.181', 'Linux', 'Chrome', 2),
(112, 'Editar Profesor', 'Nombre: ORDUÑA DIAZ JOHN ALEXANDER; Correo: jaordunad@udistrital.edu.co; Genero: Masculino', '2024-06-17', '20:26:50', '181.53.14.181', 'Linux', 'Chrome', 2),
(113, 'Editar Profesor', 'Nombre: PARRA LONDOÑO JORGE IVAN; Correo: jiparral@udistrital.edu.co; Genero: Masculino', '2024-06-17', '20:27:36', '181.53.14.181', 'Linux', 'Chrome', 2),
(114, 'Editar Profesor', 'Nombre: PARRA PEÑA JHON FREDDY; Correo: jfparrap@udistrital.edu.co; Genero: Masculino', '2024-06-17', '20:28:14', '181.53.14.181', 'Linux', 'Chrome', 2),
(115, 'Editar Profesor', 'Nombre: PIÑEROS MORA OLGA HELENA; Correo: ohpinerosm@udistrital.edu.co; Genero: Femenino', '2024-06-17', '21:03:28', '181.53.14.181', 'Linux', 'Chrome', 2),
(116, 'Editar Profesor', 'Nombre: PINZON NIÑO VIVIANA ANDREA; Correo: vapinzonn@udistrital.edu.co; Genero: Femenino', '2024-06-17', '21:03:51', '181.53.14.181', 'Linux', 'Chrome', 2),
(117, 'Editar Profesor', 'Nombre: RAMIREZ MONTAÑO LUIS ALBERTO; Correo: laramirezm@udistrital.edu.co; Genero: Masculino', '2024-06-17', '21:06:05', '181.53.14.181', 'Linux', 'Chrome', 2),
(118, 'Crear Profesor Archivo', 'Profesores agregados:<br>Profesor: ARIAS ALBA', '2024-06-17', '21:20:50', '181.53.14.181', 'Linux', 'Chrome', 2),
(119, 'Editar Profesor', 'Nombre: SALAZAR ZUÑIGA JORGE EDUARDO; Correo: jesalazarz@udistrital.edu.co; Genero: Masculino', '2024-06-17', '21:48:36', '181.53.14.181', 'Linux', 'Chrome', 2),
(120, 'Editar Profesor', 'Nombre: SILVA RIAÑO ALEJANDR; Correo: asilva@udistrital.edu.co; Genero: Masculino', '2024-06-17', '21:49:09', '181.53.14.181', 'Linux', 'Chrome', 2),
(121, 'Editar Profesor', 'Nombre: UMAÑA VILLAMIZAR FLOR DE MARIA; Correo: fmumanav@udistrital.edu.co; Genero: Femenino', '2024-06-17', '21:49:55', '181.53.14.181', 'Linux', 'Chrome', 2),
(122, 'Editar Profesor', 'Nombre: VALCARCEL MONTAÑEZ FREDDY; Correo: fvalcarcelm@udistrital.edu.co; Genero: Masculino', '2024-06-17', '21:50:38', '181.53.14.181', 'Linux', 'Chrome', 2),
(123, 'Editar Profesor', 'Nombre: VALERO FANDIÑO JORGE ALBERTO; Correo: javalerof@udistrital.edu.co; Genero: Masculino', '2024-06-17', '21:51:01', '181.53.14.181', 'Linux', 'Chrome', 2),
(124, 'Editar Profesor', 'Nombre: VILLANUEVA NUÑEZ CRISTIAN AUGUSTO; Correo: cavillanuevan@udistrital.edu.co; Genero: Masculino', '2024-06-17', '21:51:48', '181.53.14.181', 'Linux', 'Chrome', 2),
(125, 'Editar Profesor', 'Nombre: ZUÑIGA VARGAS PIER PAOLO; Correo: ppzunigav@udistrital.edu.co; Genero: Masculino', '2024-06-17', '21:52:53', '181.53.14.181', 'Linux', 'Chrome', 2);
INSERT INTO `LogAdministrador` (`idLogAdministrador`, `accion`, `informacion`, `fecha`, `hora`, `ip`, `so`, `explorador`, `administrador_idAdministrador`) VALUES
(126, 'Crear Profesor Archivo', 'Profesores agregados:<br>Profesor: , correo: , genero: Masculino,ACEVEDO ROJAS JULIO EDUARDO,jeacevedor@udistrital.edu.co<br>Profesor: , correo: , genero: Masculino,ACOSTA GEMPELER MARTIN EDWARDO,meacostag@udistrital.edu.co<br>Profesor: , correo: , genero: Femenino,ACOSTA MARROQUIN NADIA PAOLA,npacostam@udistrital.edu.co<br>Profesor: , correo: , genero: Masculino,AFRICANO WILLIAM CAMILO,wafricano@udistrital.edu.co<br>Profesor: , correo: , genero: Masculino,AGUDELO COLORADO ELKIN DARIO,edagudeloc@udistrital.edu.co<br>Profesor: , correo: , genero: Masculino,AGUDELO GOMEZ NESTOR GUSTAVO,ngagudelog@udistrital.edu.co<br>Profesor: , correo: , genero: Masculino,AGUDELO RONDON ANTONIO ARNOVIS,aagudelor@udistrital.edu.co<br>Profesor: , correo: , genero: Femenino,ALARCON FERNANDEZ FABIOLA,falarconf@udistrital.edu.co<br>Profesor: , correo: , genero: Femenino,ALDANA GUTIERREZ YERALDINE,yaldanag@udistrital.edu.co<br>Profesor: , correo: , genero: Masculino,ALONSO GALEANO NELSON ARTURO,nalonsog@udistrital.edu.co<br>Profesor: , correo: , genero: Femenino,ALONSO GONZALEZ AZUCENA,aalonsog@udistrital.edu.co<br>Profesor: , correo: , genero: Femenino,ALVAREZ AGUIRRE MONICA LEDA,mledaa@udistrital.edu.co<br>Profesor: , correo: , genero: Femenino,ALVAREZ ALVAREZ MARIA YANNETH,myalvareza@udistrital.edu.co<br>Profesor: , correo: , genero: Femenino,AMORTEGUI PAOLA ANDREA,pavergaraa@udistrital.edu.co<br>Profesor: , correo: , genero: Femenino,ANGULO NOGUERA YAMILET,yangulon@udistrital.edu.co<br>Profesor: , correo: , genero: Femenino,ARAUJO OVIEDO MARIA LUISA,mlaraujoo@udistrital.edu.co<br>Profesor: , correo: , genero: Femenino,ARCE NARVAEZ GLORIA CRISTINA,gcarcen@udistrital.edu.co<br>Profesor: , correo: , genero: Masculino,ARCOS MARTINEZ FABIO OMAR,farcos@udistrital.edu.co<br>Profesor: , correo: , genero: Masculino,AREVALO TRUJILLO LUZ MYRIAM,lmarevalot@udistrital.edu.co<br>Profesor: , correo: , genero: Femenino,ARGOTE PAVI XIMENA,xargotep@udistrital.edu.co<br>Profesor: , correo: , genero: Femenino,ARGUELLO DIANA,daarguellot@udistrital.edu.co<br>Profesor: , correo: , genero: Femenino,CUEVAS ARIAS ADRIANA CONSTANZA,accuevasa@udistrital.edu.co<br>Profesor: , correo: , genero: Masculino,ARIAS ALBAÑIL MIGUEL ANGEL,maariasa@udistrital.edu.co<br>Profesor: , correo: , genero: Masculino,ARIAS GOMEZ DIEGO HERNAN,dhariasg@udistrital.edu.co<br>Profesor: , correo: , genero: Femenino,ARIZA HERNANDEZ NOHORA PATRICIA,nparizah@udistrital.edu.co<br>Profesor: , correo: , genero: Femenino,AVENDAÑO PEÑA CAROLINA,cavendanop@udistrital.edu.co<br>Profesor: , correo: , genero: Femenino,AVILA MOLINA ANGELICA MARIA,amavilam@udistrital.edu.co<br>Profesor: , correo: , genero: Masculino,AVILA VICTOR MANUEL,vmavilap@udistrital.edu.co<br>Profesor: , correo: , genero: Masculino,AYALA TARQUINO ALVARO ENRIQUE,aeayalat@udistrital.edu.co<br>Profesor: , correo: , genero: Masculino,BAEZ LEON JAIME ANDRES,jabaezl@udistrital.edu.co<br>Profesor: , correo: , genero: Masculino,BARON DUARTE JOSUE ALEXANDRO,jabarond@udistrital.edu.co<br>Profesor: , correo: , genero: Femenino,BARRAGAN ELIZABETH,jeroab@udistrital.edu.co<br>Profesor: , correo: , genero: Masculino,BARRANTES CLAVIJO JESUS ESTEBAN,jebarrantesc@udistrital.edu.co<br>Profesor: , correo: , genero: Femenino,BARRERA COBOS NUBIA FARID,nfbarrerac@udistrital.edu.co<br>Profesor: , correo: , genero: Masculino,BECERRA GALINDO LUIS FRANCISCO,lfbeccerrag@udistrital.edu.co<br>Profesor: , correo: , genero: Masculino,BELLO CUBIDES OSCAR HENYER,ohbelloc@udistrital.edu.co<br>Profesor: , correo: , genero: Masculino,BELTRAN GUTIERREZ HECTOR EDWIN,hebeltran@udistrital.edu.co<br>Profesor: , correo: , genero: Masculino,BELTRAN JIMENEZ HAROLD,hbeltranj@udistrital.edu.co<br>Profesor: , correo: , genero: Masculino,BELTRAN RIAÑO DANIEL ERNESTO,debeltranr@udistrital.edu.co<br>Profesor: , correo: , genero: Masculino,BERNAL CASAS JOSE MAURICIO,jmbernalc@udistrital.edu.co<br>Profesor: , correo: , genero: Femenino,BERNAL CORTES ANDREA ALEXANDRA,aabernalc@udistrital.edu.co<br>Profesor: , correo: , genero: Masculino,BERNAL GONZALEZ CHRISTIAN CAMILO,ccbernalg@udistrital.edu.co<br>Profesor: , correo: , genero: Masculino,BETANCOURT GODOY JOSE JAVIER,jbetancourt@udistrital.edu.co<br>Profesor: , correo: , genero: Masculino,BLANCO SUAREZ JORGE ORLANDO,joblancos@udistrital.edu.co<br>Profesor: , correo: , genero: Femenino,BOHORQUEZ MENDOZA LAURA GISELLA,lgbohorquezm@udistrital.edu.co<br>Profesor: , correo: , genero: Femenino,BOLAÑOS FLORIDO LEIDY PAOLA,lpbolanosf@udistrital.edu.co<br>Profesor: , correo: , genero: Masculino,BONILLA RAMOS FABIO ALONSO,fabonillar@udistrital.edu.co<br>Profesor: , correo: , genero: Femenino,BORJA OROZCO MIRIAN GLIDIS,mborja@udistrital.edu.co<br>Profesor: , correo: , genero: Masculino,BORJA SUAREZ JOSE LIBARDO,jlborjas@udistrital.edu.co<br>Profesor: , correo: , genero: Femenino,BOTHERT ORTIZ KARINA CLAUDIA,kcbothert@udistrital.edu.co<br>Profesor: , correo: , genero: Masculino,BRAVO PIÑEROS NESTOR FABIAN,nfbravop@udistrital.edu.co<br>Profesor: , correo: , genero: Masculino,BRICEÑO CASTAÑEDA SERGIO RAMIRO,sbricenoc@udistrital.edu.co<br>Profesor: , correo: , genero: Masculino,BUENO TORRES RICARDO ALFONSO,rabuenot@udistrital.edu.co<br>Profesor: , correo: , genero: Femenino,BUITRAGO LIDI LORENA,llbuitragob@udistrital.edu.co<br>Profesor: , correo: , genero: Masculino,BUSTAMANTE BOHORQUEZ BORYS RAFAEL,brbustamante@udistrital.edu.co<br>Profesor: , correo: , genero: Masculino,BUSTOS MONTENEGRO SEGUNDO SABATELLI,ssbustos@udistrital.edu.co<br>Profesor: , correo: , genero: Masculino,CABREJO RUIZ PEDRO ADOLFO,pacabrejor@udistrital.edu.co<br>Profesor: , correo: , genero: Femenino,CABRERA GOMEZ DIANA CAROLINA,dccabrerag@udistrital.edu.co<br>Profesor: , correo: , genero: Masculino,CALDERON OMER,ocalder@udistrital.edu.co<br>Profesor: , correo: , genero: Masculino,CAMACHO CALDERON ALEJANDRO,acamachoc@udistrital.edu.co<br>Profesor: , correo: , genero: Masculino,CAMACHO TELLEZ JEISON HERLEY,jhcamachot@udistrital.edu.co<br>Profesor: , correo: , genero: Masculino,CAMELO BUSTOS FRANCISCO JAVIER,fjcamelob@udistrital.edu.co<br>Profesor: , correo: , genero: Femenino,CANDIA HURTADO MARTHA CECILIA,mccandiah@udistrital.edu.co<br>Profesor: , correo: , genero: Masculino,CARDENAS BENITEZ WILMER JAVIER,wjcardenasb@udistrital.edu.co<br>Profesor: , correo: , genero: Masculino,CARDONA RODRIGUEZ GIOVANNI,gcardonar@udistrital.edu.co<br>Profesor: , correo: , genero: Femenino,NOCUA CARO DIANA PRISILIA,dpnocuac@udistrital.edu.co<br>Profesor: , correo: , genero: Masculino,CARRANZA VARGAS EDWIN ALFREDO,eacarranzav@udistrital.edu.co<br>Profesor: , correo: , genero: Masculino,CARRILLO CRUZ CARLOS ENRIQUE,cecarrilloc@udistrital.edu.co<br>Profesor: , correo: , genero: Femenino,CASALLAS RODRIGUEZ LUZ ANGELA,lacasallasr@udistrital.edu.co<br>Profesor: , correo: , genero: Femenino,CASTIBLANCO ABRIL OLGA LUCIA,olcastiblancoa@udistrital.edu.co<br>Profesor: , correo: , genero: Femenino,CASTIBLANCO MORENO JOHANNA ASTRID,jacastiblancom@udistrital.edu.co<br>Profesor: , correo: , genero: Masculino,CASTIBLANCO ROLDAN ANDRES FERNANDO,afcastiblancor@udistrital.edu.co<br>Profesor: , correo: , genero: Femenino,CASTILLO HERNANDEZ ADRIANA ESTHER,aecastilloh@udistrital.edu.co<br>Profesor: , correo: , genero: Masculino,CASTILLO HERNANDEZ GISELLE,gcastilloh@udistrital.edu.co<br>Profesor: , correo: , genero: Femenino,CASTILLO ORDOÑEZ ELSY YANETH,eycastilloo@udistrital.edu.co<br>Profesor: , correo: , genero: Masculino,CASTILLO RIGOBERTO,rcastillo@udistrital.edu.co<br>Profesor: , correo: , genero: Masculino,CASTRILLON CARDONA WILLIAM FERNANDO,wfcastrillon@udistrital.edu.co<br>Profesor: , correo: , genero: Masculino,CASTRILLON CASTRO CARLOS MARIO,cmcastrillonc@udistrital.edu.co<br>Profesor: , correo: , genero: Masculino,CASTRILLON SANCHEZ HERMAN ALBERTO,hacastrillons@udistrital.edu.co<br>Profesor: , correo: , genero: Masculino,CASTRO ARCINIEGAS HENRRY MAURICIO,hmcastroa@udistrital.edu.co<br>Profesor: , correo: , genero: Masculino,CASTRO BARBOSA SOL MERCEDES,smcastrob@udistrital.edu.co<br>Profesor: , correo: , genero: Femenino,CASTRO CORTES CLAUDIA CECILIA,cccastroc@udistrital.edu.co<br>Profesor: , correo: , genero: Masculino,CASTRO GERMAN DIEGO,gdcastro@udistrital.edu.co<br>Profesor: , correo: , genero: Femenino,CASTRO LESMES SANDRA LUZ,slcastrol@udistrital.edu.co<br>Profesor: , correo: , genero: Masculino,CASTRO LOPEZ OSCAR ARMANDO,oacastrol@udistrital.edu.co<br>Profesor: , correo: , genero: Masculino,CASTRO MIGUEZ LUIS ALEXANDER,lacastrom@udistrital.edu.co<br>Profesor: , correo: , genero: Masculino,CELIS MONTEALEGRE EDWIN RODRIGO,ercelism@udistrital.edu.co<br>Profesor: , correo: , genero: Femenino,CELIS VARGAS DIANA MILENA,dmcelisv@udistrital.edu.co<br>Profesor: , correo: , genero: Femenino,CELY BETANCOURT BLANCA LUCIA,blcelyb@udistrital.edu.co<br>Profesor: , correo: , genero: Masculino,CERA HERNANDEZ JULIAN AURELIO,jacerah@udistrital.edu.co<br>Profesor: , correo: , genero: Femenino,CESPEDES DE PALACIOS MYRIAM CONSUELO,mccespedes@udistrital.edu.co<br>Profesor: , correo: , genero: Masculino,CHIRIVI JOYA DANIEL ANDRES,dachirivij@udistrital.edu.co<br>Profesor: , correo: , genero: Masculino,CHISABA PEREIRA CRISTIAN ALEJANDRO,cachisabap@udistrital.edu.co<br>Profesor: , correo: , genero: Masculino,CONTRERAS TENJO LUIS FRANCISCO,lfcontrerast@udistrital.edu.co<br>Profesor: , correo: , genero: Masculino,CORDERO VEGA PABLO ANDRES,pacorderov@udistrital.edu.co<br>Profesor: , correo: , genero: Masculino,CORREDOR CALDERON LUIS ALEJANDRO,alcorreodrc@udistrital.edu.co<br>Profesor: , correo: , genero: Femenino,CORTES NAVARRO LUISA FERNANDA,lfcortesn@udistrital.edu.co<br>Profesor: , correo: , genero: Masculino,COTE BALLESTEROS DIEGO ALEJANDRO,dacoteb@udistrital.edu.co<br>Profesor: , correo: , genero: Masculino,CRISTANCHO ALTUZARRA JOSE GABRIEL,jgcristanchoa@udistrital.edu.co<br>Profesor: , correo: , genero: Masculino,CRUZ BONILLA YESID JAVIER,yjcruzb@udistrital.edu.co<br>Profesor: , correo: , genero: Masculino,CRUZ OSORIO CARLOS HUMBERTO,chcruzo@udistrital.edu.co<br>Profesor: , correo: , genero: Masculino,CUBILLOS SANCHEZ IVAN LUIS,icubilloss@udistrital.edu.co<br>Profesor: , correo: , genero: Masculino,CUDRIS GARCIA EDISON FRANCISCO,efcrudisg@udistrital.edu.co<br>Profesor: , correo: , genero: Masculino,CUERVO ALONSO JOHN FRANCISCO,jfcuervoa@udistrital.edu.co<br>Profesor: , correo: , genero: Masculino,CUESTA RUEDA JOSE ANDRES,jacuestar@udistrital.edu.co<br>Profesor: , correo: , genero: Femenino,DAVILA GONZALEZ GLORIA RAQUEL,grdavilag@udistrital.edu.co<br>Profesor: , correo: , genero: Masculino,DAVILA RUBIO ALEJANDRO MAURICIO,amdavilar@udistrital.edu.co<br>Profesor: , correo: , genero: Femenino,DAZA ARDILA DIANA DEL SOCORRO,dddaza@udistrital.edu.co<br>Profesor: , correo: , genero: Femenino,DE LA TORRE BURBANO OMAIRA BEATRIZ,odelatorre@udistrital.edu.co<br>Profesor: , correo: , genero: Femenino,DELGADILLO CELY INGRID SISSY,isdelgadilloc@udistrital.edu.co<br>Profesor: , correo: , genero: Femenino,DELGADO FAJARDO BERTA INES,bidelgadof@udistrital.edu.co<br>Profesor: , correo: , genero: Masculino,DELGADO GOMEZ MIGUEL ANGEL,madelgado@udistrital.edu.co<br>Profesor: , correo: , genero: Femenino,DELGADO RODRIGUEZ INES,idelgador@udistrital.edu.co<br>Profesor: , correo: , genero: Femenino,DEVIA CASTILLO BEATRIZ OFELIA,bodeviac@udistrital.edu.co<br>Profesor: , correo: , genero: Femenino,DIAZ CASTIBLANCO MAURA IMELDA,midiazc@udistrital.edu.co<br>Profesor: , correo: , genero: Masculino,DIAZ ORTEGON JHON ALEXANDER,jadiazo@udistrital.edu.co<br>Profesor: , correo: , genero: Masculino,DIAZ RODRIGUEZ JUAN PABLO,juanpdiazr@udistrital.edu.co<br>Profesor: , correo: , genero: Masculino,DIAZ SOLER CARLOS JILMAR,cjdiazs@udistrital.edu.co<br>Profesor: , correo: , genero: Masculino,DORADO CARLOS ALBERTO,cadordadoh@udistrital.edu.co<br>Profesor: , correo: , genero: Masculino,ECHEVERRI DUVAN EMILIO,dejaramilloe@udistrital.edu.co<br>Profesor: , correo: , genero: Femenino,ELIZALDE GLORIA,gselizaldeb@udistrital.edu.co<br>Profesor: , correo: , genero: Femenino,ESCOBAR RINCON LILIANA DEL PILAR,ldescobarr@udistrital.edu.co<br>Profesor: , correo: , genero: Masculino,ESPINOSA RIVERA OSCAR EDUARDO,oeespinosar@udistrital.edu.co<br>Profesor: , correo: , genero: Masculino,ESPITIA VILLA LLERIS VICENTE,lvespitiav@udistrital.edu.co<br>Profesor: , correo: , genero: Masculino,FAJARDO RUEDA SERGIO ANDRES,safajardor@udistrital.edu.co<br>Profesor: , correo: , genero: Masculino,CESAR ANDRES FALLA SANCHEZ,cafallas@udistrital.edu.co<br>Profesor: , correo: , genero: Femenino,FERNANDEZ LUNA BIBIAN PAOLA,bpfernandezl@udistrital.edu.co<br>Profesor: , correo: , genero: Femenino,FERRER FRANCO YURY DE JESUS,ydferrerf@udistrital.edu.co<br>Profesor: , correo: , genero: Masculino,FLOREZ HUGO MANUEL,hmfloreza@udistrital.edu.co<br>Profesor: , correo: , genero: Masculino,FONSECA AMAYA GUILLERMO,gfonsecaa@udistrital.edu.co<br>Profesor: , correo: , genero: Femenino,FONSECA GONZALEZ JAIME,jfonsecag@udistrital.edu.co<br>Profesor: , correo: , genero: Masculino,FORERO CHACON NELSON LIBARD,nforero@udistrital.edu.co<br>Profesor: , correo: , genero: Femenino,FORERO CONTRERAS OLGA MILENA,omforeroc@udistrital.edu.co<br>Profesor: , correo: , genero: Masculino,FORERO POVEDA ALBERTO,aforerop@udistrital.edu.co<br>Profesor: , correo: , genero: Femenino,FUENTES ALVAREZ MAYTEE CECILIA,mcfuentesa@udistrital.edu.co<br>Profesor: , correo: , genero: Masculino,GABANZO HOYOS OMAR,ogabanzoh@udistrital.edu.co<br>Profesor: , correo: , genero: Masculino,GALLEGO TORRES ROMULO ANDRES,ragallegot@udistrital.edu.co<br>Profesor: , correo: , genero: Femenino,GAMBOA MORA MARIA CRISTINA,mcgamboam@udistrital.edu.co<br>Profesor: , correo: , genero: Masculino,GARAY URRUTIA FERNANDO,fgaray@udistrital.edu.co<br>Profesor: , correo: , genero: Masculino,GARCIA ARIAS PABLO,pagarciaa@udistrital.edu.co<br>Profesor: , correo: , genero: Masculino,GARCIA DUSSAN EDER ALEXANDER,eagarciad@udistrital.edu.co<br>Profesor: , correo: , genero: Masculino,GARCIA GARCIA ALEXANDER,agarciag@udistrital.edu.co<br>Profesor: , correo: , genero: Masculino,GARCIA MARTINEZ ALVARO,alvaro.garcia@udistrital.edu.co<br>Profesor: , correo: , genero: Femenino,GARCIA ORTIZ DORIS LISED,lgarcia@udistrital.edu.co<br>Profesor: , correo: , genero: Masculino,GARCIA ORTIZ JOSUE ANSELMO,jagarcia@udistrital.edu.co<br>Profesor: , correo: , genero: Femenino,GARCIA RIOS DIANA PATRICIA,dpgarciar@udistrital.edu.co<br>Profesor: , correo: , genero: Masculino,GARCIA SANCHEZ LUIS CARLOS,lcgarcia@udistrital.edu.co<br>Profesor: , correo: , genero: Masculino,GARI MURIEL GARY,ggarim@udistrital.edu.co<br>Profesor: , correo: , genero: Masculino,GARZON CHIRIVI OMAR ALBERTO,oagarzonc@udistrital.edu.co<br>Profesor: , correo: , genero: Masculino,GARZON TORRES MITCHEL ALEXANDER,magarzont@udistrital.edu.co<br>Profesor: , correo: , genero: Femenino,GIL CHAVES DIANA,dgilc@udistrital.edu.co<br>Profesor: , correo: , genero: Masculino,GIRALDO ACUÑA JUAN CARLOS,jcgiraldoa@udistrital.edu.co<br>Profesor: , correo: , genero: Masculino,GIRALDO QUINTERO GUSTAVO,ggiraldoq@udistrital.edu.co<br>Profesor: , correo: , genero: Femenino,GODOY MORALES OLGA LUCIA,ogodoy@udistrital.edu.co<br>Profesor: , correo: , genero: Masculino,GOMEZ BEDOYA ALEJANDRO,agomezb@udistrital.edu.co<br>Profesor: , correo: , genero: Femenino,GOMEZ BONILLA NANCY,ngomezb@udistrital.edu.co<br>Profesor: , correo: , genero: Femenino,GOMEZ NAVAS DIANA MARCELA,dmgomezn@udistrital.edu.co<br>Profesor: , correo: , genero: Masculino,GOMEZ PEREZ NEMIAS,nemiasgomezp@udistrital.edu.co<br>Profesor: , correo: , genero: Masculino,GONGORA JOSE HERNANDO,johergon@udistrital.edu.co<br>Profesor: , correo: , genero: Femenino,GONZALEZ ALVARADO MAGDA LILIANA,mlgonzaleza@udistrital.edu.co<br>Profesor: , correo: , genero: Masculino,GONZALEZ CELY JOSE WILSON,jwgonzalezc@udistrital.edu.co<br>Profesor: , correo: , genero: Femenino,GONZALEZ CLARA IVONNE,cigonzalez@udistrital.edu.co<br>Profesor: , correo: , genero: Masculino,GONZALEZ CRUZ JOSE MANUEL,jomgonzalezc@udistrital.edu.co<br>Profesor: , correo: , genero: Masculino,GONZALEZ GARCIA VICENTE,vgonzalezg@udistrital.edu.co<br>Profesor: , correo: , genero: Masculino,GONZALEZ JEISON ALEXANDER,jagonzalez@udistrital.edu.co<br>Profesor: , correo: , genero: Masculino,GONZALEZ MANIOS FERNANDO,fgonzalezm@udistrital.edu.co<br>Profesor: , correo: , genero: Masculino,GONZALEZ MELO HAMLET SANTIAGO,hsgonzalezm@udistrital.edu.co<br>Profesor: , correo: , genero: Masculino,GONZALEZ TORO JUAN MANUEL,jmgonzalezt@udistrital.edu.co<br>Profesor: , correo: , genero: Femenino,GORDILLO ALFONSO ADRIANA,agordillo@udistrital.edu.co<br>Profesor: , correo: , genero: Masculino,GUACANEME CARDOZO ANDRES MAURICIO,amguacanemec@udistrital.edu.co<br>Profesor: , correo: , genero: Femenino,GUARIN MARTHA YANETH,myguarin@udistrital.edu.co<br>Profesor: , correo: , genero: Masculino,GUERRA GONZALEZ ALEJANDRO,aguerrag@udistrital.edu.co<br>Profesor: , correo: , genero: Masculino,GUERRERO GARAY DIEGO,dguerrerog@udistrital.edu.co<br>Profesor: , correo: , genero: Masculino,GUERRERO RECALDE NESTOR FERNANDO,nfguerreror@udistrital.edu.co<br>Profesor: , correo: , genero: Masculino,GUEVARA PULIDO JAMES OSWALDO,joguevarap@udistrital.edu.co<br>Profesor: , correo: , genero: Masculino,GUTIERREZ CANIZALEZ JAIRO,jgutierrezc@udistrital.edu.co<br>Profesor: , correo: , genero: Masculino,GUTIERREZ FAJARDO ISIDRO,igutierrezf@udistrital.edu.co<br>Profesor: , correo: , genero: Femenino,GUZMAN LEAL GINNA MAGALY,gmguzmanl@udistrital.edu.co<br>Profesor: , correo: , genero: Femenino,GUZMAN MUNAR MARGOTH,mguzmanm@udistrital.edu.co<br>Profesor: , correo: , genero: Masculino,GUZMAN SERRATO ANDRES FELIPE,afguzmans@udistrital.edu.co<br>Profesor: , correo: , genero: Femenino,HERNANDEZ BERNAL ANA PATRICIA,aphernandezb@udistrital.edu.co<br>Profesor: , correo: , genero: Masculino,HERNANDEZ CANO EDILBERTO,edihernandezc@udistrital.edu.co<br>Profesor: , correo: , genero: Femenino,HERNANDEZ LEON YENIFER JOHANA,yjhernandezl@udistrital.edu.co<br>Profesor: , correo: , genero: Femenino,HERNANDEZ URREGO SANDRA CECILIA,schernandezu@udistrital.edu.co<br>Profesor: , correo: , genero: Masculino,HERREÑO FIERRO CESAR AURELIO,caherrenof@udistrital.edu.co<br>Profesor: , correo: , genero: Masculino,HIGUERA GONZALEZ JOSE MARIO,jmhiguerag@udistrital.edu.co<br>Profesor: , correo: , genero: Masculino,HUERTAS MOYA OSCAR REYNED,ohuertasm@udistrital.edu.co<br>Profesor: , correo: , genero: Femenino,HURTADO RODRIGUEZ LAURA CAROLINA,lchurtador@udistrital.edu.co<br>Profesor: , correo: , genero: Masculino,INFANTE ACEVEDO RAUL,rainfantea@udistrital.edu.co<br>Profesor: , correo: , genero: Femenino,INFANTE LUNA ESPERANZA DEL PILAR,epinfantel@udistrital.edu.co<br>Profesor: , correo: , genero: Masculino,INFANTE MEJIA JUAN FRANCISCO,jfinfantem@udistrital.edu.co<br>Profesor: , correo: , genero: Masculino,JACOME MUÑOZ CARLOS EFRAIN,cjacome@udistrital.edu.co<br>Profesor: , correo: , genero: Masculino,JARA HUERFANO ALVARO  ESNEIDER,aejarah@udistrital.edu.co<br>Profesor: , correo: , genero: Masculino,JARAMILLO BARON VESPASIANO,vjaramillob@udistrital.edu.co<br>Profesor: , correo: , genero: Femenino,JARAMILLO GARCIA ANDREA MILENA,amjaramillog@udistrital.edu.co<br>Profesor: , correo: , genero: Femenino,JARAMILLO MANTILLA MARIA DEL PILAR,mdjaramillom@udistrital.edu.co<br>Profesor: , correo: , genero: Masculino,JIMENEZ ARCHILA ANDRES,anjimeneza@udistrital.edu.co<br>Profesor: , correo: , genero: Masculino,JIMENEZ BECERRA ABSALON,abjimenezb@udistrital.edu.co<br>Profesor: , correo: , genero: Masculino,JIMENEZ BORREGO LUIS CAMILO,lcjimenezb@udistrital.edu.co<br>Profesor: , correo: , genero: Femenino,JIMENEZ MEDINA JENNY ALEXANDRA,jajimenezm@udistrital.edu.co<br>Profesor: , correo: , genero: Masculino,JIMENEZ MONTOYA JESUS ALVARO,jajimenez@udistrital.edu.co<br>Profesor: , correo: , genero: Masculino,JUNCA RODRIGUEZ CESAR MAURICIO,cmjuncar@udistrital.edu.co<br>Profesor: , correo: , genero: Femenino,JUTINICO FERNANDEZ MARIA DEL SOCORRO,mdjutinicof@udistrital.edu.co<br>Profesor: , correo: , genero: Femenino,LARA BUITRAGO PAOLA ANDREA,palarab@udistrital.edu.co<br>Profesor: , correo: , genero: Femenino,LEON ACUÑA LAURA MARCELA,lmleon@udistrital.edu.co<br>Profesor: , correo: , genero: Masculino,LEON CASTILLO JHON ALEXANDER,jhaleonc@udistrital.edu.co<br>Profesor: , correo: , genero: Femenino,LEON RODRIGUEZ ANA MARIA,amleonr@udistrital.edu.co<br>Profesor: , correo: , genero: Masculino,LEYVA ROJAS JOSE ALFONSO,jaleyvar@udistrital.edu.co<br>Profesor: , correo: , genero: Femenino,LISCANO LOPEZ PATRICIA INES,pliscano@udistrital.edu.co<br>Profesor: , correo: , genero: Masculino,LIZARAZO GUERRERO ANDERSSON HERNANDO,ahlizarazog@udistrital.edu.co<br>Profesor: , correo: , genero: Femenino,LOPEZ BELTRAN ADRIANA CAROLINA,aclopezb@udistrital.edu.co<br>Profesor: , correo: , genero: Femenino,LOPEZ BENITEZ DEISY PATRICIA,dplopezb@udistrital.edu.co<br>Profesor: , correo: , genero: Femenino,LOPEZ CAMACHO ADRIANA,alopezc@udistrital.edu.co<br>Profesor: , correo: , genero: Femenino,LOPEZ DELGADO GLADYS,glopezd@udistrital.edu.co<br>Profesor: , correo: , genero: Masculino,LOPEZ DIAZ HEDDY,hlopezd@udistrital.edu.co<br>Profesor: , correo: , genero: Masculino,LOPEZ VEGA SEGUNDO ALFONSO,salopezv@udistrital.edu.co<br>Profesor: , correo: , genero: Masculino,MAHECHA ESPINOSA DANNIS ROBERTO,drmahechae@udistrital.edu.co<br>Profesor: , correo: , genero: Masculino,MAHECHA JIMENEZ OSCAR JAVIER,ojmahechaj@udistrital.edu.co<br>Profesor: , correo: , genero: Masculino,MALAVER RODRIGUEZ JUAN ANTONIO,jamalaverr@udistrital.edu.co<br>Profesor: , correo: , genero: Masculino,MALAVER RODRIGUEZ RODRIGO,rmalaverr@udistrital.edu.co<br>Profesor: , correo: , genero: Masculino,MALDONADO GARCIA MIGUEL ANGEL,mamaldonadog@udistrital.edu.co<br>Profesor: , correo: , genero: Masculino,MANCERA ORTIZ GABRIEL,gmancerao@udistrital.edu.co<br>Profesor: , correo: , genero: Masculino,MANGA DONOSO JEFERSSON DAVID,jdmangad@udistrital.edu.co<br>Profesor: , correo: , genero: Femenino,MANRIQUE LAGOS ADRY LILIANA,almanriquel@udistrital.edu.co<br>Profesor: , correo: , genero: Masculino,MARROQUIN FIERRO RAFAEL,rmarroquin@udistrital.edu.co<br>Profesor: , correo: , genero: Femenino,MARTINEZ ALZATE ALEXANDRA,amartineza@udistrital.edu.co<br>Profesor: , correo: , genero: Masculino,MARTINEZ GOMEZ JULIAN ANDRES,jamartinezg@udistrital.edu.co<br>Profesor: , correo: , genero: Masculino,MARTINEZ GUERRERO CARLOS ALBERTO,camartinezg@udistrital.edu.co<br>Profesor: , correo: , genero: Femenino,MARTINEZ UZETA CAROLINA,cmartinezu@udistrital.edu.co<br>Profesor: , correo: , genero: Femenino,MARULANDA HIDALGO LYNN,lmarulanda@udistrital.edu.co<br>Profesor: , correo: , genero: Femenino,MATEUS VARGAS MARITZA,mmateusv@udistrital.edu.co<br>Profesor: , correo: , genero: Masculino,MATULEVICH PELAEZ JAVIER ANDRES,jamatulevichp@udistrital.edu.co<br>Profesor: , correo: , genero: Femenino,MAZO TORO BLANCA NIDIA,bnmazot@udistrital.edu.co<br>Profesor: , correo: , genero: Masculino,MCNEIL FERNANDEZ ALEJANDRO,amcneilf@udistrital.edu.co<br>Profesor: , correo: , genero: Femenino,MEDINA ESTRADA LINA MARIA,lmmedinae@udistrital.edu.co<br>Profesor: , correo: , genero: Femenino,MEDINA GONZALEZ YEIMY MARITZA,jmmedinag@udistrital.edu.co<br>Profesor: , correo: , genero: Femenino,MEDINA MAHECHA IRIS GARDENIA,igmedinam@udistrital.edu.co<br>Profesor: , correo: , genero: Masculino,MEJIA BAÑOS MANUEL ANTONIO,mamejiab@udistrital.edu.co<br>Profesor: , correo: , genero: Femenino,MENDEZ JULIANA CATALINA,jcmendeza@udistrital.edu.co<br>Profesor: , correo: , genero: Masculino,MENDEZ LARA JEISSON STEVEN,jsmendezl@udistrital.edu.co<br>Profesor: , correo: , genero: Femenino,MENDOZA GOMEZ IVETH MARGENY,immendozag@udistrital.edu.co<br>Profesor: , correo: , genero: Masculino,MESTRA OSORIO ARMINIO DEL CRISTO,admestrao@udistrital.edu.co<br>Profesor: , correo: , genero: Femenino,MEZA RODRIGUEZ MARIA ANGELICA,mamezar@udistrital.edu.co<br>Profesor: , correo: , genero: Femenino,MOJICA RIOS LIDA,lmojica@udistrital.edu.co<br>Profesor: , correo: , genero: Masculino,MOLANO CAMARGO FRANK,fmolanoc@udistrital.edu.co<br>Profesor: , correo: , genero: Femenino,MOLINA HUERTAS ROSALBA,rmolinah@udistrital.edu.co<br>Profesor: , correo: , genero: Femenino,MOLINA VASQUEZ RUTH,rmolinav@udistrital.edu.co<br>Profesor: , correo: , genero: Femenino,MONCADA CARDENAS LILIA BIBIANA,lbmoncada@udistrital.edu.co<br>Profesor: , correo: , genero: Masculino,MONROY CAÑON IGNACIO ALBERTO,iamonroyc@udistrital.edu.co<br>Profesor: , correo: , genero: Masculino,MONTENEGRO ALDANA JAIRO ALBERTO,jamontenegro@udistrital.edu.co<br>Profesor: , correo: , genero: Femenino,MONTERO LONDOÑO JANNETH CRISTINA,ycmonterol@udistrital.edu.co<br>Profesor: , correo: , genero: Masculino,MORA RUIZ DANIEL STEVEN,dsmorar@udistrital.edu.co<br>Profesor: , correo: , genero: Masculino,MORALES GARCIA JOHN FREDY,jfmoralesg@udistrital.edu.co<br>Profesor: , correo: , genero: Masculino,MORALES LOPEZ PEDRO,pmoralesl@udistrital.edu.co<br>Profesor: , correo: , genero: Masculino,MORALES RAMIREZ ANDRES MAURICIO,ammoralesr@udistrital.edu.co<br>Profesor: , correo: , genero: Femenino,MORALES ROZO NATALIA,nmoralesr@udistrital.edu.co<br>Profesor: , correo: , genero: Femenino,MORENO LACHE NUBIA,nmorenol@udistrital.edu.co<br>Profesor: , correo: , genero: Masculino,MORENO PEÑUELA CARLOS FERNANDO,cfmorenop@udistrital.edu.co<br>Profesor: , correo: , genero: Masculino,MOSQUERA MOSQUERA JORGE FIDEL,jfmosquera@udistrital.edu.co<br>Profesor: , correo: , genero: Masculino,MOSQUERA SUAREZ CARLOS JAVIER,cmosquera@udistrital.edu.co<br>Profesor: , correo: , genero: Masculino,MUNEVAR ESPITIA EDWIN,emunevare@udistrital.edu.co<br>Profesor: , correo: , genero: Femenino,MUÑOZ ALBARRACIN LIZ MAYOLY,lmmunoza@udistrital.edu.co<br>Profesor: , correo: , genero: Masculino,MUÑOZ FERNANDEZ RUBEN,rmunozf@udistrital.edu.co<br>Profesor: , correo: , genero: Masculino,NEIRA APONTE MANUEL VICENTE,mvneiraa@udistrital.edu.co<br>Profesor: , correo: , genero: Femenino,NEIRA UNEME ANGELA VIRGINIA,avneirau@udistrital.edu.co<br>Profesor: , correo: , genero: Masculino,NICHOLLS ANZOLA MIGUEL ANGEL,manichollsa@udistrital.edu.co<br>Profesor: , correo: , genero: Femenino,NIETO USECHE SANDRA,snietou@udistrital.edu.co<br>Profesor: , correo: , genero: Masculino,NIÑO GALEANO GERMAN ANTONIO,ganinog@udistrital.edu.co<br>Profesor: , correo: , genero: Masculino,NOVOA PATIÑO JOSE BENEDICTO,jbnovoap@udistrital.edu.co<br>Profesor: , correo: , genero: Masculino,ORDOÑEZ JIMENEZ ANDRES FELIPE,afordonezj@udistrital.edu.co<br>Profesor: , correo: , genero: Masculino,ORDUZ CARLOS ANDRES,caorduz@udistrital.edu.co<br>Profesor: , correo: , genero: Femenino,ORJUELA OSORIO CLAUDIA PATRICIA,cporjuelao@udistrital.edu.co<br>Profesor: , correo: , genero: Masculino,ORTIZ CARABALLO CARLOS DANIEL,cdortizc@udistrital.edu.co<br>Profesor: , correo: , genero: Femenino,ORTIZ OROZCO YENNY ROCIO,yrortizo@udistrital.edu.co<br>Profesor: , correo: , genero: Masculino,ORTIZ SALAMANCA HENRY MAURICIO,hmortizs@udistrital.edu.co<br>Profesor: , correo: , genero: Masculino,ORTIZ SOLANO CARLOS ALBERTO,caortizs@udistrital.edu.co<br>Profesor: , correo: , genero: Masculino,OTALORA MORENO FABIO ALBERTO,faotaloram@udistrital.edu.co<br>Profesor: , correo: , genero: Masculino,OVIEDO POVEDA IBON,ioviedop@udistrital.edu.co<br>Profesor: , correo: , genero: Masculino,PABON GUEVARA TEO FABIAN,tfpabong@udistrital.edu.co<br>Profesor: , correo: , genero: Femenino,PACHON DE LOS ANGELES MEJIA AMALIA,apachonm@udistrital.edu.co<br>Profesor: , correo: , genero: Femenino,PAEZ MADERA MEYRA JUDITH,mjpaez@udistrital.edu.co<br>Profesor: , correo: , genero: Masculino,PALOMINO AMADOR JHON FREDY,jfpalominoa@udistrital.edu.co<br>Profesor: , correo: , genero: Masculino,PARADA BERNAL MIGUEL ANGEL,maparadab@udistrital.edu.co<br>Profesor: , correo: , genero: Masculino,PARRA CASTAÑEDA JOSE HERIBERTO,jhparrac@udistrital.edu.co<br>Profesor: , correo: , genero: Femenino,PARSONS DELGADO ASTRID XIMENA,axparsonsd@udistrital.edu.co<br>Profesor: , correo: , genero: Masculino,PASCAGAZA ORTIZ LUIS EDUARDO,lepascagaza@udistrital.edu.co<br>Profesor: , correo: , genero: Femenino,PEDRAZA C ROSA TATIANA,rtpedrazac@udistrital.edu.co<br>Profesor: , correo: , genero: Masculino,PEÑA ACUÑA FREDY,fpenaa@udistrital.edu.co<br>Profesor: , correo: , genero: Masculino,PEÑA MELENDEZ WILSON LIBARDO,wlpenam@udistrital.edu.co<br>Profesor: , correo: , genero: Femenino,PEÑA PEÑA LAURA CATALINA,lcpenap@udistrital.edu.co<br>Profesor: , correo: , genero: Masculino,PEREA ACEVEDO ADRIAN JOSE,ajpereaa@udistrital.edu.co<br>Profesor: , correo: , genero: Masculino,PEREZ CUBIDES JAVIER ALONSO,japerezc@udistrital.edu.co<br>Profesor: , correo: , genero: Masculino,PERILLA TRIANA WILSON YESID,wyperillat@udistrital.edu.co<br>Profesor: , correo: , genero: Femenino,TORRES PINEDA NOHORA ESPERANZA,npineda@udistrital.edu.co<br>Profesor: , correo: , genero: Masculino,PINILLA CHAPARRO DIEGO ARMANDO,dapinillac@udistrital.edu.co<br>Profesor: , correo: , genero: Masculino,PINILLA ESCOBAR FREDY ALEXANDER,fapinillae@udistrital.edu.co<br>Profesor: , correo: , genero: Masculino,PINILLA GONZALEZ JAIRO RICARDO,jrpinilla@udistrital.edu.co<br>Profesor: , correo: , genero: Masculino,PINILLA MARLON ALEJANDRO,mpinilla@udistrital.edu.co<br>Profesor: , correo: , genero: Femenino,PIRAZAN SOTOL EDITH YANETH,eypirazans@udistrital.edu.co<br>Profesor: , correo: , genero: Masculino,PIRELA MORILLO JOHANN ENRIQUE,jepirelam@udistrital.edu.co<br>Profesor: , correo: , genero: Masculino,PLATA MARTINEZ HANZ,hplatam@udistrital.edu.co<br>Profesor: , correo: , genero: Femenino,POLO BUITRAGO SANDRA MILENA,smpolob@udistrital.edu.co<br>Profesor: , correo: , genero: Femenino,POSADA ORTIZ JULIA ZORAIDA,jzposadao@udistrital.edu.co<br>Profesor: , correo: , genero: Masculino,POVEDA CRUZ CRISTIAN DAVID,pccristiand@udistrital.edu.co<br>Profesor: , correo: , genero: Masculino,PRADA GUEVARA JHOAN CAMILO,jcpradag@udistrital.edu.co<br>Profesor: , correo: , genero: Femenino,PRADO MIREYA ROCIO,mrprado@udistrital.edu.co<br>Profesor: , correo: , genero: Masculino,PULIDO BORIS MAURICIO,bmpulidop@udistrital.edu.co<br>Profesor: , correo: , genero: Masculino,PULIDO GOMEZ JAIRO NELSON,jnpulidog@udistrital.edu.co<br>Profesor: , correo: , genero: Masculino,PULIDO GONZALEZ WALTER ALEXIS,wapulidog@udistrital.edu.co<br>Profesor: , correo: , genero: Masculino,PULIDO NIÑO OMAR GIOVANNY,ogpulidon@udistrital.edu.co<br>Profesor: , correo: , genero: Masculino,QUEVEDO CARDENAS LUIS ARMANDO,laquevedo@udistrital.edu.co<br>Profesor: , correo: , genero: Masculino,QUINTANA RAMIREZ ANTONIO,aquintana@udistrital.edu.co<br>Profesor: , correo: , genero: Femenino,QUINTANA VILLA LILIANA,lquintanav@udistrital.edu.co<br>Profesor: , correo: , genero: Femenino,QUINTERO BOGOTA DIANA CAROLINA,dcquinterob@udistrital.edu.co<br>Profesor: , correo: , genero: Femenino,QUITIAN BERNAL SANDRA PATRICIA,spquitianb@udistrital.edu.co<br>Profesor: , correo: , genero: Femenino,RAMIREZ CABANZO ANA BRIZET,abramirezc@udistrital.edu.co<br>Profesor: , correo: , genero: Masculino,RAMIREZ EDGAR ALFONSO,earamirez@udistrital.edu.co<br>Profesor: , correo: , genero: Femenino,RAMIREZ VALENCIA ASTRID,aramirezv@udistrital.edu.co<br>Profesor: , correo: , genero: Masculino,RAMOS CASTIBLANCO WILMAR FRANCISCO,wframosc@udistrital.edu.co<br>Profesor: , correo: , genero: Femenino,RAMOS RINCON JAIDITH MARIZOL,jmramosr@udistrital.edu.co<br>Profesor: , correo: , genero: Femenino,RATIVA VELANDIA MARLENE,mrativav@udistrital.edu.co<br>Profesor: , correo: , genero: Masculino,RAVELO MENDEZ ROISMAN ENRIQUE,reravelom@udistrital.edu.co<br>Profesor: , correo: , genero: Masculino,RENDON LARA DIEGO BERNARDO,dbrendonl@udistrital.edu.co<br>Profesor: , correo: , genero: Femenino,REY HERRERA JOHANNA MILENA,jmreyh@udistrital.edu.co<br>Profesor: , correo: , genero: Masculino,REYES OSCAR ORLANDO,ooreyesr@udistrital.edu.co<br>Profesor: , correo: , genero: Masculino,REYES RONCANCIO JAIME DUVAN,jdreyesr@udistrital.edu.co<br>Profesor: , correo: , genero: Masculino,RIAÑO TORRES CARLOS ALBERTO,carianot@udistrital.edu.co<br>Profesor: , correo: , genero: Masculino,RIBERO SALAZAR FABIO ANDRES,fariberos@udistrital.edu.co<br>Profesor: , correo: , genero: Femenino,RINCON AVELLANEDA CLARA ELIANA,cerincona@udistrital.edu.co<br>Profesor: , correo: , genero: Femenino,RINCON MUÑOZ FLOR ANGELA,farincon@udistrital.edu.co<br>Profesor: , correo: , genero: Femenino,RIVERA SORIANO ANGELA SOFIA,asriveras@udistrital.edu.co<br>Profesor: , correo: , genero: Masculino,RIVEROS SOLORZANO HERNAN JAVIER,hjriveross@udistrital.edu.co<br>Profesor: , correo: , genero: Masculino,ROA CARDENAS FABIO LORENZO,froac@udistrital.edu.co<br>Profesor: , correo: , genero: Masculino,ROBLES PINEROS JAIRO,jroblesp@udistrital.edu.co<br>Profesor: , correo: , genero: Masculino,ROCHA SALAMANCA PEDRO GERARDO,pgrocha@udistrital.edu.co<br>Profesor: , correo: , genero: Masculino,RODRIGUEZ BEJARANO JORGE,jorgeedumat@udistrital.edu.co<br>Profesor: , correo: , genero: Femenino,RODRIGUEZ GARCIA JOSEFA ANTONIA,jarodriguezg@udistrital.edu.co<br>Profesor: , correo: , genero: Masculino,RODRIGUEZ RODRIGUEZ CESAR AUGUSTO,carodriguezr@udistrital.edu.co<br>Profesor: , correo: , genero: Masculino,RODRIGUEZ RODRIGUEZ HUMBERTO ALEXIS,harodriguez@udistrital.edu.co<br>Profesor: , correo: , genero: Masculino,RODRIGUEZ URIBE GUILLERMO,grodriguezu@udistrital.edu.co<br>Profesor: , correo: , genero: Femenino,ROJAS ALVAREZ GLORIA MARIELA,grojasa@udistrital.edu.co<br>Profesor: , correo: , genero: Femenino,ROJAS ARIAS SANDRA PATRICIA,sprojasa@udistrital.edu.co<br>Profesor: , correo: , genero: Femenino,ROJAS RINCON VANESSA ALEJANDRA,varojasr@udistrital.edu.co<br>Profesor: , correo: , genero: Masculino,ROMERO CORDOBA ANGELO ALFREDO,aaromeroc@udistrital.edu.co<br>Profesor: , correo: , genero: Masculino,ROMERO CRUZ JAIME HUMBERTO,jaimeedumat@udistrital.edu.co<br>Profesor: , correo: , genero: Femenino,ROMERO PATIÑO CAROLINA,cromerop@udistrital.edu.co<br>Profesor: , correo: , genero: Femenino,RUBIO CANCINO ELIANA MARIA,emrubioc@udistrital.edu.co<br>Profesor: , correo: , genero: Femenino,RUEDA ESTEBAN MARTHA  ALEXANDRA,maruedae@udistrital.edu.co<br>Profesor: , correo: , genero: Masculino,RUIZ HERNANDEZ LUIS IGNACIO,liruizh@udistrital.edu.co<br>Profesor: , correo: , genero: Femenino,RUIZ PACHECO NELLY JANNETH,njruizp@udistrital.edu.co<br>Profesor: , correo: , genero: Masculino,SAAVEDRA ESPITIA EDWIN CAMILO,ecsaavedrae@udistrital.edu.co<br>Profesor: , correo: , genero: Femenino,SAENZ LUZ HELENA,lhsaenz@udistrital.edu.co<br>Profesor: , correo: , genero: Masculino,SALAMANCA JULIAN ANDRES,jasalamanca@udistrital.edu.co<br>Profesor: , correo: , genero: Masculino,SALAS RODRIGUEZ JHON FREDY,jfsalasr@udistrital.edu.co<br>Profesor: , correo: , genero: Masculino,SALAS SARMIENTO YECID JAVIER,yjsalass@udistrital.edu.co<br>Profesor: , correo: , genero: Masculino,SALCEDO ORTIZ LEON FABIO,lfsalcedoo@udistrital.edu.co<br>Profesor: , correo: , genero: Masculino,SALGADO BOCANEGRA CAMILO,csalgadob@udistrital.edu.co<br>Profesor: , correo: , genero: Femenino,SAMACA BOHORQUEZ YOLANDA,ysamacab@udistrital.edu.co<br>Profesor: , correo: , genero: Masculino,SANABRIA PINEDA NESTOR JAVIER,njsanabriap@udistrital.edu.co<br>Profesor: , correo: , genero: Masculino,SANCHEZ AMAYA TOMAS,tsancheza@udistrital.edu.co<br>Profesor: , correo: , genero: Masculino,SANCHEZ ARDILA JORGE DAVID,jdsanchez@udistrital.edu.co<br>Profesor: , correo: , genero: Femenino,SANCHEZ CASTRO ANGELICA PATRICIA,apsanchezc@udistrital.edu.co<br>Profesor: , correo: , genero: Masculino,SANCHEZ FERNANDEZ RICARDO ALBERTO,rasanchezf@udistrital.edu.co<br>Profesor: , correo: , genero: Masculino,SANCHEZ LOPEZ EDWIN FERNANDO,efsanchezl@udistrital.edu.co<br>Profesor: , correo: , genero: Femenino,SANCHEZ PRADA JANETH CONSUELO,ycsanchezp@udistrital.edu.co<br>Profesor: , correo: , genero: Femenino,SANCHEZ RIVERA SONIA LICED,slsanchezr@udistrital.edu.co<br>Profesor: , correo: , genero: Femenino,SANCHEZ ROBAYO BRIGITTE JOHANNA,bjsanchezr@udistrital.edu.co<br>Profesor: , correo: , genero: Masculino,SANCHEZ SIERRA JUAN CARLOS,jucsanchezs@udistrital.edu.co<br>Profesor: , correo: , genero: Femenino,SANDOVAL ELIANA YISETH,eysandovalh@udistrital.edu.co<br>Profesor: , correo: , genero: Femenino,SANDOVAL GUZMAN BETTY,bsandoval@udistrital.edu.co<br>Profesor: , correo: , genero: Femenino,SANTANA GOMEZ LEIDY FERNANDA,lfsantanag@udistrital.edu.co<br>Profesor: , correo: , genero: Masculino,SANTOYO RENDON JULIO ERNESTO,jesantoyor@udistrital.edu.co<br>Profesor: , correo: , genero: Masculino,SARMIENTO LOZANO JAIME HERNANDO,jhsarmientol@udistrital.edu.co<br>Profesor: , correo: , genero: Masculino,SARMIENTO LOZANO LUIS EDUARDO,lesarmientol@udistrital.edu.co<br>Profesor: , correo: , genero: Masculino,SERNA DIMAS ADRIAN EDUARDO,aeserna@udistrital.edu.co<br>Profesor: , correo: , genero: Masculino,SERRATO SUAREZ OSCAR EDUARDO,oeserratos@udistrital.edu.co<br>Profesor: , correo: , genero: Masculino,SIERRA GORDILLO JAVIER ARMANDO,jasierrag@udistrital.edu.co<br>Profesor: , correo: , genero: Femenino,SILVA ABRIL JOHANNA LIZETH,jlsilvaa@udistrital.edu.co<br>Profesor: , correo: , genero: Femenino,SILVA ALFONSO KATHERIN LORENA,klsilvaa@udistrital.edu.co<br>Profesor: , correo: , genero: Femenino,SILVA FITATA LEIDY JOHANNA,ljsilvaf@udistrital.edu.co<br>Profesor: , correo: , genero: Masculino,SOLANO VEGA LUIS ANDRES,lasolanov@udistrital.edu.co<br>Profesor: , correo: , genero: Masculino,SORIANO ORTIZ ARNOLD ALBERTO,aasorianoo@udistrital.edu.co<br>Profesor: , correo: , genero: Femenino,SUAREZ REINA ADRIANA YAMILE,aysuarezr@udistrital.edu.co<br>Profesor: , correo: , genero: Masculino,SUZUNAGA QUINTANA JUAN CARLOS,jcsuzunaga@udistrital.edu.co<br>Profesor: , correo: , genero: Masculino,TALERO LOPEZ PACO HERNANDO,phtalerol@udistrital.edu.co<br>Profesor: , correo: , genero: Femenino,TORRES  ROJAS JOHANA ISABEL,yitorresr@udistrital.edu.co<br>Profesor: , correo: , genero: Masculino,TORRES DUARTE JOSE,jotorresd@udistrital.edu.co<br>Profesor: , correo: , genero: Femenino,TORRES GAMEZ INGRID LORENA,iltorresg@udistrital.edu.co<br>Profesor: , correo: , genero: Femenino,TORRES GARAY ISABEL MERCEDES,imtorresg@udistrital.edu.co<br>Profesor: , correo: , genero: Femenino,TORRES GUERRERO MARTHA LILIANA,mltorresg@udistrital.edu.co<br>Profesor: , correo: , genero: Femenino,TORRES MELO ANGELY KATHERINE,aktorresm@udistrital.edu.co<br>Profesor: , correo: , genero: Femenino,TRUJILLO RODRIGUEZ MAGDA ZULENA,mztrujillor@udistrital.edu.co<br>Profesor: , correo: , genero: Masculino,UBAQUE CASALLAS DIEGO FERNANDO,dfubaquec@udistrital.edu.co<br>Profesor: , correo: , genero: Femenino,VALENCIA CHAVES ELSA IVONNE,eivalenciac@udistrital.edu.co<br>Profesor: , correo: , genero: Femenino,VALLEJO SIERRA RUTH HELENA,rhvallejos@udistrital.edu.co<br>Profesor: , correo: , genero: Masculino,VARGAS MANRIQUE PEDRO JOSE,pjvargasm@udistrital.edu.co<br>Profesor: , correo: , genero: Masculino,VARGAS SANCHEZ DARWIN LEONARDO,dlvargass@udistrital.edu.co<br>Profesor: , correo: , genero: Masculino,VARGAS SERGIO CAMILO,scvargash@udistrital.edu.co<br>Profesor: , correo: , genero: Masculino,VARGAS SUPELANO JOHN JAIRO,jjvargass@udistrital.edu.co<br>Profesor: , correo: , genero: Femenino,VARGAS TORRES MARGARITA ROSA,mrvargast@udistrital.edu.co<br>Profesor: , correo: , genero: Femenino,VELASCO FORERO MARTHA JANET,mjvelascof@udistrital.edu.co<br>Profesor: , correo: , genero: Femenino,VENEGAS HERNENDEZ AURORA ADELAIDA,avenegash@udistrital.edu.co<br>Profesor: , correo: , genero: Masculino,VENEGAS SEGURA ANDRES ARTURO,aavenegass@udistrital.edu.co<br>Profesor: , correo: , genero: Masculino,VERA CASTANEDA LUIS CARLOS,lcverac@udistrital.edu.co<br>Profesor: , correo: , genero: Masculino,VILLA AMAYA WILMER,wvillaa@udistrital.edu.co<br>Profesor: , correo: , genero: Femenino,VILLA MACIAS CLEMENCIA,cvilla@udistrital.edu.co<br>Profesor: , correo: , genero: Masculino,VILLALBA  MELENDES HENRY,hvillalbam@udistrital.edu.co<br>Profesor: , correo: , genero: Femenino,VILLARREAL GIL ELDA YANNETH,ejvillarrealg@udistrital.edu.co<br>Profesor: , correo: , genero: Femenino,VIRVIESCAS MOLINA LINA MARIA,lmvirviescasm@udistrital.edu.co<br>Profesor: , correo: , genero: Femenino,GONZALEZ NIÑO ESPERANZA,egonzalezn@udistrital.edu.co<br>Profesor: , correo: , genero: Masculino,WILCHES TINJACA JAIME ANDRES,jawilchest@udistrital.edu.co<br>Profesor: , correo: , genero: Femenino,DIAZ ARIZA IVONNE LORENA,ildiaza@udistrital.edu.co<br>Profesor: , correo: , genero: Femenino,RAMIREZ ARIAS AIDA MIREYA,amramireza@udistrital.edu.co<br>Profesor: , correo: , genero: Masculino,APONTE BUITRAGO ANDRES RICARDO,araponteb@udistrital.edu.co<br>Profesor: , correo: , genero: Masculino,TRIANA MARTINEZ RUDOLF ARTHUR,ratrianam@udistrital.edu.co<br>Profesor: , correo: , genero: Masculino,VILLA HERNANDEZ JORGE IGNACIO,jivillah@udistrital.edu.co<br>Profesor: , correo: , genero: Masculino,NIÑO SANTISTEBAN OSCAR ANTONIO,oaninos@udistrital.edu.co<br>Profesor: , correo: , genero: Femenino,ZARATE CABALLERO INGRITH ANGELICA,iazaratec@udistrital.edu.co<br>Profesor: , correo: , genero: Femenino,GARCIA CAYCEDO LUZ ANDREA,lagarciac@udistrital.edu.co<br>Profesor: , correo: , genero: Masculino,TOVAR RODRIGUEZ DAVID FERNANDO,dftovarr@udistrital.edu.co<br>Profesor: , correo: , genero: Femenino,WILCHES FLOREZ ANGELA MARIA,amwilchesf@udistrital.edu.co<br>Profesor: , correo: , genero: Masculino,ARIAS PINEDA JULIAN YESSID,jyariasp@udistrital.edu.co<br>Profesor: , correo: , genero: Femenino,TIJARO OREJUELA MERY HELEN,mhtijaroo@udistrital.edu.co<br>Profesor: , correo: , genero: Femenino,PATIÑO MONTAÑA BRIGETTE YANITH,bypatinom@udistrital.edu.co<br>Profesor: , correo: , genero: Masculino,TARQUINO APARICIO JONATTAN MORRISON,jmtarquinoa@udistrital.edu.co<br>Profesor: , correo: , genero: Masculino,RODRIGUEZ BOLAÑOS ABELARDO,arodriguezb@udistrital.edu.co<br>Profesor: , correo: , genero: Femenino,BAEZ LIZARAZO MABEL ROCIO,mrbaezl@udistrital.edu.co<br>Profesor: , correo: , genero: Masculino,LOPEZ BOTIA FAVIO,flopez@udistrital.edu.co<br>Profesor: , correo: , genero: Masculino,VALLEJO AREVALO WILMER HARVEY,whvallejoa@udistrital.edu.co<br>Profesor: , correo: , genero: Masculino,RODRIGUEZ SAZA FREDDY,frodriguezs@udistrital.edu.co<br>Profesor: , correo: , genero: Masculino,CORDOBA CORDOBA SERGIO,scordobac@udistrital.edu.co<br>Profesor: , correo: , genero: Masculino,DUMAR RODRIGUEZ JUAN CAMILO,jcdumarr@udistrital.edu.co<br>Profesor: , correo: , genero: Masculino,CAMPOS MORENO DIEGO FERNANDO,dfcamposm@udistrital.edu.co<br>Profesor: , correo: , genero: Femenino,ANGARITA RODRIGUEZ MARIA ANDREA,maangaritar@udistrital.edu.co<br>Profesor: , correo: , genero: Femenino,APONTE ROJAS ANGELICA MARIA,amaponte@udistrital.edu.co<br>Profesor: , correo: , genero: Masculino,MIRANDA ARANGUREN SERGIO,smirandaa@udistrital.edu.co<br>Profesor: , correo: , genero: Masculino,LOPEZ CASTRO CESAR AUGUSTO,calopezc@udistrital.edu.co<br>Profesor: , correo: , genero: Masculino,BOHORQUEZ PACHECO OMAR ALFONSO,oabohorquezp@udistrital.edu.co<br>Profesor: , correo: , genero: Masculino,RODRIGUEZ OYOLA CESAR FARID,cfrodriguezo@udistrital.edu.co<br>Profesor: , correo: , genero: Masculino,ZULUAGA ATEHORTUA IVAN DARIO,dzulu@udistrital.edu.co<br>Profesor: , correo: , genero: Masculino,ALVAREZ POLO YOLIMA,yalvarezp@udistrital.edu.co<br>Profesor: , correo: , genero: Femenino,VELA URREGO CLAUDIA TERESA,ctvelau@udistrital.edu.co<br>Profesor: , correo: , genero: Femenino,BERMUDEZ QUINTERO ADRIANA JANNETH,ajbermudezq@udistrital.edu.co<br>Profesor: , correo: , genero: Femenino,LACHE MUÑOZ ANDREA,alachem@udistrital.edu.co<br>Profesor: , correo: , genero: Masculino,DIAZ POMAR CESAR AUGUSTO,cadiazp@udistrital.edu.co<br>Profesor: , correo: , genero: Masculino,ESPITIA RICO MIGUEL JOSE,mespitiar@udistrital.edu.co<br>Profesor: , correo: , genero: Masculino,CHACON CARDONA CESAR ALEXANDER,cachaconc@udistrital.edu.co<br>Profesor: , correo: , genero: Masculino,FLOREZ PEREZ JOSE MANUEL,jmflorez@udistrital.edu.co<br>Profesor: , correo: , genero: Masculino,MORENO MOSQUERA ASDRUBAL,amorenom@udistrital.edu.co<br>Profesor: , correo: , genero: Masculino,DIAZ FORERO JOHN HERNAN,jhdiazf@udistrital.edu.co<br>Profesor: , correo: , genero: Masculino,CAMERANO FUENTES RAFAEL ARTURO,racameranof@udistrital.edu.co<br>Profesor: , correo: , genero: Masculino,CALA VITERY FAVIO ERNESTO,fecalav@udistrital.edu.co<br>Profesor: , correo: , genero: Masculino,GOMEZ VASCO CARLOS ANDRES,cagomezv@udistrital.edu.co<br>Profesor: , correo: , genero: Femenino,CASTIBLANCO ORTIZ MARIELA,mcastiblancoo@udistrital.edu.co<br>Profesor: , correo: , genero: Masculino,SOLER CUBIDES FREIL EDUARDO,fesolerc@udistrital.edu.co<br>Profesor: , correo: , genero: Masculino,GIRALDO HERNANDEZ CARLOS ANDRES,cagiraldoh@udistrital.edu.co<br>Profesor: , correo: , genero: Femenino,TREJOS ANGEL DECCY YANETH,dytrejosa@udistrital.edu.co<br>Profesor: , correo: , genero: Femenino,JIMENEZ VARGAS MARIA CONSTANZA,cjimenez@udistrital.edu.co<br>Profesor: , correo: , genero: Masculino,BRAVO RIOS GABRIEL,gbravor@udistrital.edu.co<br>Profesor: , correo: , genero: Masculino,SARMIENTO BARRERA HEBERTH,hsarmientob@udistrital.edu.co<br>Profesor: , correo: , genero: Masculino,RODRIGUEZ ARIAS ROBERTO,rrodrigueza@udistrital.edu.co<br>Profesor: , correo: , genero: Masculino,VILLARRAGA POVEDA LUIS FERNANDO,lfvillarraga@udistrital.edu.co<br>Profesor: , correo: , genero: Femenino,SALAS RODRIGUEZ JOLYMAR VICTORIA,jvsalasr@udistrital.edu.co<br>Profesor: , correo: , genero: Masculino,SANJUAN CUELLAR ALVARO ARTURO,aasanjuanc@udistrital.edu.co<br>Profesor: , correo: , genero: Femenino,BOLAÑOS RIVERA YUDY MARCELA,ymbolanosr@udistrital.edu.co<br>Profesor: , correo: , genero: Femenino,CIFUENTES VARGAS VERONICA,vcifuentesv@udistrital.edu.co<br>Profesor: , correo: , genero: Masculino,BARAJAS SICHACA MARTIN,mbarajass@udistrital.edu.co<br>Profesor: , correo: , genero: Masculino,RAMOS FERNANDEZ JULIO CESAR,jcramosf@udistrital.edu.co<br>Profesor: , correo: , genero: Masculino,MASMELA CAITA LUIS ALEJANDRO,lmasmela@udistrital.edu.co<br>Profesor: , correo: , genero: Masculino,ALONSO CONTRETRAS DAVID LEONARDO,dlalonsoc@udistrital.edu.co<br>Profesor: , correo: , genero: Masculino,DUQUE DAZA MAURICIO FABIAN,mfduqued@udistrital.edu.co<br>Profesor: , correo: , genero: Femenino,CORTES RUTH MILENA,rmcortes@udistrital.edu.co<br>Profesor: , correo: , genero: Femenino,SARMIENTO MONSALVE JEYMY TATIANA,jtsarmientom@udistrital.edu.co<br>Profesor: , correo: , genero: Femenino,OCAMPO CIFUENTES MARISOL,mocampoc@udistrital.edu.co<br>Profesor: , correo: , genero: Masculino,SILVA CARRERO DIEGO ALEJANDRO,dasilvac@udistrital.edu.co<br>Profesor: , correo: , genero: Femenino,MEDINA DIANA PAOLA,dpmedina@udistrital.edu.co<br>Profesor: , correo: , genero: Masculino,ORTIZ VERANO ISMAEL,ieortizv@udistrital.edu.co<br>Profesor: , correo: , genero: Masculino,ARDILA CAMACHO JEFFRY ADRIAN,jaardilac@udistrital.edu.co<br>Profesor: , correo: , genero: Femenino,CAMARGO JIMENEZ MARIA HELENA,mhcamrgoj@udistrital.edu.co<br>Profesor: , correo: , genero: Femenino,GARAVITO NAJAS JENNY ZORAYDA,jzgaraviton@udistrital.edu.co<br>Profesor: , correo: , genero: Masculino,GORDILLO THIRIAT WILSON,wgordillot@udistrital.edu.co<br>Profesor: , correo: , genero: Masculino,GERENA ROJAS OSCAR ARTURO,oagerenar@udistrital.edu.co<br>Profesor: , correo: , genero: Masculino,RINCON BAEZ WILLIAM UMAR,wurinconb@udistrital.edu.co<br>Profesor: , correo: , genero: Masculino,RENDON RAMIREZ JULIAN MAURICIO,jmrendonr@udistrital.edu.co<br>Profesor: , correo: , genero: Femenino,GRANADOS RAMIREZ CARMEN GIOVANA,cggranadosr@udistrital.edu.co<br>Profesor: , correo: , genero: Masculino,QUIÑONES SEGURA CESAR AUGUSTO,caquinoness@udistrital.edu.co<br>Profesor: , correo: , genero: Masculino,BERNAL GUERRERO JOHN SADAT,jsbernalg@udistrital.edu.co<br>Profesor: , correo: , genero: Masculino,PEÑA PRIETO LUIS EDUARDO,lepena@udistrital.edu.co<br>Profesor: , correo: , genero: Masculino,AYALA FAJARDO ADIS,aayala@udistrital.edu.co<br>Profesor: , correo: , genero: Masculino,HERNANDEZ SANDOVAL DAVID JOSE,djhernandezs@udistrital.edu.co<br>Profesor: , correo: , genero: Femenino,ABUCHAR PORRAS ALEXANDRA,aabucharp@udistrital.edu.co<br>Profesor: , correo: , genero: Masculino,ACERO ARDILA RAFAEL ANTONIO,aarafaela@udistrital.edu.co<br>Profesor: , correo: , genero: Femenino,ACEVEDO FANDIÑO MARYBEL,macevedof@udistrital.edu.co<br>Profesor: , correo: , genero: Masculino,ACOSTA CIPAGAUTA CHRISTIAN JOHNATAN,cjacostac@udistrital.edu.co<br>Profesor: , correo: , genero: Masculino,ACOSTA MORENO HECTOR FULVIO,hfacostam@udistrital.edu.co<br>Profesor: , correo: , genero: Masculino,ACOSTA NOSCUE JOSE RAUL,jsacostan@udistrital.edu.co<br>Profesor: , correo: , genero: Femenino,ACOSTA PEÑALOZA GLORIA STELLA,gsacostap@udistrital.edu.co<br>Profesor: , correo: , genero: Masculino,ACOSTA RODOLFO,racostar@udistrital.edu.co<br>Profesor: , correo: , genero: Masculino,ACUÑA CARVAJAL HERNANDO,hacuna@udistrital.edu.co<br>Profesor: , correo: , genero: Masculino,ACUÑA VASQUEZ JORGE EDUARDO,jeacunav@udistrital.edu.co<br>Profesor: , correo: , genero: Femenino,AGUALIMPIA DUALIBY YOLIMA DEL CARMEN,yagualimpia@udistrital.edu.co<br>Profesor: , correo: , genero: Femenino,AGUDELO VALENCIA MARIA DEL PILAR,mdpagudelov@udistrital.edu.co<br>Profesor: , correo: , genero: Masculino,AGUILAR TORRES ORLANDO,orlando@udistrital.edu.co<br>Profesor: , correo: , genero: Masculino,ALAPE VERGARA ROSSEMBER,ralapev@udistrital.edu.co<br>Profesor: , correo: , genero: Masculino,ALARCON RODRIGUEZ EDGAR HERNAN,ehalarconr@udistrital.edu.co<br>Profesor: , correo: , genero: Masculino,ALARCON VARGAS RICHARD,ravargas@udistrital.edu.co<br>Profesor: , correo: , genero: Masculino,ALARCON VILLAMIL JORGE ALEXANDER,jaalarconv@udistrital.edu.co<br>Profesor: , correo: , genero: Femenino,ALBARRACIN HERNANDEZ CAROLINA,calbarracinh@udistrital.edu.co<br>Profesor: , correo: , genero: Femenino,ALDANA BOUTIN ROSE MARIE,rmaldanab@udistrital.edu.co<br>Profesor: , correo: , genero: Masculino,ALFARO ECHEVARRIA ANGEL BASILIO,abalfaroe@udistrital.edu.co<br>Profesor: , correo: , genero: Masculino,ALFONSO MORENO FREDDY LEONAR,flalfonsom@udistrital.edu.co<br>Profesor: , correo: , genero: Masculino,ALGARIN MEZA NELSON JORGE,njalgarinm@udistrital.edu.co<br>Profesor: , correo: , genero: Masculino,ALMANZA RAMIREZ ANDRES ALBERTO,aaalmanzar@udistrital.edu.co<br>Profesor: , correo: , genero: Masculino,ALMONACID GONZALEZ WILLIAM RICARDO,wralmonacidg@udistrital.edu.co<br>Profesor: , correo: , genero: Femenino,ALVARADO CORONADO CLAUDIA LILIANA,clalvaradoc@udistrital.edu.co<br>Profesor: , correo: , genero: Femenino,ALVARADO NIETO LUZ DEICY,lalvarado@udistrital.edu.co<br>Profesor: , correo: , genero: Masculino,ALVARADO SILVA DAVID LEONARDO,dlalvarados@udistrital.edu.co<br>Profesor: , correo: , genero: Masculino,ALVARADO TORRES JHON EDISSON,jealvaradot@udistrital.edu.co<br>Profesor: , correo: , genero: Masculino,ALVAREZ CESAR GIOVANNI,cgalvareza@udistrital.edu.co<br>Profesor: , correo: , genero: Masculino,ALVAREZ PLATA JOSE DAVID,jdalvarezp@udistrital.edu.co<br>Profesor: , correo: , genero: Femenino,ALVAREZ POMAR LINDSAY,lalvarez@udistrital.edu.co<br>Profesor: , correo: , genero: Femenino,ALVAREZ YEPES ALEXANDRA,aalvarezy@udistrital.edu.co<br>Profesor: , correo: , genero: Masculino,ALZATE MONROY MARCO AURELIO,malzate@udistrital.edu.co<br>Profesor: , correo: , genero: Femenino,AMAYA BARRERA EDILMA ISABEL,iamaya@udistrital.edu.co<br>Profesor: , correo: , genero: Masculino,AMEZQUITA PEREZ DANIEL ENRIQUE,deamezquitap@udistrital.edu.co<br>Profesor: , correo: , genero: Masculino,ANGARITA MANOSALVA EDISON,eangaritam@udistrital.edu.co<br>Profesor: , correo: , genero: Masculino,ANGEL ORTEGA PEDRO AUGUSTO,paangelo@udistrital.edu.co<br>Profesor: , correo: , genero: Femenino,ANGULO SOLEDAD JENNY ANGELICA,jaangulos@udistrital.edu.co<br>Profesor: , correo: , genero: Masculino,ANZOLA ALVAREZ GABRIEL ALFONSO,gaanzolaa@udistrital.edu.co<br>Profesor: , correo: , genero: Masculino,ANZOLA CARO JUAN CAMILO,jcanzolac@udistrital.edu.co<br>Profesor: , correo: , genero: Femenino,APARICIO PICO LILIA EDITH,eaparicio@udistrital.edu.co<br>Profesor: , correo: , genero: Masculino,APONTE SARAVIA JHONATHAN,japontes@udistrital.edu.co<br>Profesor: , correo: , genero: Masculino,ARANDA PINILLA JOHAN ALEXANDER,jaarandap@udistrital.edu.co<br>Profesor: , correo: , genero: Masculino,ARAQUE OSORIO CARLOS,caraqueo@udistrital.edu.co<br>Profesor: , correo: , genero: Femenino,ARDILA ARDILA LUZ LILIANA,llardilaa@udistrital.edu.co<br>Profesor: , correo: , genero: Masculino,ARDILA CARRASCO ANTONIO,aardilac@udistrital.edu.co<br>Profesor: , correo: , genero: Masculino,ARDILA LINARES IVAN GIOVANNI,igardilal@udistrital.edu.co<br>Profesor: , correo: , genero: Masculino,ARIAS BARRAGAN LUIS ALEJANDRO,laariasb@udistrital.edu.co<br>Profesor: , correo: , genero: Masculino,ARIAS GAVIRIA JAIRO,jariasg@udistrital.edu.co<br>Profesor: , correo: , genero: Masculino,ARIAS LIEVANO JHONATAN DAVID,jdariasl@udistrital.edu.co<br>Profesor: , correo: , genero: Masculino,ARIAS RONCANCIO FERNANDO,fjariasr@udistrital.edu.co<br>Profesor: , correo: , genero: Masculino,ARIZA CASTILLO CESAR ALFONSO,caarizac@udistrital.edu.co<br>Profesor: , correo: , genero: Masculino,ARIZA CORTES WILLIAM GILBERTO,wgarizac@udistrital.edu.co<br>Profesor: , correo: , genero: Masculino,ARIZMENDI BEDRAN MANUEL FRANCISCO,mfarizmendib@udistrital.edu.co<br>Profesor: , correo: , genero: Femenino,ARROYAVE MONTOYA MYRIAM DINNEY,mdarroyavem@udistrital.edu.co<br>Profesor: , correo: , genero: Masculino,ARROYO LUIS EDUARDO,learroyo@udistrital.edu.co<br>Profesor: , correo: , genero: Masculino,ASSAD CUELLAR JOSE FELIX,jfassadc@udistrital.edu.co<br>Profesor: , correo: , genero: Masculino,AVELLA MUÑOZ EDGAR ANDRES,aavellam@udistrital.edu.co<br>Profesor: , correo: , genero: Masculino,AVILA ANGULO MIGUEL ANTONIO,maavila@udistrital.edu.co<br>Profesor: , correo: , genero: Masculino,AVILA CORTES JOHN JAIRO,jjavila@udistrital.edu.co<br>Profesor: , correo: , genero: Masculino,AVILA PERDOMO ANGEL OCTAVIO,aoavilap@udistrital.edu.co<br>Profesor: , correo: , genero: Masculino,AYA BAQUERO HUGO LIBARDO,haya@udistrital.edu.co<br>Profesor: , correo: , genero: Masculino,BAEZ PARRA ORLANDO,obaezp@udistrital.edu.co<br>Profesor: , correo: , genero: Masculino,BAHAMON SERRATO DIEGO ARMANDO,dabahamons@udistrital.edu.co<br>Profesor: , correo: , genero: Masculino,BAHAMON VARON DANIEL AUGUSTO,dabahamonv@udistrital.edu.co<br>Profesor: , correo: , genero: Masculino,BALAGUERA JIMENEZ MANUEL IGNACIO,mibalagueraj@udistrital.edu.co<br>Profesor: , correo: , genero: Masculino,BALLESTEROS LUIS CARLOS,lcballesterosr@udistrital.edu.co<br>Profesor: , correo: , genero: Masculino,BARBOSA LUIS JAVIER,ljbarbosav@udistrital.edu.co<br>Profesor: , correo: , genero: Masculino,BARON BOCANEGRA OVIDIO,obaronb@udistrital.edu.co<br>Profesor: , correo: , genero: Femenino,BARON PARRA NUBIA TERESA,ntbaronp@udistrital.edu.co<br>Profesor: , correo: , genero: Masculino,BARON VELANDIA JULIO,jbaron@udistrital.edu.co<br>Profesor: , correo: , genero: Masculino,BARRAGAN ZAQUE WILLIAM BENIGNO,wbarraganz@udistrital.edu.co<br>Profesor: , correo: , genero: Masculino,BARRERA HURTADO ABEL,abarrerah@udistrital.edu.co<br>Profesor: , correo: , genero: Masculino,BARRERA TACHA WILLIAM RICARDO,wrbarrerat@udistrital.edu.co<br>Profesor: , correo: , genero: Masculino,BARRERA TORRES JORGE IVAN,jibarrerat@udistrital.edu.co<br>Profesor: , correo: , genero: Femenino,BARRETO REYES DIANA CAROLINA,dcbarretor@udistrital.edu.co<br>Profesor: , correo: , genero: Femenino,BARRETO SANDOVAL MARIA LUISA,mlbarretos@udistrital.edu.co<br>Profesor: , correo: , genero: Masculino,BARRIOS JARA NELSON ENRIQUE,nebarriosj@udistrital.edu.co<br>Profesor: , correo: , genero: Masculino,BAUTISTA CANO RAFAEL,rbautistac@udistrital.edu.co<br>Profesor: , correo: , genero: Masculino,BAUTISTA HERRERA HAYDER OSWALDO,hbautista@udistrital.edu.co<br>Profesor: , correo: , genero: Masculino,BAYONA NAVARRO JHON FREDY,jfbayonan@udistrital.edu.co<br>Profesor: , correo: , genero: Femenino,BEJARANO GARZON LILIAN ASTRID,lbejarano@udistrital.edu.co<br>Profesor: , correo: , genero: Masculino,BEJARANO MARTIN JORGE DANIEL,jdbejaranom@udistrital.edu.co<br>Profesor: , correo: , genero: Femenino,BELLO RODRIGUEZ SANDRA PATRICIA,spbellor@udistrital.edu.co<br>Profesor: , correo: , genero: Masculino,BELTRAN BERNAL NESTOR ANDRES,nabeltranb@udistrital.edu.co<br>Profesor: , correo: , genero: Femenino,BELTRAN MORENO CYNTHIA VANESSA,cvbeltranm@udistrital.edu.co<br>Profesor: , correo: , genero: Masculino,BELTRAN PEÑA HECTOR FAROOK,hfbeltranp@udistrital.edu.co<br>Profesor: , correo: , genero: Masculino,BENITEZ FORERO JAIME ANTONIO,jbenitez@udistrital.edu.co<br>Profesor: , correo: , genero: Masculino,BERMUDEZ AMAYA MAURICIO ORLANDO,mobermudeza@udistrital.edu.co<br>Profesor: , correo: , genero: Masculino,BERMUDEZ MANJARRES ANDRES DARIO,adbermudezm@udistrital.edu.co<br>Profesor: , correo: , genero: Femenino,BERMUDEZ RAMIREZ NEFTALI,nbermudezr@udistrital.edu.co<br>Profesor: , correo: , genero: Masculino,BERNAL JIMENEZ JUAN MANUEL,jmbernalj@udistrital.edu.co<br>Profesor: , correo: , genero: Masculino,BERNAL MARTINEZ MANUEL,mbernalm@udistrital.edu.co<br>Profesor: , correo: , genero: Femenino,BERNAL PEÑA YURI CRISTIAN,ycbernalp@udistrital.edu.co<br>Profesor: , correo: , genero: Femenino,BERNAL SALINAS NAZZLY,nfbernals@udistrital.edu.co<br>Profesor: , correo: , genero: Masculino,BERNAL SUAREZ NESTOR RICARDO,nrbernals@udistrital.edu.co<br>Profesor: , correo: , genero: Masculino,BETANCUR RIOS JUAN DAVID,jdbetancurr@udistrital.edu.co<br>Profesor: , correo: , genero: Masculino,BLANCO NUÑEZ JOSE LUIS,jlblancon@udistrital.edu.co<br>Profesor: , correo: , genero: Masculino,BOCANEGRA JIMENEZ GUILLERMO ERNESTO,gebocanegraj@udistrital.edu.co<br>Profesor: , correo: , genero: Masculino,BOGOTA ANGEL RAUL GIOVANNI,rgbogota@udistrital.edu.co<br>Profesor: , correo: , genero: Femenino,BOHORQUEZ AREVALO LUZ ESPERANZA,lebohorqueza@udistrital.edu.co<br>Profesor: , correo: , genero: Femenino,BOHORQUEZ GONZALEZ PAULA,dpbohorquez@udistrital.edu.co<br>Profesor: , correo: , genero: Femenino,BOHORQUEZ RAIRAN ANGELA MARCELA,ambohorquez@udistrital.edu.co<br>Profesor: , correo: , genero: Femenino,BOHORQUEZ SOTELO MARIA CRISTINA,mcbohorquezs@udistrital.edu.co<br>Profesor: , correo: , genero: Masculino,BOLAÑOS CASTRO SANDRO JAVIER,sbolanos@udistrital.edu.co<br>Profesor: , correo: , genero: Femenino,BONILLA PATARROYO YUDY ROCIO,yrbonillap@udistrital.edu.co<br>Profesor: , correo: , genero: Femenino,BONILLA ROMERO CLARA INES,cibonilla@udistrital.edu.co<br>Profesor: , correo: , genero: Masculino,BONILLA ROMERO JULIO HERNAN,jbonilla@udistrital.edu.co<br>Profesor: , correo: , genero: Femenino,BONZA PEREZ NIRIA PASTORA,npbonzap@udistrital.edu.co<br>Profesor: , correo: , genero: Masculino,BORRERO GUERRERO HENRY,hbguerrero@udistrital.edu.co<br>Profesor: , correo: , genero: Femenino,BOTIA FLECHAS CLARA JUDYTH,cjbotiaf@udistrital.edu.co<br>Profesor: , correo: , genero: Femenino,BUITRAGO ALVARADO LUZ MERY,lmbuitragoa@udistrital.edu.co<br>Profesor: , correo: , genero: Masculino,BUITRAGO ARRIGUI JAIME,jbuitragoa@udistrital.edu.co<br>Profesor: , correo: , genero: Masculino,BUSTAMANTE LOZANO ALVARO MAURICIO,ambustamantel@udistrital.edu.co<br>Profesor: , correo: , genero: Masculino,BUSTOS CALDAS EDGAR ARTURO,eabustosc@udistrital.edu.co<br>Profesor: , correo: , genero: Masculino,BUSTOS VELASCO EDIER HERNAN,ehbustosv@udistrital.edu.co<br>Profesor: , correo: , genero: Femenino,BUSTOS VELASCO VIVIAN ANDREA,vabustosv@udistrital.edu.co<br>Profesor: , correo: , genero: Masculino,CABRERA BARRERA ELKIN EMIR,eecabrerab@udistrital.edu.co<br>Profesor: , correo: , genero: Femenino,CABRERA MARTINEZ XIOMARA ALEJANDRA,xacabreram@udistrital.edu.co<br>Profesor: , correo: , genero: Masculino,CABUYA PARRA GERMAN,gcabuyap@udistrital.edu.co<br>Profesor: , correo: , genero: Masculino,CACERES JARAMILLO JUAN FERNANDO,cjjuanf@udistrital.edu.co<br>Profesor: , correo: , genero: Femenino,CACERES RUEDA SANDRA BIBIANA,sbcaceresr@udistrital.edu.co<br>Profesor: , correo: , genero: Femenino,CALDERON GACHARNA HERLINDA ESPERANZA,ecalderon@udistrital.edu.co<br>Profesor: , correo: , genero: Femenino,CALDERON MARIA EUGENIA,mcalderon@udistrital.edu.co<br>Profesor: , correo: , genero: Masculino,CALDERON ORJUELA FRANCIS IVAN,ficalderono@udistrital.edu.co<br>Profesor: , correo: , genero: Femenino,CALVO CORREA MARTHA PATRICIA,mpcalvoc@udistrital.edu.co<br>Profesor: , correo: , genero: Femenino,CAMARGO CASALLAS LUZ HELENA,lhcamargoc@udistrital.edu.co<br>Profesor: , correo: , genero: Masculino,CANO BARRAGAN FABIAN,fcanob@udistrital.edu.co<br>Profesor: , correo: , genero: Masculino,CAÑON BUITRAGO ELKIN DARIO,edcanonb@udistrital.edu.co<br>Profesor: , correo: , genero: Masculino,CAÑON RINCON CARLOS ALBERTO,cacanonr@udistrital.edu.co<br>Profesor: , correo: , genero: Masculino,CANTILLO HIGUERA EDGARD ERNESTO,ecantillo@udistrital.edu.co<br>Profesor: , correo: , genero: Masculino,CARDENAS CASTIBLANCO JOSE ROBERTO,rcardenas@udistrital.edu.co<br>Profesor: , correo: , genero: Masculino,CARDENAS CONTRERAS ANDRES,acardenas@udistrital.edu.co<br>Profesor: , correo: , genero: Masculino,CARDENAS GARZON JOHN MARIO,jmcardenasg@udistrital.edu.co<br>Profesor: , correo: , genero: Masculino,CARDENAS LEON JORGE ALONSO,fluoreciencia@udistrital.edu.co<br>Profesor: , correo: , genero: Femenino,CARDENAS MONASALVA ILEANA ROMEA,ircardenasm@udistrital.edu.co<br>Profesor: , correo: , genero: Masculino,CARDENAS QUINTERO BEITMANTT GEOVANNI,bgcardenasq@udistrital.edu.co<br>Profesor: , correo: , genero: Masculino,CARDENAS ROMERO JOHN FREDY,jfcardenasr@udistrital.edu.co<br>Profesor: , correo: , genero: Femenino,CARDENAS TORRES LUZ FABIOLA,lfcardenast@udistrital.edu.co<br>Profesor: , correo: , genero: Femenino,CARDONA LONDOÑO CLAUDIA MARIA,cmcardonal@udistrital.edu.co<br>Profesor: , correo: , genero: Masculino,CARDONA VASQUEZ JORGE ANDRES,jacardonav@udistrital.edu.co<br>Profesor: , correo: , genero: Masculino,CARO GOMEZ AURELIO,acarog@udistrital.edu.co<br>Profesor: , correo: , genero: Masculino,CARREÑO CARREÑO ALVARO,acarrenoc@udistrital.edu.co<br>Profesor: , correo: , genero: Masculino,CARVAJAL ROJAS LINDON,lcarvajal@udistrital.edu.co<br>Profesor: , correo: , genero: Masculino,CASTAÑEDA FANDIÑO JOSE IGNACIO,icastaneda@udistrital.edu.co<br>Profesor: , correo: , genero: Masculino,CASTELBLANCO DAVID ALEXANDER,dacastelblancoh@udistrital.edu.co<br>Profesor: , correo: , genero: Masculino,CASTELLANOS CONTRERA JOSE ULISES,jucastellanosc@udistrital.edu.co<br>Profesor: , correo: , genero: Masculino,CASTELLANOS GARCIA CESAR ALBERTO,ceacastellanosg@udistrital.edu.co<br>Profesor: , correo: , genero: Masculino,CASTELLANOS JOSE HUGO,jcastellanos@udistrital.edu.co<br>Profesor: , correo: , genero: Femenino,CASTELLANOS MENJURA CLAUDIA PATRICIA,claudiac@udistrital.edu.co<br>Profesor: , correo: , genero: Masculino,CASTELLAR POLANIA ADRIAN,acastellarp@udistrital.edu.co<br>Profesor: , correo: , genero: Femenino,CASTILLO BARRAGAN LUZ MALLY,lmcastillob@udistrital.edu.co<br>Profesor: , correo: , genero: Masculino,CASTILLO BARRIOS JUAN CARLOS,juccastillob@udistrital.edu.co<br>Profesor: , correo: , genero: Masculino,CASTILLO GARCIA FRANCISCO,fjcastillog@udistrital.edu.co<br>Profesor: , correo: , genero: Masculino,CASTILLO MENDEZ LUIS EDUARDO,lecastillom@udistrital.edu.co<br>Profesor: , correo: , genero: Masculino,CASTILLO MOSQUERA LUIS HERNANDO,lhcastillom@udistrital.edu.co<br>Profesor: , correo: , genero: Masculino,CASTILLO PINILLA ALVARO FERNANDO,afcastillop@udistrital.edu.co<br>Profesor: , correo: , genero: Masculino,CASTRO LOPEZ WILLIAM ANDRES,wacastrol@udistrital.edu.co<br>Profesor: , correo: , genero: Masculino,CASTRO ORTEGA CARLOS HERNAN,chcastroo@udistrital.edu.co<br>Profesor: , correo: , genero: Masculino,CASTRO SANTAMARIA MOISES,mocastros@udistrital.edu.co<br>Profesor: , correo: , genero: Masculino,CASTRO TURRIAGO JESUS AUGUSTO,jacastrot@udistrital.edu.co<br>Profesor: , correo: , genero: Femenino,CASTRO VALENCIA DIANA MARIA,dmcastrov@udistrital.edu.co<br>Profesor: , correo: , genero: Masculino,CASTRO WILLIAM,wcastror@udistrital.edu.co<br>Profesor: , correo: , genero: Masculino,CAVIEDES AGUDELO CARLOS ANDRES,cacaviedes@udistrital.edu.co<br>Profesor: , correo: , genero: Femenino,CEDEÑO MEDINA ELSY ROCIO,ercedenom@udistrital.edu.co<br>Profesor: , correo: , genero: Masculino,CEPEDA THIRIAT MIGUEL MAURICIO,mmcepedat@udistrital.edu.co<br>Profesor: , correo: , genero: Femenino,CETINA SEGURA JUANITA,jcetinas@udistrital.edu.co<br>Profesor: , correo: , genero: Masculino,CHICANGANA LOPEZ ARMANDO,achicanganal@udistrital.edu.co<br>Profesor: , correo: , genero: Masculino,CHITTIVA RODRIGUEZ DARIO ALEXANDER,dachitivar@udistrital.edu.co<br>Profesor: , correo: , genero: Masculino,CIFUENTES CONTRERAS GERMAN,gcifuentes@udistrital.edu.co<br>Profesor: , correo: , genero: Masculino,CIFUENTES CRUZ WILLIAM,willcifuentesc@udistrital.edu.co<br>Profesor: , correo: , genero: Masculino,CLAROS LOPEZ DIEGO ALEXANDER,daclarosl@udistrital.edu.co<br>Profesor: , correo: , genero: Masculino,COMBARIZA CASTAÑO JUAN MANUEL,jmcombarizac@udistrital.edu.co<br>Profesor: , correo: , genero: Masculino,COMBITA ALFONSO LUIS FRANCISCO,lfcombita@udistrital.edu.co<br>Profesor: , correo: , genero: Masculino,CONGOTE OCHOA BERNARDO DE JESUS,bjcongoteo@udistrital.edu.co<br>Profesor: , correo: , genero: Masculino,CONTRERAS BRAVO LEONARDO EMIRO,lecontr', '2024-06-17', '22:00:12', '181.53.14.181', 'Linux', 'Chrome', 2);
INSERT INTO `LogAdministrador` (`idLogAdministrador`, `accion`, `informacion`, `fecha`, `hora`, `ip`, `so`, `explorador`, `administrador_idAdministrador`) VALUES
(127, 'Editar Profesor', 'Nombre: ACEVEDO FANDIÑO MARYBEL; Correo: macevedof@udistrital.edu.co; Genero: Femenino', '2024-06-17', '22:22:30', '181.53.14.181', 'Linux', 'Chrome', 2),
(128, 'Editar Profesor', 'Nombre: ACEVEDO FANDI; Correo: macevedof@udistrital.edu.co; Genero: Femenino', '2024-06-17', '22:22:59', '181.53.14.181', 'Linux', 'Chrome', 2),
(129, 'Editar Profesor', 'Nombre: OLARTE TORRES JAVIER ALBERTO; Correo: jaolartet@udistrital.edu.co; Genero: Masculino', '2024-06-17', '22:43:33', '181.53.14.181', 'Linux', 'Chrome', 2),
(130, 'Log In', '', '2024-06-18', '10:12:39', '190.27.28.102', 'Linux', 'Chrome', 1),
(131, 'Crear Profesor Archivo', 'Cantidad: 1276', '2024-06-18', '11:09:46', '190.27.28.102', 'Linux', 'Chrome', 1),
(132, 'Log In', '', '2024-06-18', '21:50:27', '190.25.66.139', 'Linux', 'Chrome', 1),
(133, 'Crear Profesor Archivo', 'Cantidad: 1276', '2024-06-18', '21:50:44', '190.25.66.139', 'Linux', 'Chrome', 1),
(134, 'Editar Referencia', 'Comentario: <p>Se puede aprender mucho con este profesor si se le hace preguntas y es sencillo pasar</p>; Pros: ; Contras: ; Periodo: 2023-1; Fecha: 2024-06-17; Estado: 1; Profesor: FINO SANDOVAL RAFAEL ALBERTO;; Curso: ELECTRONICA INDUSTRIAL;; Estudiante: Hayden Sharif Bello Sandoval;; Programa: Tecnología en Electrónica Industrial (Por ciclos propedéuticos);; Rango De Nota: Entre 40 y 49', '2024-06-18', '22:02:26', '190.25.66.139', 'Linux', 'Chrome', 1),
(135, 'Log In', '', '2024-06-19', '09:23:24', '190.25.66.139', 'Linux', 'Chrome', 1);

-- --------------------------------------------------------

--
-- Table structure for table `LogEstudiante`
--

CREATE TABLE `LogEstudiante` (
  `idLogEstudiante` int(11) NOT NULL,
  `accion` varchar(100) COLLATE utf8_unicode_ci NOT NULL,
  `informacion` text COLLATE utf8_unicode_ci NOT NULL,
  `fecha` date NOT NULL,
  `hora` time NOT NULL,
  `ip` varchar(45) COLLATE utf8_unicode_ci NOT NULL,
  `so` varchar(45) COLLATE utf8_unicode_ci NOT NULL,
  `explorador` varchar(45) COLLATE utf8_unicode_ci NOT NULL,
  `estudiante_idEstudiante` int(11) NOT NULL
) ENGINE=InnoDB DEFAULT CHARSET=utf8 COLLATE=utf8_unicode_ci TABLESPACE `itiud_referencialos_ud`;

--
-- Dumping data for table `LogEstudiante`
--

INSERT INTO `LogEstudiante` (`idLogEstudiante`, `accion`, `informacion`, `fecha`, `hora`, `ip`, `so`, `explorador`, `estudiante_idEstudiante`) VALUES
(1, 'Log In', '', '2024-06-06', '14:27:48', '190.27.28.102', 'Linux', 'Chrome', 1),
(2, 'Editar Profile Foto in Estudiante', 'Foto: image/1717702461.png', '2024-06-06', '14:34:21', '190.27.28.102', 'Linux', 'Chrome', 1),
(3, 'Editar Profile Foto in Estudiante', 'Foto: image/1717702474.png', '2024-06-06', '14:34:34', '190.27.28.102', 'Linux', 'Chrome', 1),
(4, 'Log In', '', '2024-06-06', '14:42:39', '190.27.28.102', 'Linux', 'Chrome', 6),
(5, 'Solicitar Agregar Profesor', 'Nombre: Fulano de Tal; Programa: Tecnología en Sistematización de Datos (Por ciclos propedéuticos)', '2024-06-06', '14:46:11', '190.27.28.102', 'Linux', 'Chrome', 6),
(6, 'Solicitar Agregar Profesor', 'Nombre: Fulano de Tal; Programa: Tecnología en Sistematización de Datos (Por ciclos propedéuticos)', '2024-06-06', '14:47:50', '190.27.28.102', 'Linux', 'Chrome', 6),
(7, 'Solicitar Agregar Profesor', 'Nombre: Fulano de Tal; Programa: Tecnología en Sistematización de Datos (Por ciclos propedéuticos)', '2024-06-06', '14:48:29', '190.27.28.102', 'Linux', 'Chrome', 6),
(8, 'Solicitar Agregar Profesor', 'Nombre: Prueba; Programa: Tecnología en Sistematización de Datos (Por ciclos propedéuticos)', '2024-06-06', '14:51:11', '190.27.28.102', 'Linux', 'Chrome', 6),
(9, 'Solicitar Agregar Profesor', 'Nombre: Prueba; Programa: Tecnología en Sistematización de Datos (Por ciclos propedéuticos)', '2024-06-06', '14:52:07', '190.27.28.102', 'Linux', 'Chrome', 6),
(10, 'Solicitar Agregar Curso', 'Nombre: Calculo 4; Programa: Tecnología en Sistematización de Datos (Por ciclos propedéuticos)', '2024-06-06', '14:55:56', '190.27.28.102', 'Linux', 'Chrome', 6),
(11, 'Solicitar Agregar Profesor', 'Nombre: profe de prueba; Programa: Archivística y Gestión de la Información Digital', '2024-06-06', '14:58:35', '190.27.28.102', 'Linux', 'Chrome', 6),
(12, 'Solicitar Agregar Referencia', 'Profesor: PINZON NUÑEZ SONIA ALEXANDRA; Curso: ; Programa: Tecnología en Sistematización de Datos (Por ciclos propedéuticos)', '2024-06-06', '15:01:43', '190.27.28.102', 'Linux', 'Chrome', 6),
(13, 'Solicitar Agregar Referencia', 'Profesor: PINZON NUÑEZ SONIA ALEXANDRA; Curso: PROGRAMACION MULTINIVEL; Programa: Tecnología en Sistematización de Datos (Por ciclos propedéuticos)', '2024-06-06', '15:06:31', '190.27.28.102', 'Linux', 'Chrome', 6),
(14, 'Solicitar Agregar Referencia', 'Profesor: RODRIGUEZ GUERRERO ROCIO; Curso: PROGRAMACION MULTINIVEL; Programa: Tecnología en Sistematización de Datos (Por ciclos propedéuticos)', '2024-06-06', '15:17:01', '190.27.28.102', 'Linux', 'Chrome', 6),
(15, 'Log In', '', '2024-06-08', '16:05:56', '179.32.128.82', 'Linux', 'Chrome', 6),
(16, 'Editar Profile Estudiante', 'Nombre: Arturo; Apellido: Fernandez; Correo: haflorezf@udistrital.edu.co; Telefono: ; Celular: ; Periodo De Ingreso: 2024-1; Fecha De Nacimiento: 1981-06-09; Fecha De Registro: 2024-06-06; Genero: Masculino', '2024-06-08', '16:06:30', '179.32.128.82', 'Linux', 'Chrome', 6),
(17, 'Solicitar Agregar Referencia', 'Profesor: ROMERO GARCIA MARILUZ; Curso: BASES DE DATOS; Programa: Tecnología en Sistematización de Datos (Por ciclos propedéuticos)', '2024-06-08', '16:06:54', '179.32.128.82', 'Linux', 'Chrome', 6),
(18, 'Log In', '', '2024-06-08', '17:51:51', '181.53.12.231', 'Linux', 'Chrome', 4),
(19, 'Crear Referencia', 'Periodo: 2023-1; Comentario: <p>Es una docente bastante amable, exige lo básico al momento de dictar las clases o de realizar las actividades, en lo que recuerdo para los exámenes que realiza son respecto a lecturas en su mayoría cortas que deja con al menos una semana de anticipación. Con ella es fácil aprender y pasar si realiza todas las actividades que pide.</p>; Pros: Es muy buena docente, considero que tiene muy buena pedagogía, pues demuestra tener dominio sobre los temas, sus clases son dinámicas lo que ayuda a un mejor aprendizaje, es bastante respetuosa con sus estudiantes y sus formas de evaluar son justas.; Contras: ; Fecha: 2024-06-08; Estado: 1; Profesor: DIAZ RODRIGUEZ MIRTA ROCIO; Curso: COMPRENSION Y PRODUCCION DE TEXTOS; Programa: Tecnología en Sistematización de Datos (Por ciclos propedéuticos); Rango De Nota: Entre 40 y 49', '2024-06-08', '18:20:08', '181.53.12.231', 'Linux', 'Chrome', 4),
(20, 'Log In', '', '2024-06-09', '13:01:57', '186.168.254.157', 'Linux', 'Chrome', 7),
(21, 'Crear Referencia', 'Periodo: 2024-1; Comentario: <p>El profesor usa diapositivas viejas para explicar los temas, y estas tienen varios errores los cuales tienen que ser aclarados por él en la clase, cabe aclarar que estaba realizando la transición a diapositivas actualizadas y corregidas, es un profesor que tienen una metodología similar en la mayoría de sus materias y la sensación en la misma; \"él profesor sabe mucho, es muy bueno explicando pero así mismo le exige a sus estudiantes\", muy pasable con esfuerzo y muy recomendable</p>; Pros: ; Contras: ; Fecha: 2024-06-09; Estado: 1; Profesor: RIVERA AGUILAR FREDY ALEXANDER; Curso: PROBABILIDAD Y ESTADISTICA; Programa: Tecnología en Electrónica Industrial (Por ciclos propedéuticos); Rango De Nota: Entre 40 y 49', '2024-06-09', '13:10:11', '186.168.254.157', 'Linux', 'Chrome', 7),
(22, 'Crear Referencia', 'Periodo: 2024-1; Comentario: Es un profesor que vela por los estudiantes y usa metodologías totalmente distintas, pese a que te asegura una muy buena nota al empezar el curso, el aprendizaje es dificultoso, es muy amable y trata de ser amigo de los estudiantes, para poder aprender con él hay que quitarle el miedo o la pena de preguntar, sus explicaciones suelen ser extrañas ya que son visionadas de una forma muy distinta pero en general si te gusta el tema es un gran profesor para resolver dudas, su estado de salud muchas veces no le permite asistir a clase.; Pros: ; Contras: ; Fecha: 2024-06-09; Estado: 1; Profesor: RAMIREZ ESCOBAR JORGE FEDERICO; Curso: SEÑALES Y SISTEMAS; Programa: Tecnología en Electrónica Industrial (Por ciclos propedéuticos); Rango De Nota: 50', '2024-06-09', '13:17:06', '186.168.254.157', 'Linux', 'Chrome', 7),
(23, 'Crear Referencia', 'Periodo: 2024-1; Comentario: <p>El profesor es muy versátil pero muy relajado, su materia se basa en talleres y leer diapositivas lo que suele aburrir al curso, si se tienen las ganas se puede aprender bastante pero normalmente sus clases son tediosas incluso durando al rededor de una hora</p>; Pros: ; Contras: ; Fecha: 2024-06-09; Estado: 1; Profesor: GARCIA ARRAZOLA ENRIQUE JOSE; Curso: ADMINISTRACION; Programa: Tecnología en Electrónica Industrial (Por ciclos propedéuticos); Rango De Nota: Entre 40 y 49', '2024-06-09', '13:21:08', '186.168.254.157', 'Linux', 'Chrome', 7),
(24, 'Crear Referencia', 'Periodo: 2024-1; Comentario: <p>Harold Vacca es uno de los mejores profesores en temas de la matemática que la Facultad tiene actualmente, su método de enseñanza es complejo pero bastante divertido, sus método de calificación es muy versátil, aunque se dejen talleres larguísimos y difíciles, el tiempo para realizarlos es más que justo.</p>; Pros: ; Contras: ; Fecha: 2024-06-09; Estado: 1; Profesor: VACCA GONZALEZ HAROLD; Curso: MATEMATICAS ESPECIALES; Programa: Tecnología en Electrónica Industrial (Por ciclos propedéuticos); Rango De Nota: Entre 40 y 49', '2024-06-09', '13:25:27', '186.168.254.157', 'Linux', 'Chrome', 7),
(25, 'Log In', '', '2024-06-09', '21:55:52', '190.66.212.251', 'Linux', 'Chrome', 6),
(26, 'Log In', '', '2024-06-10', '12:49:50', '181.53.14.181', 'Linux', 'Chrome', 7),
(27, 'Log In', '', '2024-06-11', '17:52:49', '190.66.212.251', 'Linux', 'Chrome', 6),
(28, 'Denunciar Referencia', 'Argumento: <p>Denuncia de prueba</p>; Tipo de denuncia: Referencia falsa', '2024-06-11', '17:56:56', '190.66.212.251', 'Linux', 'Chrome', 6),
(29, 'Denunciar Referencia', 'Comentario de la referencia: <p>El profesor presenta buenos conceptos teóricos, sin embargo, es muy estricto y serio, no se va a molestar en aclarar dudas en el código. \"Si entendió bien y si no también\", así lo resumiría.&nbsp;</p>; Argumento: <p>Prueba</p>; Tipo de denuncia: Lenguaje inapropiado', '2024-06-11', '18:01:50', '190.66.212.251', 'Linux', 'Chrome', 6),
(30, 'Log In', '', '2024-06-11', '18:21:46', '190.66.212.251', 'Linux', 'Chrome', 6),
(31, 'Log In', '', '2024-06-12', '14:01:43', '190.66.212.251', 'Linux', 'Chrome', 6),
(32, 'Log In', '', '2024-06-12', '21:00:30', '190.66.212.251', 'Linux', 'Chrome', 6),
(33, 'Log In', '', '2024-06-13', '15:55:20', '181.53.14.181', 'Linux', 'Chrome', 1),
(34, 'Crear Referencia', 'Periodo: 2024-1; Comentario: La profesora explica muy bien los temas, lo que facilita la comprensión por parte de los estudiantes. Sin embargo, no proporciona suficientes ejercicios prácticos que permitan a los alumnos adquirir un dominio completo de los conceptos. Además, la evaluación no se percibe como equitativa, considerando lo expuesto en clase. No ofrece retroalimentación sobre los trabajos asignados, lo que dificulta la mejora continua. Los parciales presentan un nivel de dificultad superior al contenido de las clases o a los problemas resueltos durante las sesiones.; Pros: <ul><li>Explica bien</li></ul>; Contras: <ul><li>Los parciales son complicados</li><li>No proporciona suficientes ejercicios de practica, para el nivel del parcial</li></ul>; Fecha: 2024-06-13; Estado: 1; Profesor: VELASQUEZ MOYA XIMENA AUDREY; Curso: FISICA II: ELECTROMAGNETISMO; Programa: Tecnología en Sistematización de Datos (Por ciclos propedéuticos); Rango De Nota: Entre 30 y 39', '2024-06-13', '16:53:08', '181.53.14.181', 'Linux', 'Chrome', 1),
(35, 'Crear Referencia', 'Periodo: 2023-3; Comentario: <p>Es sencillo, pasar con él, es cuestion de asistir a sus clases y de manera puntual. No deja trabajos y toma nota por asistencia.</p>; Pros: <ul><li>No deja tareas</li><li>Puedes asistir en el bloque de clase que tu quieras o al que se te haga mas comodo.</li></ul>; Contras: ; Fecha: 2024-06-13; Estado: 1; Profesor: AVENDAÑO AVENDAÑO EUSEBIO; Curso: CATEDRA DE CONTEXTO; Programa: Tecnología en Sistematización de Datos (Por ciclos propedéuticos); Rango De Nota: Entre 40 y 49', '2024-06-13', '18:13:55', '181.53.14.181', 'Linux', 'Chrome', 1),
(36, 'Crear Referencia', 'Periodo: 2023-3; Comentario: <p>No tiene una buena metodologia, hace uso de muchas diapositivas y no otorga ningun ejercicio para poder entender los temas que se ven en clase. Ademas sus parciales no son acordes a lo hecho en clase. Tienes que hacer mucho trabajo autonomo.</p>; Pros: <ul><li>Da puntos en el parcial por asistir a monitorias, pero no aseguro nada, hizo eso en el periodo 2023-3</li><li>Es un profesor muy respetuoso y amable</li></ul>; Contras: <ul><li>No hace ejercicios de practica</li><li>Usa muchas diapositivas</li></ul>; Fecha: 2024-06-13; Estado: 1; Profesor: CAÑAS VARON DAVID LEONARDO; Curso: FISICA I: MECANICA NEWTONIANA; Programa: Tecnología en Sistematización de Datos (Por ciclos propedéuticos); Rango De Nota: Entre 40 y 49', '2024-06-13', '19:05:17', '181.53.14.181', 'Linux', 'Chrome', 1),
(37, 'Log In', '', '2024-06-13', '20:50:22', '45.238.182.210', 'Linux', 'Chrome', 9),
(38, 'Log In', '', '2024-06-13', '20:50:52', '45.238.181.227', 'Linux', 'Chrome', 11),
(39, 'Log In', '', '2024-06-13', '20:51:28', '181.61.246.116', 'Linux', 'Chrome', 12),
(40, 'Log In', '', '2024-06-13', '21:43:32', '186.81.59.84', 'Linux', 'Chrome', 17),
(41, 'Crear Referencia', 'Periodo: 2024-1; Comentario: <p>Una excelente profesora, su pedagogía hace que la materia sea amena y nutritiva, ciertamente al ver bases de datos I y bases de datos avanzadas sea un camino relativamente más fácil, no quita el hecho que ella lo guía y le ayuda en su formación académica.</p>; Pros: ; Contras: ; Fecha: 2024-06-13; Estado: 1; Profesor: HERNANDEZ GARCIA CLAUDIA LILIANA; Curso: BASES DE DATOS DISTRIBUIDAS; Programa: Tecnología en Sistematización de Datos (Por ciclos propedéuticos); Rango De Nota: 50', '2024-06-13', '21:48:11', '186.81.59.84', 'Linux', 'Chrome', 17),
(42, 'Log In', '', '2024-06-13', '22:03:36', '181.53.14.181', 'Linux', 'Chrome', 1),
(43, 'Log In', '', '2024-06-13', '22:06:42', '181.134.34.74', 'Linux', 'Safari', 18),
(44, 'Crear Referencia', 'Periodo: 2023-3; Comentario: El profesor tiene una metodologia muy buena, explica muy bien los temas, se aprende mucho cada clase, nos hace repaso del curso anterios, en este caso introduccion a algoritmos.; Pros: <ul><li>Es un profesor muy carismatico y amable</li><li>Explica super bien</li></ul>; Contras: ; Fecha: 2024-06-13; Estado: 1; Profesor: VARGAS SANCHEZ NELSON ARMANDO; Curso: ESTRUCTURA DE DATOS; Programa: Tecnología en Sistematización de Datos (Por ciclos propedéuticos); Rango De Nota: Entre 40 y 49', '2024-06-13', '22:30:55', '181.53.14.181', 'Linux', 'Chrome', 1),
(45, 'Crear Referencia', 'Periodo: 2024-1; Comentario: Es un buen profesor, su metodologia está bien para la clase, es exigente, desarrolla los temas de la clase basados en las ideas de un pensador sonbre las ciencias de la naturaleza humana.; Pros: <ul><li>Es un profesor muy amable&nbsp;</li><li>Otroga puntos por participación</li></ul>; Contras: ; Fecha: 2024-06-13; Estado: 1; Profesor: CRUZ RAMIREZ JOHN ALEXANDER; Curso: CIENCIA TECNOLOGIA Y SOCIEDAD; Programa: Tecnología en Sistematización de Datos (Por ciclos propedéuticos); Rango De Nota: Entre 40 y 49', '2024-06-13', '22:42:00', '181.53.14.181', 'Linux', 'Chrome', 1),
(46, 'Crear Referencia', 'Periodo: 2024-1; Comentario: La clase consiste en exposiciones, todos los temas fueron expuestos por los estudiantes ya que es un curso totalmente teorico, pero esta metodologia causa que los estudisntes no logren comprender correctamente los temas, a pesar de eso el profesor es bastante relajado con las notas, pero muy exigente con la calidad de la exposicion, igualmente al final de cada exposicion el profesor siempre hace una pequeña explicacion sobre el tema. Siempre hace acuerdos con los estudiantes para ajustar la metodologia y el metodo de evalucion al gusto de los estudiantes, es un profesor muy amable y repetuoso, tiene un total control sobre la clase y no permite las distracciones durante las exposiciones.; Pros: <ul><li>Permite que los estudiantes ajusten la metodologia de la clase.</li><li>Es muy amable, respetuoso y busca que los estudiantes se sientan bien en las clases.</li></ul>; Contras: ; Fecha: 2024-06-13; Estado: 1; Profesor: BERDUGO ROMERO EDWING OSWALDO; Curso: FUNDAMENTOS DE ORGANIZACIÓN; Programa: Tecnología en Sistematización de Datos (Por ciclos propedéuticos); Rango De Nota: Entre 30 y 39', '2024-06-13', '23:06:30', '181.53.14.181', 'Linux', 'Chrome', 1),
(47, 'Log In', '', '2024-06-14', '00:18:21', '181.59.148.107', 'Linux', 'Chrome', 19),
(48, 'Log In', '', '2024-06-14', '08:40:06', '201.185.103.43', 'Linux', 'Chrome', 23),
(49, 'Log In', '', '2024-06-14', '09:03:33', '179.19.105.81', 'Linux', 'Chrome', 24),
(50, 'Log In', '', '2024-06-14', '12:44:30', '181.53.12.109', 'Linux', 'Chrome', 26),
(51, 'Log In', '', '2024-06-14', '18:51:20', '179.19.58.72', 'Linux', 'Safari', 18),
(52, 'Log In', '', '2024-06-14', '19:02:36', '191.95.51.202', 'Linux', 'Safari', 27),
(53, 'Log In', '', '2024-06-14', '19:17:27', '186.28.77.75', 'Linux', 'Chrome', 29),
(54, 'Log In', '', '2024-06-14', '19:34:53', '181.237.45.249', 'Linux', 'Chrome', 30),
(55, 'Log In', '', '2024-06-14', '19:38:33', '186.99.147.63', 'Linux', 'Chrome', 5),
(56, 'Log In', '', '2024-06-14', '19:38:35', '186.99.149.252', 'Linux', 'Chrome', 31),
(57, 'Log In', '', '2024-06-14', '19:46:25', '181.59.2.27', 'Linux', 'Chrome', 32),
(58, 'Log In', '', '2024-06-14', '19:47:01', '186.81.59.78', 'Linux', 'Chrome', 17),
(59, 'Log In', '', '2024-06-14', '19:51:12', '181.53.13.22', 'Linux', 'Firefox', 34),
(60, 'Log In', '', '2024-06-14', '19:56:49', '190.27.184.229', 'Linux', 'Chrome', 33),
(61, 'Log In', '', '2024-06-14', '20:05:46', '181.59.2.9', 'Linux', 'Chrome', 36),
(62, 'Log In', '', '2024-06-14', '20:16:28', '181.61.204.154', 'Linux', 'Chrome', 28),
(63, 'Log In', '', '2024-06-14', '20:21:05', '181.53.12.126', 'Linux', 'Chrome', 13),
(64, 'Log In', '', '2024-06-14', '20:23:48', '186.144.95.2', 'Linux', 'Chrome', 20),
(65, 'Solicitar Agregar Referencia', 'Profesor: ARCO MUÑOZ NOE; Curso: PROGRAMACION AVANZADA; Programa: Tecnología en Sistematización de Datos (Por ciclos propedéuticos)', '2024-06-14', '20:28:14', '186.144.95.2', 'Linux', 'Chrome', 20),
(66, 'Crear Referencia', 'Periodo: 2024-1; Comentario: <p>Es un profesor fácil de pasarle, se puede pasar con el mínimo esfuerzo pero no es recomendable tomar su curso si esperan salir con un buen dominio de la materia.</p>; Pros: ; Contras: ; Fecha: 2024-06-14; Estado: 1; Profesor: ARCO MUÑOZ NOE; Curso: PROGRAMACION AVANZADA; Programa: Tecnología en Sistematización de Datos (Por ciclos propedéuticos); Rango De Nota: Entre 30 y 39', '2024-06-14', '20:39:45', '186.144.95.2', 'Linux', 'Chrome', 20),
(67, 'Log In', '', '2024-06-14', '20:41:44', '181.140.77.135', 'Linux', 'Chrome', 35),
(68, 'Crear Referencia', 'Periodo: 2024-1; Comentario: <p>Bastante bueno, ameniza sus clases con sus chistes (no muy buenos) pero es una persona bastante colaboradora con las notas y plazos de entrega</p>; Pros: <p>Explicaciones claras y concisas, tiempos de entrega flexibles, ayudas de apuntes en los parciales</p>; Contras: Por mi parte no tuve ninguno; Fecha: 2024-06-14; Estado: 1; Profesor: DE ARMAS COSTA RICARDO; Curso: CALCULO INTEGRAL; Programa: Ingeniería en Telemática (por ciclos propedéuticos); Rango De Nota: Entre 30 y 39', '2024-06-14', '20:43:22', '181.53.12.126', 'Linux', 'Chrome', 13),
(69, 'Log In', '', '2024-06-14', '20:45:15', '179.19.85.240', 'Linux', 'Chrome', 38),
(70, 'Crear Referencia', 'Periodo: 2023-1; Comentario: Es un profesor que sí sabe explicar los temas, pero es demaciado estresante tomar su curso.; Pros: ; Contras: <p>El profesor no aclara bien el criterio de evaluación de los talleres, por lo que la mayoria de los estudiantes no los entregan él esperaba y terminan sacando baja nota. Sin embargo el profesor insiste en que el taller estaba BIEN EXPLICADO.</p>; Fecha: 2024-06-14; Estado: 1; Profesor: FUQUENE ARDILA HECTOR JULIO; Curso: PROGRAMACION ORIENTADA A OBJETOS; Programa: Tecnología en Sistematización de Datos (Por ciclos propedéuticos); Rango De Nota: Entre 20 y 29', '2024-06-14', '20:57:40', '186.144.95.2', 'Linux', 'Chrome', 20),
(71, 'Crear Referencia', 'Periodo: 2024-1; Comentario: <p>Es un profesor fácil de pasarle, se puede pasar con el mínimo esfuerzo pero no es recomendable tomar su curso si esperan salir con un buen dominio de la materia.</p>; Pros: ; Contras: ; ; Profesor: ARCO MUÑOZ NOE; Curso: PROGRAMACION AVANZADA; Programa: Tecnología en Sistematización de Datos (Por ciclos propedéuticos); Rango De Nota: Entre 30 y 39', '2024-06-14', '20:58:44', '186.144.95.2', 'Linux', 'Chrome', 20),
(72, 'Log In', '', '2024-06-14', '21:03:00', '186.81.59.61', 'Linux', 'Chrome', 40),
(73, 'Log In', '', '2024-06-14', '21:07:11', '186.84.88.199', 'Linux', 'Chrome', 42),
(74, 'Crear Referencia', 'Periodo: 2024-1; Comentario: Deja una exposición por grupos cada corte y cada grupo debe hacer una pregunta, esas preguntas se unen en un informe al finalizar cada corte, es muy fácil pasar, las clases son solo la exposición del grupo correspondiente y ya, por lo que tienen a durar menos de una hora; Pros: Es demasiado relajada; Contras: <p>Las clases tienden a ser aburridas teniendo en cuenta que solo son exposiciones&nbsp;</p>; Fecha: 2024-06-14; Estado: 1; Profesor: LUGO GONZALEZ LUZ MARINA; Curso: ETICA Y SOCIEDAD; Programa: Tecnología en Gestión de la Producción Industrial (Por ciclos propedéuticos); Rango De Nota: Entre 40 y 49', '2024-06-14', '21:21:35', '186.81.59.61', 'Linux', 'Chrome', 40),
(75, 'Crear Referencia', 'Periodo: 2023-1; Comentario: <p>Demasiado trabajo autónomo&nbsp;</p>; Pros: Haciendo todos los talleres se puede pasar fácil&nbsp;; Contras: <p>Es demasiado impuntual, a veces ni siquiera llega y no dice nada&nbsp;</p>; Fecha: 2024-06-14; Estado: 1; Profesor: ALFEREZ RIVAS LUIS ERNESTO; Curso: CALCULO INTEGRAL; Programa: Tecnología en Mecánica Industrial (Por ciclos propedéuticos); Rango De Nota: Entre 30 y 39', '2024-06-14', '21:24:30', '186.81.59.61', 'Linux', 'Chrome', 40),
(76, 'Log In', '', '2024-06-14', '21:24:31', '186.155.167.249', 'Linux', 'Chrome', 44),
(77, 'Crear Referencia', 'Periodo: 2022-3; Comentario: <p>Es demasiado amable, se esfuerza para que todos entiendan y no tiene problema en repetir las veces que sean necesarias&nbsp;</p>; Pros: <p>Buena metodología y actitud&nbsp;</p>; Contras: <p>Los parciales son un poco fuertes pero estudiando se pueden pasar&nbsp;</p>; Fecha: 2024-06-14; Estado: 1; Profesor: PEÑA TRIANA JEAN YECID; Curso: CALCULO DIFERENCIAL; Programa: Tecnología en Sistematización de Datos (Por ciclos propedéuticos); Rango De Nota: Entre 30 y 39', '2024-06-14', '21:27:13', '186.81.59.61', 'Linux', 'Chrome', 40),
(78, 'Log In', '', '2024-06-14', '21:37:36', '181.237.45.249', 'Linux', 'Chrome', 30),
(79, 'Crear Referencia', 'Periodo: 2024-1; Comentario: <p>No la recomiendo, clases muy monotonas, pesima metodologia de diapositivas, facil pasar pero nada se aprende, a la clase de 8 a 10 llegaba a las 9 de la mañana poniendo mensajes en el grupo de WhatsApp como: Vayan entrando al salon (8am) ya casi voy llegando muchachos (8:30am) para luego llegar a las y 50.</p>; Pros: <p>Facil de pasar???</p>; Contras: <p>Monotonia, Impuntualidad</p>; Fecha: 2024-06-14; Estado: 1; Profesor: ROMERO GARCIA MARILUZ; Curso: BASES DE DATOS; Programa: Ingeniería en Telemática (por ciclos propedéuticos); Rango De Nota: Entre 40 y 49', '2024-06-14', '21:45:53', '181.53.12.126', 'Linux', 'Chrome', 13),
(80, 'Log In', '', '2024-06-14', '22:38:10', '186.86.33.38', 'Linux', 'Chrome', 45),
(81, 'Log In', '', '2024-06-14', '22:57:30', '190.27.62.178', 'Linux', 'Chrome', 46),
(82, 'Log In', '', '2024-06-15', '08:32:28', '45.65.235.49', 'Linux', 'Chrome', 48),
(83, 'Log In', '', '2024-06-15', '10:26:50', '181.237.243.119', 'Linux', 'Chrome', 49),
(84, 'Log In', '', '2024-06-15', '12:27:22', '181.59.3.115', 'Linux', 'Chrome', 50),
(85, 'Crear Referencia', 'Periodo: 2023-3; Comentario: <p>El profesor es estricto en cuanto asistir en clases, pero es muy amable y charlable.</p>; Pros: <p>Se aprende muy bien tiene métodos para enseñar muy buenos, si ve que no está entendiendo el grupo les vuelve a explicar hasta que se entiende, los parciales si se ha aprendido no son tan duros, y hace talleres super faciles que ayudan a la nota</p>; Contras: <p>Se tiene que asistir a todas las clases, es muy difícil que no falte a clase, hay que prestarle mucha atención porque es fácil perderse</p>; Fecha: 2024-06-15; Estado: 1; Profesor: CARVAJAL MARQUEZ EDILMO; Curso: ALGEBRA LINEAL; Programa: Tecnología en Sistematización de Datos (Por ciclos propedéuticos); Rango De Nota: Entre 30 y 39', '2024-06-15', '12:34:31', '181.59.3.115', 'Linux', 'Chrome', 50),
(86, 'Crear Referencia', 'Periodo: 2023-3; Comentario: <p>El profesor es estricto en cuanto asistir en clases, pero es muy amable y charlable.</p>; Pros: <p>Se aprende muy bien tiene métodos para enseñar muy buenos, si ve que no está entendiendo el grupo les vuelve a explicar hasta que se entiende, los parciales si se ha aprendido no son tan duros, y hace talleres super faciles que ayudan a la nota</p>; Contras: <p>Se tiene que asistir a todas las clases, es muy difícil que no falte a clase, hay que prestarle mucha atención porque es fácil perderse</p>; Fecha: 2024-06-15; Estado: 1; Profesor: CARVAJAL MARQUEZ EDILMO; Curso: ALGEBRA LINEAL; Programa: Tecnología en Sistematización de Datos (Por ciclos propedéuticos); Rango De Nota: Entre 30 y 39', '2024-06-15', '12:36:15', '181.59.3.115', 'Linux', 'Chrome', 50),
(87, 'Log In', '', '2024-06-15', '13:01:03', '201.185.103.43', 'Linux', 'Chrome', 23),
(88, 'Log In', '', '2024-06-15', '13:05:53', '181.134.34.74', 'Linux', 'Firefox', 18),
(89, 'Log In', '', '2024-06-15', '13:24:30', '186.154.38.127', 'Linux', 'Chrome', 52),
(90, 'Log In', '', '2024-06-15', '13:36:52', '179.33.167.200', 'Linux', 'Chrome', 7),
(91, 'Log In', '', '2024-06-15', '13:40:43', '190.26.32.232', 'Linux', 'Chrome', 54),
(92, 'Log In', '', '2024-06-15', '13:45:08', '186.99.147.63', 'Linux', 'Chrome', 5),
(93, 'Log In', '', '2024-06-15', '13:45:33', '190.66.212.251', 'Linux', 'Chrome', 6),
(94, 'Log In', '', '2024-06-15', '13:55:40', '191.95.163.72', 'Linux', 'Chrome', 57),
(95, 'Log In', '', '2024-06-15', '14:16:13', '191.95.53.205', 'Linux', 'Chrome', 55),
(96, 'Log In', '', '2024-06-15', '14:30:21', '181.237.45.249', 'Linux', 'Chrome', 30),
(97, 'Log In', '', '2024-06-15', '14:44:30', '186.84.89.45', 'Linux', 'Chrome', 63),
(98, 'Solicitar Agregar Referencia', 'Profesor: MANJARRES GARCIA GUILLERMO ANTONIO; Curso: GEOMETRIA ANALITICA; Programa: Ingeniería Civil (por ciclos propedéuticos)', '2024-06-15', '14:45:36', '186.84.89.45', 'Linux', 'Chrome', 63),
(99, 'Crear Referencia', 'Periodo: 2023-3; Comentario: Es un profesor que de vez en cuando se esfuerza para que uno aprenda; Pros: <p>De los profesores que dicta geometría analítica es el más fácil de pasar</p>; Contras: <p>No aprenderás mucho, te recomendaría otro profesor para la materia&nbsp;</p>; Fecha: 2024-06-15; Estado: 1; Profesor: MANJARRES GARCIA GUILLERMO ANTONIO; Curso: GEOMETRIA ANALITICA; Programa: Ingeniería Civil (por ciclos propedéuticos); Rango De Nota: Entre 20 y 29', '2024-06-15', '14:51:30', '186.84.89.45', 'Linux', 'Chrome', 63),
(100, 'Crear Referencia', 'Periodo: 2024-1; Comentario: <p>Un profesor un poco tímido al principio, por lo tanto no se le entiende mucho</p><p>Sin embargo, luego es de los profesores con los que más uno aprende</p>; Pros: <p>Enseña muy bien, por lo tanto aprenderás mucho</p><p>Parciales relativamente fáciles si estudia</p><p>Ayuda mucho a que no pierdas</p>; Contras: Muy difícil la materia; Fecha: 2024-06-15; Estado: 1; Profesor: CARVAJAL MARQUEZ EDILMO; Curso: GEOMETRIA ANALITICA; Programa: Tecnología en Construcciones Civiles (Por ciclos propedéuticos); Rango De Nota: Entre 30 y 39', '2024-06-15', '14:54:52', '186.84.89.45', 'Linux', 'Chrome', 63),
(101, 'Log In', '', '2024-06-15', '15:17:31', '181.53.14.181', 'Linux', 'Chrome', 60),
(102, 'Log In', '', '2024-06-15', '15:23:36', '186.80.52.2', 'Linux', 'Chrome', 64),
(103, 'Crear Referencia', 'Periodo: 2023-1; Comentario: El profesor al momento de dictar sus clases lo hace teniendo en cuenta un texto, durante sus clases se dedica en su gran mayoria en dictar, cuando inicia una explicacion se nota que sabe del tema, sin embargo es bastante tedioso porque mas del 90% de la clase el estudiante se la debe pasar escribiendo, practicamente hay que leer todo el cuaderno para entender la clase o afianzar algun tema, en cuanto a parciales, basicamente son preguntas con base en lo que dicta en todas las clases, pero en general no es muy comodo su metodo de enseñar las cosas, incluso para costos, cuando cambie de profesor me di cuenta de la gran diferencia con respecto a otros docentes&nbsp;; Pros: ; Contras: ; Fecha: 2024-06-15; Estado: 1; Profesor: ALBA PULIDO RODRIGO; Curso: CONTABILIDAD; Programa: Tecnología en Gestión de la Producción Industrial (Por ciclos propedéuticos); Rango De Nota: Entre 30 y 39', '2024-06-15', '15:32:20', '186.80.52.2', 'Linux', 'Chrome', 64),
(104, 'Log In', '', '2024-06-15', '16:04:12', '191.156.187.7', 'Linux', 'Chrome', 67),
(105, 'Log In', '', '2024-06-15', '17:18:56', '179.33.167.200', 'Linux', 'Chrome', 7),
(106, 'Log In', '', '2024-06-15', '17:35:58', '201.185.145.238', 'Linux', 'Chrome', 68),
(107, 'Crear Referencia', 'Periodo: 2023-3; Comentario: <p>El profe algunas clases es raro, siempre sale con comentarios en que el mundo es una fantasía, pero ya en temas académico explica bien no es tan exigente&nbsp;</p>; Pros: <p>Se aprende</p><p>Se puede pasar alta si uno va a todas las clases</p><p><br></p>; Contras: El trabajo final es un poco largo pero facil de hacer; Fecha: 2024-06-15; Estado: 1; Profesor: AGUDELO CARDENAS ALEXANDER; Curso: FISICA II: ELECTROMAGNETISMO; Programa: Tecnología en Construcciones Civiles (Por ciclos propedéuticos); Rango De Nota: Entre 40 y 49', '2024-06-15', '17:42:14', '201.185.145.238', 'Linux', 'Chrome', 68),
(108, 'Log In', '', '2024-06-15', '17:53:51', '181.59.3.115', 'Linux', 'Chrome', 50),
(109, 'Log In', '', '2024-06-15', '17:55:42', '181.59.3.170', 'Linux', 'Chrome', 70),
(110, 'Log In', '', '2024-06-15', '18:02:25', '179.51.119.251', 'Linux', 'Chrome', 71),
(111, 'Log In', '', '2024-06-15', '18:49:48', '190.26.161.195', 'Linux', 'Chrome', 33),
(112, 'Log In', '', '2024-06-15', '19:08:04', '186.80.52.2', 'Linux', 'Chrome', 64),
(113, 'Crear Referencia', 'Periodo: 2022-3; Comentario: <p>Es buen profesor, tiene los temas claros y los explica de una manera en la que uno por lo general no se pierde, aunque hay ocasiones en las que hace clases virtuales en las cuales si hay ocasiones en las que uno se puede perder un poco, los parciales no son complicados y en general es buen docente. Todo es muy bueno hasta que llega a derivadas, en ese punto muchas veces se queda corto de tiempo y explica los temas de manera muy rápida, con lo cual puede que sea necesario reforzar esos temas para integral, de resto es un excelente profesor para ver la materia, además de que puede ser un salvavidas bastante grande para aquellos que estén tercereando.</p>; Pros: ; Contras: ; Fecha: 2024-06-15; Estado: 1; Profesor: CENDALES ROMERO URIAS; Curso: CALCULO DIFERENCIAL; Programa: Tecnología en Gestión de la Producción Industrial (Por ciclos propedéuticos); Rango De Nota: Entre 30 y 39', '2024-06-15', '19:25:42', '186.80.52.2', 'Linux', 'Chrome', 64),
(114, 'Log In', '', '2024-06-15', '19:29:01', '186.155.74.138', 'Linux', 'Chrome', 73),
(115, 'Crear Referencia', 'Periodo: 2022-3; Comentario: <p>Es un bueno profesor, dicta los temas de buena manera y en general busca que todos le participen, cada dos o tres clases asigna una lectura y durante la misma elige una persona al azar para que diga algo de lo que entendio, los parciales en general son textos que uno debe hacer referente a las lecturas que va dejando. Lo fastidioso es que a veces a pesar de entregarle los trabajos le coloca a uno la nota de un 2.0 (nota que significa que no entrego nada o le quedo muy mal es escrito :v), por lo general es porque se le pierden los trabajos, con lo cual es importante que tengan las suficientes pruebas para demostrar que si entregaron, sino no cambia la nota, casi me la tiro por lo mismo, de resto es buen profesor&nbsp;</p>; Pros: ; Contras: ; Fecha: 2024-06-15; Estado: 1; Profesor: LUGO GONZALEZ CARLOS; Curso: CATEDRA FRANCISCO JOSE DE CALDAS; Programa: Tecnología en Gestión de la Producción Industrial (Por ciclos propedéuticos); Rango De Nota: Entre 30 y 39', '2024-06-15', '19:34:59', '186.80.52.2', 'Linux', 'Chrome', 64),
(116, 'Crear Referencia', 'Periodo: 2022-3; Comentario: <p>Es un excelente profesor para aprender los temas de la materia, la verdad tiene un buen manejo de cada uno de ellos, en las clases por lo general dicta 4 temas, por lo cual se puede hacer rápido y difícil, pero si se le pide que explique algo que no se entiende el se devuelve y explica hasta que todos puedan entender, durante la clase va dejando ejercicios para afianzar los temas, los parciales son fáciles, los puntos son parecidos a los quiz y ejercicios que deja en clase y muchas veces si se tiene suerte puede dejarlos con cuaderno abierto, excepto el final, ese si toca saber bien los temas, excelente profesor para aprender algebra lineal.</p>; Pros: ; Contras: ; Fecha: 2024-06-15; Estado: 1; Profesor: GARAVITO LEON NELSON EDUARDO; Curso: ALGEBRA LINEAL; Programa: Tecnología en Gestión de la Producción Industrial (Por ciclos propedéuticos); Rango De Nota: Entre 30 y 39', '2024-06-15', '19:42:02', '186.80.52.2', 'Linux', 'Chrome', 64),
(117, 'Crear Referencia', 'Periodo: 2022-3; Comentario: Tiene un buen dominio en los temas, es cansón con el marcado de la hoja DIN y con su doblado, por lo cual recomiendo siempre hacer los trabajos en DIN A4, a menos que el pida hacerlo obligatorio en otra hoja, las clases son de 6 a 10 am, son cansonas porque deja arto trabajo, en conjunto con el resto de las materias muchas veces va a tocar trasnochar, (ojalá no les toque un horario de 12 horas el sábado como a mí, es un infierno trasnochar así), por su parte pasarle es fácil si le meten la ficha a los trabajos que deja, si tienen la nota alta en la carpeta compensan la nota de los parciales, nunca le pase ninguno y aun así le pase la materia, gracias a carpeta y proyecto, eso sí intentar dejar el parcial por lo menos en un 2.5&nbsp;; Pros: ; Contras: <p>Deja muchos trabajo :v&nbsp;</p>; Fecha: 2024-06-15; Estado: 1; Profesor: BULLA PEREIRA EDWIN ALBERTO; Curso: DIBUJO TECNICO; Programa: Tecnología en Gestión de la Producción Industrial (Por ciclos propedéuticos); Rango De Nota: Entre 30 y 39', '2024-06-15', '19:55:29', '186.80.52.2', 'Linux', 'Chrome', 64),
(118, 'Crear Referencia', 'Periodo: 2023-3; Comentario: <p>La profesora más querida de la facultad :b, en general cualquier clase con Nazly se basa en lo mismo, cumplir con las actividades que deja y no responderle, con más de 4 clases sin ir, se pierde la materia, hace grupos de a 2 maximo 3, deja unos temas con base en una lectura para hacer como parcial de ultimo corte, el parcial de segundo corte es aprenderse un texto y esperar que no les tire tan duro al momento del parcial, y el primero es un escrito con respecto a un documental del medio ambiente, todas las clases se trata de debates en general, cada clase va dando ciertas directrices, hay que escuchar atentamente lo que dice, porque si no entiende algo y le pregunta, hay dos opciones, que le responda bonito o con dos piedras en la mano :v, para la actividad final llevar como refrigerio tinto con pan, es lo más barato y lo que más le trama. Pero si se cumple con todo en general queda alta la nota.&nbsp;</p>; Pros: ; Contras: ; Fecha: 2024-06-15; Estado: 1; Profesor: VARGAS HERNANDEZ NAZLY; Curso: TECNOLOGIA Y MEDIO AMBIENTE; Programa: Tecnología en Gestión de la Producción Industrial (Por ciclos propedéuticos); Rango De Nota: Entre 40 y 49', '2024-06-15', '20:18:03', '186.80.52.2', 'Linux', 'Chrome', 64),
(119, 'Crear Referencia', 'Periodo: 2023-1; Comentario: <p>Buen profesor, dicta los temas de manera que, si o si el estudiante entiende, los parciales son fáciles, ayuda y explica bastante. Aunque también veo necesario profundizar y practicar algunos temas, si no, se queda con un conocimiento muy básico de integral.</p>; Pros: ; Contras: ; Fecha: 2024-06-15; Estado: 1; Profesor: MONTANA MESA JORGE ENRIQUE; Curso: CALCULO INTEGRAL; Programa: Tecnología en Gestión de la Producción Industrial (Por ciclos propedéuticos); Rango De Nota: Entre 30 y 39', '2024-06-15', '20:22:24', '186.80.52.2', 'Linux', 'Chrome', 64),
(120, 'Crear Referencia', 'Periodo: 2023-1; Comentario: Una decepción de docente es cansón con las mujeres, en las clases por lo general \"dicta\" los temas, pero se la pasa en su gran mayoria hablando de la vida de el en vez de la clase, llega tarde a todas las clases y no avisa si no va a ir, pero le molesta que uno se le vaya del salón porque no ha llegado porque para él es una \"falta de respeto\", se saca la mayoria de notas del cul0, ademas de ello hace firmar una lista toda mal hecha de confidencialidad en la que los estudiantes aceptan que el saque las notas como el quiera, es decir no saca notas en toda la materia, un desastre total, porque administración tiene muy buenas temáticas que no son abordadas por el \"profesor\", además de que sus notas sacadas del cul0 no siempre son altas, por ejemplo a mí me quedo en 31 y es muy raro ver un 40 en esa clase; Pros: ; Contras: ; Fecha: 2024-06-15; Estado: 1; Profesor: RIVEROS GOMEZ VICTOR HUGO; Curso: ADMINISTRACION; Programa: Tecnología en Gestión de la Producción Industrial (Por ciclos propedéuticos); Rango De Nota: Entre 30 y 39', '2024-06-15', '20:29:59', '186.80.52.2', 'Linux', 'Chrome', 64),
(121, 'Log In', '', '2024-06-16', '01:02:48', '181.61.246.74', 'Linux', 'Chrome', 74),
(122, 'Log In', '', '2024-06-16', '10:29:47', '186.81.59.9', 'Linux', 'Chrome', 17),
(123, 'Log In', '', '2024-06-16', '17:04:20', '161.10.207.14', 'Linux', 'Chrome', 6),
(124, 'Editar Clave Estudiante', '', '2024-06-16', '17:04:36', '161.10.207.14', 'Linux', 'Chrome', 6),
(125, 'Denunciar Referencia', 'Comentario de la referencia: <p>No la recomiendo, clases muy monotonas, pesima metodologia de diapositivas, facil pasar pero nada se aprende, a la clase de 8 a 10 llegaba a las 9 de la mañana poniendo mensajes en el grupo de WhatsApp como: Vayan entrando al salon (8am) ya casi voy llegando muchachos (8:30am) para luego llegar a las y 50.</p>; Argumento: <p>El comentario indica que la metodología es mala y que llega tarde, pero tiene 5 puntos en metodología y en puntualidad</p>; Tipo de denuncia: Información de referencia inconsistente', '2024-06-16', '17:17:33', '161.10.207.14', 'Linux', 'Chrome', 6),
(126, 'Log In', '', '2024-06-16', '17:21:28', '161.10.207.14', 'Linux', 'Chrome', 6),
(127, 'Log In', '', '2024-06-16', '20:59:02', '181.53.14.181', 'Linux', 'Chrome', 1),
(128, 'Log In', '', '2024-06-16', '21:10:30', '181.53.14.181', 'Linux', 'Chrome', 1),
(129, 'Log In', '', '2024-06-16', '22:17:25', '186.84.88.199', 'Linux', 'Chrome', 42),
(130, 'Log In', '', '2024-06-17', '00:00:29', '186.168.252.205', 'Linux', 'Chrome', 7),
(131, 'Log In', '', '2024-06-17', '00:06:11', '181.53.14.181', 'Linux', 'Chrome', 1),
(132, 'Log In', '', '2024-06-17', '09:59:19', '161.10.207.14', 'Linux', 'Chrome', 6),
(133, 'Log In', '', '2024-06-17', '10:40:48', '181.53.12.231', 'Linux', 'Chrome', 4),
(134, 'Crear Referencia', 'Periodo: 2024-1; Comentario: <p>Es una docente con quién es muy fácil pasar la materia pero no se aprende nada, ella solo califica la asistencia y las actividades que deja (que son pocas), los parciales los deja una semana antes y son sobre el proyecto que se tiene que entregar al final del curso.</p>; Pros: ; Contras: <p>Es una docente que considero que no tiene pedagogía, pues no sabe responder a preguntas que los estudiantes le realizan en las clases, no explica para nada bien los temas del curso, sus métodos de enseñanza se basan en responder preguntas de un libro y copiar las actividades que hay en el, además de llegar casi una hora tarde a la gran mayoría de las clases y sin justificación alguna o sin un aviso previo. Yo tuve un inconveniente con ella al momento de sustentar un parcial, pues en una clase que estaba resolviendo dudas le mostré una forma en que había realizado una relación y me dijo que estaba bien, entregué así el parcial y días después al momento de sustentarlo me dijo que estaba mal, le recordé lo que ella me había dicho días atrás a lo cual ella respondió cosas como&nbsp;<span style=\"font-size: 1rem;\">\"Yo no dije eso\",&nbsp;</span><span style=\"font-size: 1rem;\">\"Me entendió mal\"&nbsp; y \"No me hagan caso a lo que haga en el tablero\", este ultimo no en las palabras exactas pero sí haciendo referencia a que lo que ella dice en las clases está mal... ¿Cómo se puede aprender de una docente que contradice lo que se supone que enseña?. Tengamos en cuenta que la asignatura \"Bases de datos\" es la primera de este tema y con la que se debe salir con las bases necesarias para profundizarlo con los cursos que le siguen.</span></p>; Fecha: 2024-06-17; Estado: 1; Profesor: ROMERO GARCIA MARILUZ; Curso: BASES DE DATOS; Programa: Tecnología en Sistematización de Datos (Por ciclos propedéuticos); Rango De Nota: Entre 40 y 49', '2024-06-17', '11:19:40', '181.53.12.231', 'Linux', 'Chrome', 4),
(135, 'Log In', '', '2024-06-17', '11:24:05', '161.10.207.14', 'Linux', 'Chrome', 6),
(136, 'Log In', '', '2024-06-17', '12:11:36', '181.59.3.57', 'Linux', 'Chrome', 78),
(137, 'Log In', '', '2024-06-17', '15:19:17', '161.10.207.14', 'Linux', 'Chrome', 6),
(138, 'Log In', '', '2024-06-17', '15:20:11', '181.53.14.181', 'Linux', 'Chrome', 1),
(139, 'Log In', '', '2024-06-17', '15:41:53', '161.10.207.14', 'Linux', 'Chrome', 6),
(140, 'Contacto', 'Mensaje: <p>Mensaje de prueba</p>', '2024-06-17', '15:42:22', '161.10.207.14', 'Linux', 'Chrome', 6),
(141, 'Contacto', 'Mensaje: <p>Holaaa</p>', '2024-06-17', '15:43:33', '181.53.14.181', 'Linux', 'Chrome', 1),
(142, 'Contacto', 'Mensaje: Buenas tardes', '2024-06-17', '15:49:51', '181.53.14.181', 'Linux', 'Chrome', 1),
(143, 'Log In', '', '2024-06-17', '15:51:13', '186.168.252.205', 'Linux', 'Chrome', 7),
(144, 'Denunciar Referencia', 'Comentario de la referencia: Tiene una buena metodologia, desarrolla muy bien los temas, se entienden con facilidad. Asigna los suficientes ejercicios para comprender y aplicar los temas vistos en clase, pero no es claro con lo que realmente va a evaluar en los ejercicios, ademas le disgusta que se le hagan pregustas a cerca de dudas que se tengan&nbsp; de las asignaciones o durante la clase sobre el tema que se está viendo; cuando se molesta tiende a ser grosero con sus estudiantes. Los parciales son en hojas examen.; Argumento: Mucho puntaje; Tipo de denuncia: Información de referencia inconsistente', '2024-06-17', '15:51:30', '181.53.14.181', 'Linux', 'Chrome', 1),
(145, 'Log In', '', '2024-06-17', '16:52:53', '191.95.54.222', 'Linux', 'Chrome', 59),
(146, 'Crear Referencia', 'Periodo: 2022-1; Comentario: En mi opinion es buen profesor, aveces es impuntual y por muchi hace 1h de clase, pero en esa hora explica demasiado pero de una forma que se hace facil de entender, si el grupo lo lleva en la buena, se ve parchado y la clase es amena.; Pros: <p>- Sale con buenas bases para Integral</p><p>- Se pasa facil si hace los talleres&nbsp;</p><p>- Resuelve cualquier duda respecto a los talleres que deja, en clase resuelve cualquier ejercicio en donde haya dudas, asi que ahi se aprovecha bastante.</p><p>- Las clases no son monotonas y se llegan a disfrutar</p>; Contras: <p>-Llega normalmente 30m tarde, y hace solo una 1h de clase, cuando es bloque de 4 horas llega 1h tarde y solo hace 2 de esas horas</p><p>- Mucho trabajo autonomo, los talleres son largos, asi q hay que dedicarle su tiempo</p>; Fecha: 2024-06-17; Estado: 1; Profesor: ALFEREZ RIVAS LUIS ERNESTO; Curso: CALCULO DIFERENCIAL; Programa: Tecnología en Mecánica Industrial (Por ciclos propedéuticos); Rango De Nota: Entre 30 y 39', '2024-06-17', '17:04:18', '191.95.54.222', 'Linux', 'Chrome', 59),
(147, 'Log In', '', '2024-06-17', '17:35:51', '186.168.252.205', 'Linux', 'Chrome', 7),
(148, 'Log In', '', '2024-06-17', '17:58:35', '181.53.12.231', 'Linux', 'Chrome', 4),
(149, 'Log In', '', '2024-06-17', '17:59:15', '38.199.65.62', 'Linux', 'Chrome', 79),
(150, 'Crear Referencia', 'Periodo: 2023-1; Comentario: <p>Es una gran profesora, te anima a reflexionar</p>; Pros: ; Contras: ; Fecha: 2024-06-17; Estado: 1; Profesor: AVENDAÑO AVENDAÑO MARYSOL; Curso: ANALISIS SOCIAL COLOMBIANO; Programa: Ingeniería Eléctrica (Por ciclos propedéuticos); Rango De Nota: Entre 40 y 49', '2024-06-17', '18:10:00', '186.168.252.205', 'Linux', 'Chrome', 7),
(151, 'Crear Referencia', 'Periodo: 2021-1; Comentario: <p>Muy buena pero igualmente muy exigente</p>; Pros: ; Contras: ; Fecha: 2024-06-17; Estado: 1; Profesor: CAMACHO VELANDIA MARISOL; Curso: CALCULO DIFERENCIAL; Programa: Tecnología en Electrónica Industrial (Por ciclos propedéuticos); Rango De Nota: Entre 40 y 49', '2024-06-17', '18:14:26', '186.168.252.205', 'Linux', 'Chrome', 7),
(152, 'Crear Referencia', 'Periodo: 2021-1; Comentario: <p>Materia sencilla y la profesora es muy amable con los estudiante</p>; Pros: ; Contras: ; Fecha: 2024-06-17; Estado: 1; Profesor: MARTINEZ CAMARGO DORA MARCELA; Curso: CATEDRA FRANCISCO JOSE DE CALDAS; Programa: Tecnología en Electrónica Industrial (Por ciclos propedéuticos); Rango De Nota: 50', '2024-06-17', '18:19:38', '186.168.252.205', 'Linux', 'Chrome', 7),
(153, 'Crear Referencia', 'Periodo: 2023-3; Comentario: La primera mitad del curso se basa en hacer lo mismo que hace en programación Avanzada, la otra parte es copiar codigo de proyectos de Youtube, los parciales son de seleccíon multiple en Moodle y tienen las mismas preguntas en los 3 cortes.; Pros: <ul><li>Ayuda a subir el promedio</li></ul>; Contras: <ul><li>No se aprende casi nada</li><li>Suele llegar tarde</li><li>Baja exigencia</li></ul>; Fecha: 2024-06-17; Estado: 1; Profesor: ARCO MUÑOZ NOE; Curso: PROGRAMACION POR COMPONENTES; Programa: Tecnología en Sistematización de Datos (Por ciclos propedéuticos); Rango De Nota: Entre 40 y 49', '2024-06-17', '18:19:51', '38.199.65.62', 'Linux', 'Chrome', 79),
(154, 'Crear Referencia', 'Periodo: 2021-1; Comentario: <p>Exige mucho pero es un profesor bastante bueno, es muy amable y buen profesor, trabajando bastante se puede dejar la materia alta</p>; Pros: ; Contras: ; Fecha: 2024-06-17; Estado: 1; Profesor: RIVERA AGUILAR FREDY ALEXANDER; Curso: ALGEBRA LINEAL; Programa: Tecnología en Electrónica Industrial (Por ciclos propedéuticos); Rango De Nota: Entre 30 y 39', '2024-06-17', '18:24:13', '186.168.252.205', 'Linux', 'Chrome', 7),
(155, 'Crear Referencia', 'Periodo: 2021-1; Comentario: <p>Es un gran profesor, se pueden aprender muchas cosas con él</p>; Pros: ; Contras: ; Fecha: 2024-06-17; Estado: 1; Profesor: LUGO GONZALEZ ARMANDO; Curso: CATEDRA DEMOCRACIA Y CIUDADANIA; Programa: Tecnología en Electrónica Industrial (Por ciclos propedéuticos); Rango De Nota: Entre 40 y 49', '2024-06-17', '18:27:47', '186.168.252.205', 'Linux', 'Chrome', 7),
(156, 'Crear Referencia', 'Periodo: 2021-1; Comentario: <p>Las clases son muy llevaderas y es bastante sencillo de pasar, el profesor es muy amable</p>; Pros: ; Contras: ; Fecha: 2024-06-17; Estado: 1; Profesor: JARAMILLO VILLAMIZAR LENIN OSWALDO; Curso: PRODUCCION Y COMPRENSION DE TEXTOS I; Programa: Tecnología en Electrónica Industrial (Por ciclos propedéuticos); Rango De Nota: Entre 40 y 49', '2024-06-17', '18:33:08', '186.168.252.205', 'Linux', 'Chrome', 7),
(157, 'Crear Referencia', 'Periodo: 2021-1; Comentario: <p>Buena clase para poder reflexionar, se aprende mucho, el profesor es muy dado a debatir y es una clase muy amena</p>; Pros: ; Contras: ; Fecha: 2024-06-17; Estado: 1; Profesor: GOMEZ CASTILLO HARVEY; Curso: CIENCIA TECNOLOGIA Y SOCIEDAD; Programa: Tecnología en Electrónica Industrial (Por ciclos propedéuticos); Rango De Nota: Entre 40 y 49', '2024-06-17', '18:37:53', '186.168.252.205', 'Linux', 'Chrome', 7),
(158, 'Crear Referencia', 'Periodo: 2021-1; Comentario: <p>Es un profesor muy bueno al dar introducción a la programación</p>; Pros: ; Contras: ; Fecha: 2024-06-17; Estado: 1; Profesor: LOPEZ MACIAS JAVIER; Curso: INFORMATICA Y ALGORITMOS; Programa: Tecnología en Electrónica Industrial (Por ciclos propedéuticos); Rango De Nota: Entre 40 y 49', '2024-06-17', '18:40:03', '186.168.252.205', 'Linux', 'Chrome', 7),
(159, 'Crear Referencia', 'Periodo: 2021-1; Comentario: <p>Es un proceso algo fuera de lo común pero se aprende muy bien, es exigente</p>; Pros: ; Contras: ; Fecha: 2024-06-17; Estado: 1; Profesor: RUIZ CAICEDO JAIRO ALFONSO; Curso: INTRODUCCION A LA ELECTRONICA; Programa: Tecnología en Electrónica Industrial (Por ciclos propedéuticos); Rango De Nota: Entre 30 y 39', '2024-06-17', '18:43:20', '186.168.252.205', 'Linux', 'Chrome', 7),
(160, 'Solicitar Agregar Profesor', 'Nombre: JAVIER ALBERTO OLARTE TORRES; Programa: Tecnología en Electrónica Industrial (Por ciclos propedéuticos)', '2024-06-17', '18:49:59', '186.168.252.205', 'Linux', 'Chrome', 7),
(161, 'Crear Referencia', 'Periodo: 2021-3; Comentario: Buen profesor, es una materia llevadera y sencilla dada la amabilidad del profesor; Pros: ; Contras: ; Fecha: 2024-06-17; Estado: 1; Profesor: ZAMBRANO BERRIO REYNALDO; Curso: CALCULO INTEGRAL; Programa: Tecnología en Electrónica Industrial (Por ciclos propedéuticos); Rango De Nota: Entre 40 y 49', '2024-06-17', '18:59:04', '186.168.252.205', 'Linux', 'Chrome', 7),
(162, 'Crear Referencia', 'Periodo: 2021-3; Comentario: <p>Es una gran clase para crecer, buenas actividades para aprender y la profesora es muy comprensiva</p>; Pros: ; Contras: ; Fecha: 2024-06-17; Estado: 1; Profesor: BENITEZ SAZA CLAUDIA ROCIO; Curso: PRODUCCION Y COMPRENSION DE TEXTOS II; Programa: Tecnología en Electrónica Industrial (Por ciclos propedéuticos); Rango De Nota: Entre 30 y 39', '2024-06-17', '19:01:47', '186.168.252.205', 'Linux', 'Chrome', 7),
(163, 'Crear Referencia', 'Periodo: 2021-3; Comentario: <p>Muy buen profesor, una clase sencilla donde se puede aprender mucho</p>; Pros: ; Contras: ; Fecha: 2024-06-17; Estado: 1; Profesor: GOMEZ CASTILLO HARVEY; Curso: ETICA Y SOCIEDAD; Programa: Tecnología en Electrónica Industrial (Por ciclos propedéuticos); Rango De Nota: Entre 40 y 49', '2024-06-17', '19:06:34', '186.168.252.205', 'Linux', 'Chrome', 7),
(164, 'Crear Referencia', 'Periodo: 2021-3; Comentario: <p>Es una profesora muy querida por lo amable y comprensiva que es, suele ser exigente</p>; Pros: ; Contras: ; Fecha: 2024-06-17; Estado: 1; Profesor: RODRIGUEZ TEQUI YUDY MARCELA; Curso: REGULACION AMBIENTAL; Programa: Tecnología en Electrónica Industrial (Por ciclos propedéuticos); Rango De Nota: Entre 40 y 49', '2024-06-17', '19:09:54', '186.168.252.205', 'Linux', 'Chrome', 7),
(165, 'Crear Referencia', 'Periodo: 2021-3; Comentario: <p>El profesor es conocido por ser bueno y muy relajado, es una materia sencilla donde se podrá aprender bastante</p>; Pros: ; Contras: ; Fecha: 2024-06-17; Estado: 1; Profesor: LOPEZ MACIAS JAVIER; Curso: LENGUAJE DE PROGRAMACION; Programa: Tecnología en Electrónica Industrial (Por ciclos propedéuticos); Rango De Nota: Entre 40 y 49', '2024-06-17', '19:13:23', '186.168.252.205', 'Linux', 'Chrome', 7);
INSERT INTO `LogEstudiante` (`idLogEstudiante`, `accion`, `informacion`, `fecha`, `hora`, `ip`, `so`, `explorador`, `estudiante_idEstudiante`) VALUES
(166, 'Crear Referencia', 'Periodo: 2021-3; Comentario: <p>Es una profesora a la que hay que trabajarle mucho, es exigente pero también es muy buena gente</p>; Pros: ; Contras: ; Fecha: 2024-06-17; Estado: 1; Profesor: URREGO RIVILLAS LIBIA SUSANA; Curso: CIRCUITOS ELECTRICOS I; Programa: Tecnología en Electrónica Industrial (Por ciclos propedéuticos); Rango De Nota: Entre 40 y 49', '2024-06-17', '19:19:46', '186.168.252.205', 'Linux', 'Chrome', 7),
(167, 'Crear Referencia', 'Periodo: 2021-3; Comentario: <p>Es un gran profesor, se enfoca mucho en que los estudiantes</p>; Pros: ; Contras: ; Fecha: 2024-06-17; Estado: 1; Profesor: MORENO MOSQUERA ASDRUBAL; Curso: FISICA II: ELECTROMAGNETISMO; Programa: Tecnología en Electrónica Industrial (Por ciclos propedéuticos); Rango De Nota: Entre 40 y 49', '2024-06-17', '19:25:12', '186.168.252.205', 'Linux', 'Chrome', 7),
(168, 'Crear Referencia', 'Periodo: 2022-1; Comentario: <p>Es una gran profesora que prioriza el aprendizaje de los estudiantes, permitiendo así una clase muy amena y sencilla de pasar</p>; Pros: ; Contras: ; Fecha: 2024-06-17; Estado: 1; Profesor: ORDOÑEZ RODRIGUEZ PAOLA DOLORES; Curso: CALCULO MULTIVARIADO; Programa: Tecnología en Construcciones Civiles (Por ciclos propedéuticos); Rango De Nota: Entre 40 y 49', '2024-06-17', '19:30:31', '186.168.252.205', 'Linux', 'Chrome', 7),
(169, 'Crear Referencia', 'Periodo: 2022-1; Comentario: <p>Es un profesor que invita al debate, muy bueno y además muy sencillo de pasar</p>; Pros: ; Contras: ; Fecha: 2024-06-17; Estado: 1; Profesor: AVENDAÑO AVENDAÑO EUSEBIO; Curso: CATEDRA DE CONTEXTO; Programa: Tecnología en Electrónica Industrial (Por ciclos propedéuticos); Rango De Nota: Entre 40 y 49', '2024-06-17', '19:34:15', '186.168.252.205', 'Linux', 'Chrome', 7),
(170, 'Crear Referencia', 'Periodo: 2022-1; Comentario: <p>Se aprende mucho, es un profesor muy amable y muy bueno</p>; Pros: ; Contras: ; Fecha: 2024-06-17; Estado: 1; Profesor: GIRALDO RAMOS FRANK NIXON; Curso: SEGUNDA LENGUA I - INGLES; Programa: Tecnología en Electrónica Industrial (Por ciclos propedéuticos); Rango De Nota: Entre 40 y 49', '2024-06-17', '19:36:09', '186.168.252.205', 'Linux', 'Chrome', 7),
(171, 'Crear Referencia', 'Periodo: 2022-1; Comentario: <p>La metodología del profesor es muy frustrante, no te vas a sacar una buena nota en casi ninguno de los laboratorios que el profesor proponga, no importa lo perfecto que esté, tu nota variara entre un 20 y un 30, y además no te va a dar explicación alguna de la nota.&nbsp;</p><p>El profesor llega tarde, o simplemente no llega a la clase, esto pasa el 80% de las veces sin siquiera avisar, y suele ser muy exigente con sus trabajos aunque sus explicaciones sean muy mediocres, suele ser algo humillativo y se salta temas sin explicación alguna.</p>; Pros: ; Contras: ; Fecha: 2024-06-17; Estado: 1; Profesor: CORONEL SEGURA CESAR AUGUSTO; Curso: CIRCUITOS ELECTRICOS II; Programa: Tecnología en Electrónica Industrial (Por ciclos propedéuticos); Rango De Nota: Entre 30 y 39', '2024-06-17', '19:52:47', '186.168.252.205', 'Linux', 'Chrome', 7),
(172, 'Crear Referencia', 'Periodo: 2022-1; Comentario: <p>Es un profesor muy bueno y muy amigable, enseña muy bien y exige bastante</p>; Pros: ; Contras: ; Fecha: 2024-06-17; Estado: 1; Profesor: INFANTE MORENO WILSON; Curso: ELECTRONICA I; Programa: Tecnología en Electrónica Industrial (Por ciclos propedéuticos); Rango De Nota: Entre 30 y 39', '2024-06-17', '20:04:03', '186.168.252.205', 'Linux', 'Chrome', 7),
(173, 'Crear Referencia', 'Periodo: 2022-1; Comentario: <p>Es muy difícil entender sus explicaciones , sus clases son muy agobiantes y exigentes</p>; Pros: ; Contras: ; Fecha: 2024-06-17; Estado: 1; Profesor: ROMERO MESTRE HENRY ALFONSO; Curso: CIRCUITOS DIGITALES I; Programa: Tecnología en Electrónica Industrial (Por ciclos propedéuticos); Rango De Nota: Entre 30 y 39', '2024-06-17', '20:08:36', '186.168.252.205', 'Linux', 'Chrome', 7),
(174, 'Crear Referencia', 'Periodo: 2022-3; Comentario: <p>Es un profesor muy ameno, se aprende bastante y es muy pasable</p>; Pros: ; Contras: ; Fecha: 2024-06-17; Estado: 1; Profesor: HUERTAS SANABRIA JOSE RAFAEL; Curso: ECUACIONES DIFERENCIALES; Programa: Tecnología en Electrónica Industrial (Por ciclos propedéuticos); Rango De Nota: Entre 40 y 49', '2024-06-17', '20:19:41', '186.168.252.205', 'Linux', 'Chrome', 7),
(175, 'Crear Referencia', 'Periodo: 2022-3; Comentario: <p>Es un profesor al cual hay que trabajarle bastante, aunque se te dificulte, si le trabaja el profe te ad las oportunidades y se puede aprender mucho</p>; Pros: ; Contras: ; Fecha: 2024-06-17; Estado: 1; Profesor: JACINTO GOMEZ EDWAR; Curso: CIRCUITOS DIGITALES II; Programa: Tecnología en Electrónica Industrial (Por ciclos propedéuticos); Rango De Nota: Entre 40 y 49', '2024-06-17', '20:25:22', '186.168.252.205', 'Linux', 'Chrome', 7),
(176, 'Crear Referencia', 'Periodo: 2022-3; Comentario: <p>Es un muy buen profesor, enseña muy bien pero es muy estricto</p>; Pros: ; Contras: ; Fecha: 2024-06-17; Estado: 1; Profesor: FONSECA VELASQUEZ ALDEMAR; Curso: ELECTRONICA II; Programa: Tecnología en Electrónica Industrial (Por ciclos propedéuticos); Rango De Nota: Entre 40 y 49', '2024-06-17', '20:28:43', '186.168.252.205', 'Linux', 'Chrome', 7),
(177, 'Log In', '', '2024-06-17', '20:32:06', '38.199.65.62', 'Linux', 'Chrome', 79),
(178, 'Crear Referencia', 'Periodo: 2023-3; Comentario: La primera mitad del curso se basa en hacer lo mismo que hace en programación Avanzada, la otra parte es copiar codigo de proyectos de Youtube, los parciales son de selección multiple en Moodle y tienen las mismas preguntas en los 3 cortes.; Pros: <ul><li>Ayuda a subir el promedio</li></ul>; Contras: <ul><li>No se aprende casi nada</li><li>Suele llegar tarde</li><li>Baja exigencia</li></ul>; ; Profesor: ARCO MUÑOZ NOE; Curso: PROGRAMACION POR COMPONENTES; Programa: Tecnología en Sistematización de Datos (Por ciclos propedéuticos); Rango De Nota: Entre 40 y 49', '2024-06-17', '20:33:01', '38.199.65.62', 'Linux', 'Chrome', 79),
(179, 'Crear Referencia', 'Periodo: 2022-3; Comentario: <p>Algunas clases teóricas son bastante lentas y aburridas, pero la practica con esta profesora siempre son muy interesantes</p>; Pros: ; Contras: ; Fecha: 2024-06-17; Estado: 1; Profesor: RODRIGUEZ LEON NAYIVER; Curso: OPERACIONES Y MANTENIMIENTO DE EQUIPOS INDUSTRIALES; Programa: Tecnología en Electrónica Industrial (Por ciclos propedéuticos); Rango De Nota: Entre 40 y 49', '2024-06-17', '20:55:09', '186.168.252.205', 'Linux', 'Chrome', 7),
(180, 'Crear Referencia', 'Periodo: 2022-3; Comentario: <p>La profesora es exigente, pero es buena profesora, los exámenes y laboratorios son difíciles, pero es muy pasable</p>; Pros: ; Contras: ; Fecha: 2024-06-17; Estado: 1; Profesor: URREGO RIVILLAS LIBIA SUSANA; Curso: MAQUINAS ELECTRICAS; Programa: Tecnología en Electrónica Industrial (Por ciclos propedéuticos); Rango De Nota: Entre 40 y 49', '2024-06-17', '20:56:49', '186.168.252.205', 'Linux', 'Chrome', 7),
(181, 'Crear Referencia', 'Periodo: 2023-1; Comentario: <p>Es uno de los mejores profesores para programación en electrónica, hay que trabajarle</p>; Pros: ; Contras: ; Fecha: 2024-06-17; Estado: 1; Profesor: MONTIEL ARIZA HOLMAN; Curso: DISEÑO DIGITAL AVANZADO; Programa: Tecnología en Electrónica Industrial (Por ciclos propedéuticos); Rango De Nota: 50', '2024-06-17', '20:58:52', '186.168.252.205', 'Linux', 'Chrome', 7),
(182, 'Crear Referencia', 'Periodo: 2022-3; Comentario: <p>Es un profesor al cual hay que trabajarle bastante, aunque se te dificulte, si le trabaja el profe te ad las oportunidades y se puede aprender mucho</p>; Pros: ; Contras: ; ; Profesor: JACINTO GOMEZ EDWAR; Curso: CIRCUITOS DIGITALES II; Programa: Tecnología en Electrónica Industrial (Por ciclos propedéuticos); Rango De Nota: 50', '2024-06-17', '20:59:29', '186.168.252.205', 'Linux', 'Chrome', 7),
(183, 'Crear Referencia', 'Periodo: 2023-1; Comentario: <p>Se puede aprender mucho con este profesor si se le hace preguntas y es sencillo pasar</p>; Pros: ; Contras: ; Fecha: 2024-06-17; Estado: 1; Profesor: FINO SANDOVAL RAFAEL ALBERTO; Curso: ELECTRONICA INDUSTRITAL; Programa: Tecnología en Electrónica Industrial (Por ciclos propedéuticos); Rango De Nota: Entre 40 y 49', '2024-06-17', '21:04:07', '186.168.252.205', 'Linux', 'Chrome', 7),
(184, 'Crear Referencia', 'Periodo: 2023-1; Comentario: <p>Es una materia sencilla de pasar si se le trabaja bien, la profesora es muy amable y comprensiva</p>; Pros: ; Contras: ; Fecha: 2024-06-17; Estado: 1; Profesor: LUENGAS CONTRERAS LELY ADRIANA; Curso: TALLER DE INVESTIGACION; Programa: Tecnología en Electrónica Industrial (Por ciclos propedéuticos); Rango De Nota: Entre 40 y 49', '2024-06-17', '21:08:18', '186.168.252.205', 'Linux', 'Chrome', 7),
(185, 'Crear Referencia', 'Periodo: 2023-1; Comentario: <div><span style=\"white-space: pre; white-space: normal;\"><font color=\"#495057\">	</font></span></div><div><font color=\"#495057\">La metodología del profesor es muy frustrante, no te vas a sacar una buena nota en casi ninguno de los laboratorios que el profesor proponga, no importa lo perfecto que esté, tu nota variara entre un 20 y un 30, y además no te va a dar explicación alguna de la nota, se centra en el proyecto final el cual es sumamente agotador.&nbsp;</font></div>; Pros: ; Contras: ; Fecha: 2024-06-17; Estado: 1; Profesor: CORONEL SEGURA CESAR AUGUSTO; Curso: ADQUISICION DE DATOS; Programa: Tecnología en Electrónica Industrial (Por ciclos propedéuticos); Rango De Nota: Entre 40 y 49', '2024-06-17', '21:15:36', '186.168.252.205', 'Linux', 'Chrome', 7),
(186, 'Crear Referencia', 'Periodo: 2023-1; Comentario: <p>Sus clases son muy buenas, es un muy buen profesor y es muy exigente en sus laboratorios</p>; Pros: ; Contras: ; Fecha: 2024-06-17; Estado: 1; Profesor: FONSECA VELASQUEZ ALDEMAR; Curso: ELECTRONICA APLICADA; Programa: Tecnología en Electrónica Industrial (Por ciclos propedéuticos); Rango De Nota: Entre 40 y 49', '2024-06-17', '21:17:05', '186.168.252.205', 'Linux', 'Chrome', 7),
(187, 'Crear Referencia', 'Periodo: 2023-3; Comentario: <p>Es un profesor bastante exigente pero muy pasable, se aprende mucho</p>; Pros: ; Contras: ; Fecha: 2024-06-17; Estado: 1; Profesor: PEDRAZA MARTINEZ LUIS FERNANDO; Curso: REDES DE COMUNICACIÓN; Programa: Tecnología en Electrónica Industrial (Por ciclos propedéuticos); Rango De Nota: Entre 40 y 49', '2024-06-17', '21:20:13', '186.168.252.205', 'Linux', 'Chrome', 7),
(188, 'Crear Referencia', 'Periodo: 2023-3; Comentario: <p>Es un profesor que usa un método distinto de aprendizaje, y a veces sus clases son muy complicadas, pero es muy pasable</p>; Pros: ; Contras: ; Fecha: 2024-06-17; Estado: 1; Profesor: RAMIREZ ESCOBAR JORGE FEDERICO; Curso: SISTEMAS DE CONTROL; Programa: Tecnología en Electrónica Industrial (Por ciclos propedéuticos); Rango De Nota: 50', '2024-06-17', '21:25:54', '186.168.252.205', 'Linux', 'Chrome', 7),
(189, 'Crear Referencia', 'Periodo: 2023-3; Comentario: <p>Es un profesor exigente en los informes, le gusta que los laboratorios salgan perfectos pero es muy pasable, sus parciales no son tan difíciles</p>; Pros: ; Contras: ; Fecha: 2024-06-17; Estado: 1; Profesor: ESLAVA BLANCO HERMES JAVIER; Curso: SISTEMAS DE COMUNICACIONES; Programa: Tecnología en Electrónica Industrial (Por ciclos propedéuticos); Rango De Nota: Entre 40 y 49', '2024-06-17', '21:27:59', '186.168.252.205', 'Linux', 'Chrome', 7),
(190, 'Crear Referencia', 'Periodo: 2023-3; Comentario: <p>Es una materia muy de practica y es muy interesante, la profesora explica muy bien los temas y se ponen en practica al instante</p>; Pros: ; Contras: ; Fecha: 2024-06-17; Estado: 1; Profesor: RODRIGUEZ LEON NAYIVER; Curso: ACCIONAMIENTOS NEUMATICOS-HIDRAULICOS; Programa: Tecnología en Electrónica Industrial (Por ciclos propedéuticos); Rango De Nota: Entre 40 y 49', '2024-06-17', '21:29:37', '186.168.252.205', 'Linux', 'Chrome', 7),
(191, 'Log In', '', '2024-06-17', '22:33:01', '181.237.45.249', 'Linux', 'Chrome', 30),
(192, 'Crear Referencia', 'Periodo: 2021-3; Comentario: Es un profesor muy exigente y de palabras fuertes, se aprende; Pros: ; Contras: ; Fecha: 2024-06-17; Estado: 1; Profesor: JAVIER ALBERTO OLARTE TORRES; Curso: FISICA I: MECANICA NEWTONIANA; Programa: Tecnología en Electrónica Industrial (Por ciclos propedéuticos); Rango De Nota: Entre 30 y 39', '2024-06-17', '22:41:02', '186.168.252.205', 'Linux', 'Chrome', 7),
(193, 'Log In', '', '2024-06-17', '22:42:51', '181.59.148.70', 'Linux', 'Chrome', 80),
(194, 'Log In', '', '2024-06-17', '23:35:44', '186.168.252.205', 'Linux', 'Chrome', 7),
(195, 'Log In', '', '2024-06-18', '00:09:02', '179.19.86.158', 'Linux', 'Chrome', 57),
(196, 'Log In', '', '2024-06-18', '09:38:21', '181.237.45.249', 'Linux', 'Chrome', 30),
(197, 'Log In', '', '2024-06-18', '11:16:34', '186.168.254.157', 'Linux', 'Chrome', 7),
(198, 'Log In', '', '2024-06-18', '12:30:26', '186.168.254.157', 'Linux', 'Chrome', 7),
(199, 'Log In', '', '2024-06-18', '16:49:17', '186.168.254.157', 'Linux', 'Chrome', 7),
(200, 'Log In', '', '2024-06-18', '16:54:02', '186.168.254.157', 'Linux', 'Chrome', 7),
(201, 'Log In', '', '2024-06-18', '19:30:49', '181.140.242.129', 'Linux', 'Chrome', 71),
(202, 'Log In', '', '2024-06-18', '20:10:09', '181.237.45.249', 'Linux', 'Chrome', 30),
(203, 'Log In', '', '2024-06-18', '21:54:29', '186.168.254.157', 'Linux', 'Chrome', 7);

-- --------------------------------------------------------

--
-- Table structure for table `Profesor`
--

CREATE TABLE `Profesor` (
  `idProfesor` int(11) NOT NULL,
  `nombre` varchar(100) COLLATE utf8_unicode_ci NOT NULL,
  `correo` varchar(100) COLLATE utf8_unicode_ci NOT NULL,
  `genero_idGenero` int(11) NOT NULL
) ENGINE=InnoDB DEFAULT CHARSET=utf8 COLLATE=utf8_unicode_ci TABLESPACE `itiud_referencialos_ud`;

--
-- Dumping data for table `Profesor`
--

INSERT INTO `Profesor` (`idProfesor`, `nombre`, `correo`, `genero_idGenero`) VALUES
(1, 'ACEVEDO PEREZ JHON VLADIMIR', 'jvacevedop@udistrital.edu.co', 2),
(2, 'ACOSTA SOLARTE PABLO ANDRES', 'paacostas@udistrital.edu.co', 2),
(3, 'AGREDA BASTIDAS ERNESTO', 'eagredab@udistrital.edu.co', 2),
(4, 'AGUDELO CARDENAS ALEXANDER', 'aagudeloc@udistrital.edu.co', 2),
(5, 'ALBA PULIDO RODRIGO', 'ralbap@udistrital.edu.co', 1),
(6, 'ALFEREZ RIVAS LUIS ERNESTO', 'lealferezr@udistrital.edu.co', 2),
(7, 'ALGARRA FAGUA DIANA STELLA', 'dsalgarraf@udistrital.edu.co', 1),
(8, 'ALVARADO MORENO ALEXANDER', 'aalvaradom@udistrital.edu.co', 2),
(9, 'ALVAREZ VIZCAINO NESTOR EDGAR', 'nealvarezv@udistrital.edu.co', 2),
(10, 'ALVIS FONSECA DIEGO ARMANDO', 'daalvisf@udistrital.edu.co', 2),
(11, 'APONTE GUTIERREZ JUAN CARLOS', 'jcaponteg@udistrital.edu.co', 2),
(12, 'ARAUJO OVIEDO CLAUDIA MARINA', 'cmaraujoo@udistrital.edu.co', 1),
(13, 'ARCO MUÑOZ NOE', 'narcom@udistrital.edu.co', 2),
(14, 'ARDILA ISMAEL ANTONIO', 'iaardila@udistrital.edu.co', 2),
(15, 'AREVALO YEISON ANDRES', 'aarevaloy@udistrital.edu.co', 2),
(16, 'ARIAS HENAO CAMILO ANDRES', 'carias@udistrital.edu.co', 2),
(17, 'AVELLANEDA LEAL ROSA MYRIAM', 'rmavellanedal@udistrital.edu.co', 1),
(18, 'AVENDAÑO AVENDAÑO CARLOS ALBERTO', 'caavendanoa@udistrital.edu.co', 2),
(19, 'AVENDAÑO AVENDAÑO EUSEBIO', 'eavendanoa@udistrital.edu.co', 2),
(20, 'AVENDAÑO AVENDAÑO MARYSOL', 'masavendanoa@udistrital.edu.co', 1),
(21, 'BALANTA CASTILLA NEVIS DE JESUS', 'nbalantac@udistrital.edu.co', 1),
(22, 'BAREÑO ROMERO EDICSON FERNEY', 'efbarenor@udistrital.edu.co', 2),
(23, 'BARRAGAN VIZCAYA FLOR ALBA', 'fabarraganb@udistrital.edu.co', 1),
(24, 'BARRANCO JONNY FERNELY', 'jfbarranco@udistrital.edu.co', 2),
(25, 'BARROS SANCHEZ RICARDO DE JESUS', 'rjbarross@udistrital.edu.co', 2),
(26, 'BAUTISTA HERRERA WILLIAM', 'wbautistah@udistrital.edu.co', 2),
(27, 'BECERRA CORREA NELSON REYNALDO', 'nrbecerrac@udistrital.edu.co', 2),
(28, 'BEJARANO BARRETO EDWARD HERNANDO', 'ehbejaranob@udistrital.edu.co', 2),
(29, 'BENAVIDES VEGA OSCAR ENRIQUE', 'oebenavidesv@udistrital.edu.co', 2),
(30, 'BENITEZ SAZA CLAUDIA ROCIO', 'crbenitezs@udistrital.edu.co', 1),
(31, 'BERDUGO ROMERO EDWING OSWALDO', 'eoberdugor@udistrital.edu.co', 2),
(32, 'BERMUDEZ BOHORQUEZ GIOVANNI RODRIGO', 'gbermudez@udistrital.edu.co', 2),
(33, 'BERNAL GARZON EILEEN', 'eibernalg@udistrital.edu.co', 1),
(34, 'BERNAL GOMEZ MIREYA', 'mbernalg@udistrital.edu.co', 1),
(35, 'BLANCO SIERRA FABIAN DARIO', 'fdblancos@udistrital.edu.co', 2),
(36, 'BONILLA ISAZA RUBEN DARIO', 'rdbonillai@udistrital.edu.co', 2),
(37, 'BUENO PINZON MAURICIO', 'mbueno@udistrital.edu.co', 2),
(38, 'BUITRAGO VALERO CARLOS JULIO', 'cjbuitrago@udistrital.edu.co', 2),
(39, 'BULLA PEREIRA EDWIN ALBERTO', 'eabullap@udistrital.edu.co', 2),
(40, 'BURITICA ARBOLEDA CLARA INES', 'ciburiticaa@udistrital.edu.co', 1),
(41, 'CABRALES CONTRERAS HUBER', 'hcabralesc@udistrital.edu.co', 2),
(42, 'CABRERA SANCHEZ JUAN DAVID', 'jdcabreras@udistrital.edu.co', 2),
(43, 'CADENA MUÑOZ ERNESTO', 'ecadenam@udistrital.edu.co', 2),
(44, 'CAICEDO JOSE ALEXANDER', 'jacaicedo@udistrital.edu.co', 2),
(45, 'CAMACHO VELANDIA MARISOL', 'mcamachov@udistrital.edu.co', 1),
(46, 'CAMACHO WILLIAM ALEXANDER', 'wacamacho@udistrital.edu.co', 2),
(47, 'CAMARGO CASALLAS ESPERANZA', 'ecamargoc@udistrital.edu.co', 1),
(48, 'CAÑAS VARON DAVID LEONARDO', 'dlcanasv@udistrital.edu.co', 2),
(49, 'CARANTON VELOZA JHON FREDDY', 'jfcarantonv@udistrital.edu.co', 2),
(50, 'CARDONA PERDOMO LUZ DINED', 'ldcardonap@udistrital.edu.co', 2),
(51, 'CARDOZO CHAUX MARIO JAVIER', 'mjcardozoc@udistrital.edu.co', 2),
(52, 'CARVAJAL MARQUEZ EDILMO', 'ecarvajalm@udistrital.edu.co', 2),
(53, 'CASTANG MONTIEL GERARDO ALBERTO', 'gacastangm@udistrital.edu.co', 2),
(54, 'CASTAÑO ARCILA MAURICIO', 'mcastanoa@udistrital.edu.co', 2),
(55, 'CASTAÑO TAMARA RICARDO', 'rcastanot@udistrital.edu.co', 2),
(56, 'CASTELLANOS MORENO FABIO HERNANDO', 'fcastellanosm@udistrital.edu.co', 2),
(57, 'CASTIBLANCO HERNANDE DIEGO ALFREDO', 'diacastiblancoh@udistrital.edu.co', 2),
(58, 'CASTILLO HERNANDEZ JAIRO ERNESTO', 'jcastillo@udistrital.edu.co', 2),
(59, 'CASTRILLON CAMACHO ARJUNA', 'acastrillonc@udistrital.edu.co', 2),
(60, 'CAVANZO NISO DORIS GUISELA', 'dgcavanzon@udistrital.edu.co', 1),
(61, 'CAVANZO NISSO GLORIA ANDREA', 'gacavanzon@udistrital.edu.co', 1),
(62, 'CELIS MARIN NORVELY', 'ncelism@udistrital.edu.co', 2),
(63, 'CELY CALLEJAS JOSE DAVID', 'jdcely@udistrital.edu.co', 2),
(64, 'CENDALES ROMERO URIAS', 'ucendalesr@udistrital.edu.co', 2),
(65, 'CHACON CEPEDA NORBERTO', 'nchaconc@udistrital.edu.co', 2),
(66, 'CHALA BUSTAMANTE EDGAR ARTURO', 'eachalab@udistrital.edu.co', 2),
(67, 'CHAPARRO ARBOLEDA ARMANDO ALFREDO', 'aachaparroa@udistrital.edu.co', 2),
(68, 'CHAPARRO CHAPARRO FAOLAIN', 'fchaparroc@udistrital.edu.co', 2),
(69, 'CHIQUIZA OCHOA MARIBEL', 'mchiquizao@udistrital.edu.co', 1),
(70, 'CIPAGAUTA LARA ELSY CAROLINA', 'eccipagautal@udistrital.edu.co', 1),
(71, 'CLAVIJO JOYA JULIAN RENE', 'jrclavijoj@udistrital.edu.co', 2),
(72, 'CORONEL SEGURA CESAR AUGUSTO', 'cacoronels@udistrital.edu.co', 2),
(73, 'CORREA MURILLO LUIS HERNANDO', 'lhcorream@udistrital.edu.co', 2),
(74, 'CRUZ GUAYACUNDO WILMER', 'wcruzg@udistrital.edu.co', 2),
(75, 'CRUZ RAMIREZ JOHN ALEXANDER', 'jacruzr@udistrital.edu.co', 2),
(76, 'DAZA TORRES JAVIER ORLANDO', 'jdazat@udistrital.edu.co', 2),
(77, 'DE ARMAS COSTA RICARDO', 'rjdearmasc@udistrital.edu.co', 2),
(78, 'DE LA ROSA SILVA LOURDES CLARISSA', 'lrosas@udistrital.edu.co', 1),
(79, 'DEAZA TRIANA NELSON JAVIER', 'njdeazat@udistrital.edu.co', 2),
(80, 'DELGADILLO GOMEZ EDUARDO ALBERTO', 'eadelgadillog@udistrital.edu.co', 2),
(81, 'DIAZ AREVALO JOSE LUIS', 'jldiaza@udistrital.edu.co', 2),
(82, 'DIAZ MONTAÑO EVELYN IVONNE', 'eidiazm@udistrital.edu.co', 1),
(83, 'DIAZ ORTIZ VICTOR HUGO', 'vdiaz@udistrital.edu.co', 2),
(84, 'DIAZ OSORIO MARCELA', 'mdiazo@udistrital.edu.co', 1),
(85, 'DIAZ OSSA WILMAR ALBERTO', 'wadiazo@udistrital.edu.co', 2),
(86, 'DIAZ RODRIGUEZ MIRTA ROCIO', 'mrdiazr@udistrital.edu.co', 1),
(87, 'DUEÑAS ROJAS JONNY RICARDO', 'jrduenasr@udistrital.edu.co', 2),
(88, 'ESCOBAR DIAZ ANDRES', 'aescobard@udistrital.edu.co', 2),
(89, 'ESLAVA BLANCO HERMES JAVIER', 'hjeslavab@udistrital.edu.co', 2),
(90, 'ESPEJO MOJICA OSCAR GABRIEL', 'ogespejom@udistrital.edu.co', 2),
(91, 'ESQUIVEL RAMIREZ RODRIGO ELIAS', 'reesquivelr@udistrital.edu.co', 2),
(92, 'FANDIÑO JORGE ENRIQUE', 'jefandinot@udistrital.edu.co', 2),
(93, 'FELIZZOLA CONTRERAS RODOLFO', 'rfelizzolac@udistrital.edu.co', 2),
(94, 'FERNANDEZ CASTILLO RAFAEL ENRIQUE', 'refernandezc@udistrital.edu.co', 2),
(95, 'FIERRO CASTAÑO PETER NELSON', 'pfierroc@udistrital.edu.co', 2),
(96, 'FINO SANDOVAL RAFAEL ALBERTO', 'rfinos@udistrital.edu.co', 2),
(97, 'FLOREZ FERNANDEZ HECTOR ARTURO', 'haflorezf@udistrital.edu.co', 2),
(98, 'FONSECA MEDARDO', 'mfonseca@udistrital.edu.co', 2),
(99, 'FONSECA VELASQUEZ ALDEMAR', 'afonseca@udistrital.edu.co', 2),
(100, 'FONSECA VELASQUEZ JIMMY', 'jfonsecav@udistrital.edu.co', 2),
(101, 'FORERO CASALLAS JOHN ALEJANDRO', 'jaforeroc@udistrital.edu.co', 2),
(102, 'FORERO CLAVIJO JORGE ENRIQUE', 'joeforeroc@udistrital.edu.co', 2),
(103, 'FUQUENE ARDILA HECTOR JULIO', 'hfuquene@udistrital.edu.co', 2),
(104, 'GARATEJO ESCOBAR OLGA CECILIA', 'ocgaratejoe@udistrital.edu.co', 1),
(105, 'GARAVITO LEON NELSON EDUARDO', 'negaravitol@udistrital.edu.co', 2),
(106, 'GARCES RENDON HUMBERTO ANTONIO', 'hagarcesr@udistrital.edu.co', 2),
(107, 'GARCIA ARRAZOLA ENRIQUE JOSE', 'ejgarciaa@udistrital.edu.co', 2),
(108, 'GARCIA MATEUS EDICSON GABRIEL', 'eggarciam@udistrital.edu.co', 2),
(109, 'GARCIA QUEVEDO FRANCYA INES', 'figarciaq@udistrital.edu.co', 1),
(110, 'GARZON CARREÑO PABLO EMILIO', 'pegarzonc@udistrital.edu.co', 2),
(111, 'GARZON CORREA MAGDA LORENA', 'mlgarzonc@udistrital.edu.co', 1),
(112, 'GAVILANES JOSE DARIO', 'jdgavilanes@udistrital.edu.co', 2),
(113, 'GIRAL RAMIREZ DIEGO ARMANDO', 'dagiralr@udistrital.edu.co', 2),
(114, 'GIRALDO RAMOS FRANK NIXON', 'fngiraldor@udistrital.edu.co', 2),
(115, 'GOMEZ CASTILLO HARVEY', 'hagomezca@udistrital.edu.co', 2),
(116, 'GOMEZ GOMEZ EDGAR LEONARDO', 'elgomezg@udistrital.edu.co', 2),
(117, 'GOMEZ JIMENEZ CARLOS ARTURO', 'cagomezj@udistrital.edu.co', 2),
(118, 'GOMEZ MORA MILLER', 'mgomezm@udistrital.edu.co', 2),
(119, 'GONZALEZ COLMENARES MAURICIO', 'mgonzalezc@udistrital.edu.co', 2),
(120, 'GONZALEZ MALDONADO GEOVANNY', 'ggonzalezm@udistrital.edu.co', 2),
(121, 'GONZALEZ SILVA RONALD', 'rgonzalezs@udistrital.edu.co', 2),
(122, 'GORDO MUSKUS RICARDO', 'rgordom@udistrital.edu.co', 2),
(123, 'GUASCA GONZALEZ ANDRES GUILLERMO', 'agguascag@udistrital.edu.co', 2),
(124, 'GUERRERO SALAS HUMBERTO', 'hguerreros@udistrital.edu.co', 2),
(125, 'GUEVARA BOLAÑOS JUAN CARLOS', 'jcguevarab@udistrital.edu.co', 2),
(126, 'GUEVARA VELANDIA GERMAN ANTONIO', 'gaguevarav@udistrital.edu.co', 2),
(127, 'GUTIERREZ MONTAÑA RUBEN EDUARDO', 'ruegutierrezm@udistrital.edu.co', 2),
(128, 'GUZMAN LAVERDE JORGE', 'jvguzmanl@udistrital.edu.co', 2),
(129, 'HERNANDEZ BELTRAN LEONARDO ANDRES', 'lahernandezb@udistrital.edu.co', 2),
(130, 'HERNANDEZ GARCIA CLAUDIA LILIANA', 'clhernandezg@udistrital.edu.co', 1),
(131, 'HERNANDEZ GUTIERREZ JAIRO', 'jhernandezg@udistrital.edu.co', 2),
(132, 'HERNANDEZ JAIRO ORLANDO', 'jaohernandez@udistrital.edu.co', 2),
(133, 'HERNANDEZ MARTINEZ HENRY ALBERTO', 'heahernandezm@udistrital.edu.co', 2),
(134, 'HERNANDEZ MORA JOHN RODRIGO', 'jrhernandezm@udistrital.edu.co', 2),
(135, 'HERNANDEZ RODRIGUEZ JORGE EDUARDO', 'jehernandezr@udistrital.edu.co', 2),
(136, 'HERNANDEZ SUAREZ CESAR AUGUSTO', 'cahernandezs@udistrital.edu.co', 2),
(137, 'HERRERA LUIS JORGE', 'ljherrera@udistrital.edu.co', 2),
(138, 'HIGUERA APARICIO JOSE MANUEL', 'jomhigueraa@udistrital.edu.co', 2),
(139, 'HUERTAS MARQUEZ DIEGO FERNANDO', 'dfhuertasm@udistrital.edu.co', 2),
(140, 'HUERTAS SANABRIA JOSE RAFAEL', 'jrhuertass@udistrital.edu.co', 2),
(141, 'HURTADO CORTES LUINI LEONARDO', 'coordinador-otri@udistrital.edu.co', 2),
(142, 'HURTADO MOJICA ROGER ANDERSON', 'rahurtadom@udistrital.edu.co', 2),
(143, 'IBAÑEZ OLAYA HENRY FELIPE', 'hfibanezo@udistrital.edu.co', 2),
(144, 'INFANTE MORENO WILSON', 'winfantem@udistrital.edu.co', 2),
(145, 'JACINTO GOMEZ EDWAR', 'ejacintog@udistrital.edu.co', 2),
(146, 'JAIMES CONTRERAS LUIS ALBERTO', 'lajaimesc@udistrital.edu.co', 2),
(147, 'JARAMILLO VILLAMIZAR LENIN OSWALDO', 'lojaramillov@udistrital.edu.co', 2),
(148, 'JIMENEZ TRIANA ALEXANDER', 'ajimenezt2@udistrital.edu.co', 2),
(149, 'LADINO MORENO EDGAR ORLANDO', 'eoladinom@udistrital.edu.co', 2),
(150, 'LEGUIZAMON PAEZ MIGUEL ANGEL', 'maleguizamonp@udistrital.edu.co', 2),
(151, 'LEON ESPINOSA EDNA ALEJANDRA', 'ealeone@udistrital.edu.co', 1),
(152, 'LEON GARCIA JUAN CARLOS', 'jcleong@udistrital.edu.co', 2),
(153, 'LEYTON VASQUEZ HERNANDO EVELIO', 'heleytonv@udistrital.edu.co', 2),
(154, 'LOPEZ CHACON YERSON ALEJANDRO', 'yalopezc@udistrital.edu.co', 2),
(155, 'LOPEZ GONZALEZ ROSENDO', 'rlopezg@udistrital.edu.co', 2),
(156, 'LOPEZ LEZAMA JUAN CARLOS', 'jclopezl@udistrital.edu.co', 2),
(157, 'LOPEZ MACIAS JAVIER', 'jlopezm@udistrital.edu.co', 2),
(158, 'LOPEZ MARTINEZ GERMAN ARTURO', 'galopezm@udistrital.edu.co', 2),
(159, 'LOPEZ PALOMINO PAULO MARCELO', 'pmlopezp@udistrital.edu.co', 2),
(160, 'LOSADA FIGUEROA CESAR FERNANDO', 'cflosadaf@udistrital.edu.co', 2),
(161, 'LOZADA ROMERO ROXMERY', 'rmlozadar@udistrital.edu.co', 1),
(162, 'LUENGAS CONTRERAS LELY ADRIANA', 'laluengasc@udistrital.edu.co', 1),
(163, 'LUGO GONZALEZ ARMANDO', 'alugog@udistrital.edu.co', 2),
(164, 'LUGO GONZALEZ CARLOS', 'clugog@udistrital.edu.co', 2),
(165, 'LUGO GONZALEZ LUZ MARINA', 'lmlugog@udistrital.edu.co', 1),
(166, 'MADRID SOTO NANCY ESPERANZA', 'nemadrids@udistrital.edu.co', 1),
(167, 'MANJARRES GARCIA GUILLERMO ANTONIO', 'gamanjarresg@udistrital.edu.co', 2),
(168, 'MANRIQUE MUÑOZ ALVARO', 'amanriquem@udistrital.edu.co', 2),
(169, 'MANTILLA BAUTISTA EDGAR JAVIER', 'ejmantillab@udistrital.edu.co', 2),
(170, 'MARTINEZ BUITRAGO DIANA ISABEL', 'dimartinezb@udistrital.edu.co', 1),
(171, 'MARTINEZ CAMARGO DORA MARCELA', 'dmmartinezc@udistrital.edu.co', 1),
(172, 'MARTINEZ GONZALEZ RICARDO', 'rmartinezg@udistrital.edu.co', 2),
(173, 'MARTINEZ RICAURTE OSCAR JAVIER', 'ojmartinezr@udistrital.edu.co', 2),
(174, 'MARTINEZ SANTA FERNANDO', 'fmartinezs@udistrital.edu.co', 2),
(175, 'MARTINEZ SARMIENTO FREDY HERNAN', 'fhmartinezs@udistrital.edu.co', 2),
(176, 'MARULANDA CELEITA JORGE ', 'jamarulandac@udistrital.edu.co', 2),
(177, 'MAYORGA MORATO MANUEL ALFONSO', 'mamayorgam@udistrital.edu.co', 2),
(178, 'MEDINA GAMBA ANDRES FELIPE', 'afmedinag@udistrital.edu.co', 2),
(179, 'MEDINA GONZALEZ MAGDA ', 'mlmedinag@udistrital.edu.co', 1),
(180, 'MEDINA GONZALEZ MAGDA LILIANA', 'mlmedinag@udistrital.edu.co', 1),
(181, 'MEDINA MONROY OSCAR MAURICIO', 'ommedinam@udistrital.edu.co', 2),
(182, 'MEJIA ALVAREZ BIBIANA FARLLEY', 'ifmejiaa@udistrital.edu.co', 1),
(183, 'MEJIA VILLAMIL ANDRES ERNESTO', 'aemejiav@udistrital.edu.co', 2),
(184, 'MENA SERNA MILTON', 'mmenas@udistrital.edu.co', 2),
(185, 'MONCADA ESPITIA ANDRES', 'amoncadae@udistrital.edu.co', 2),
(186, 'MONROY CASTRO JUAN CARLOS', 'jucmonroyc@udistrital.edu.co', 2),
(187, 'MONROY DIAZ JOSE ISRAEL', 'jimonroyd@udistrital.edu.co', 2),
(188, 'MONTANA MESA JORGE ENRIQUE', 'jemontanam@udistrital.edu.co', 2),
(189, 'MONTAÑA QUINTERO NILZON', 'nmontanaq@udistrital.edu.co', 2),
(190, 'MONTEALEGRE MARTINEZ JOSELIN', 'jmontealiegrem@udistrital.edu.co', 2),
(191, 'MONTEZUMA OBANDO GERMAN', 'gmontezumao@udistrital.edu.co', 2),
(192, 'MONTIEL ARIZA HOLMAN', 'hmontiela@udistrital.edu.co', 2),
(193, 'MORENO ACOSTA HENRY', 'hmorenoa@udistrital.edu.co', 2),
(194, 'MORENO FLAUTERO LUIS ALEJANDRO', 'lamorenof@udistrital.edu.co', 2),
(195, 'MORENO HERRERA DIEGO ARMANDO', 'damorenoh@udistrital.edu.co', 2),
(196, 'MORENO HURTADO ALEJANDRO', 'amorenoh@udistrital.edu.co', 2),
(197, 'MORENO PENAGOS CLAUDIA MABEL', 'cmmorenop@udistrital.edu.co', 1),
(198, 'MORENO TORRES CARLOS HUMBERTO', 'chmorenot@udistrital.edu.co', 2),
(199, 'MOSQUERA PALACIOS DARIN JAIRO', 'djmosquerap@udistrital.edu.co', 2),
(200, 'MUÑOZ BELLO NICOLAS GABRIEL', 'ngmunozb@udistrital.edu.co', 2),
(201, 'MURCIA RODRIGUEZ WILLIAM ALEXANDER', 'wamurciar@udistrital.edu.co', 2),
(202, 'MURILLO RONDON FRED GEOVANNY', 'fgmurillor@udistrital.edu.co', 2),
(203, 'NAICIPA OTALORA JAIRO', 'jnaicipao@udistrital.edu.co', 2),
(204, 'NAVARRO MEJIA DAVID RAFAEL', 'drnavarrom@udistrital.edu.co', 2),
(205, 'NAVARRO MEJIA WILMAN ENRIQUE', 'wnavarro@udistrital.edu.co', 2),
(206, 'NIVIA VARGAS ANGELICA MERCEDES', 'amniviav@udistrital.edu.co', 1),
(207, 'NOGUERA VEGA LUIS ANTONIO', 'lanoguerav@udistrital.edu.co', 2),
(208, 'NOVOA ROLDAN KRISTEL SOLANGE', 'ksnovoar@udistrital.edu.co', 1),
(209, 'NOVOA TORRES NORBERTO', 'nnovoat@udistrital.edu.co', 2),
(210, 'OJEDA MARULANDA DAVID', 'dojedam@udistrital.edu.co', 2),
(211, 'OLEA SUAREZ DORIS MARLENE', 'dmoleas@udistrital.edu.co', 1),
(212, 'ORDOÑEZ RODRIGUEZ PAOLA DOLORES', 'pdordonezr@udistrital.edu.co', 1),
(213, 'ORTIZ SUAREZ HELMUT EDGARDO', 'heortizs@udistrital.edu.co', 2),
(214, 'OSPINA USAQUEN MIGUEL ANGEL', 'maospinau@udistrital.edu.co', 2),
(215, 'PALMA VANEGAS NELLY PAOLA', 'nppalmav@udistrital.edu.co', 1),
(216, 'PANTOJA BENAVIDES JAIME FRANCISCO', 'jfpantojab@udistrital.edu.co', 2),
(217, 'PARDO AMAYA DIEGO ALEJANDRO', 'dpardoa@udistrital.edu.co', 2),
(218, 'PARDO HEREDIA ANGELA', 'apardoh@udistrital.edu.co', 1),
(219, 'PARRA PEÑA JAVIER', 'jparrap@udistrital.edu.co', 2),
(220, 'PASTRAN BELTRAN CARLOS GREGORIO', 'cgpastranb@udistrital.edu.co', 2),
(221, 'PASTRAN BELTRAN OSWALDO', 'opastranb@udistrital.edu.co', 2),
(222, 'PATERNINA DURAN JESUS MANUEL', 'jmpaterninad@udistrital.edu.co', 2),
(223, 'PATIÑO BERNAL MARLON', 'marlonpb@udistrital.edu.co', 2),
(224, 'PATIÑO SANCHEZ DANIEL FRANCISCO', 'dfpatinos@udistrital.edu.co', 2),
(225, 'PEDRAZA MARTINEZ LUIS FERNANDO', 'lfpedrazam@udistrital.edu.co', 2),
(226, 'PEÑA TRIANA JEAN YECID', 'jypenat@udistrital.edu.co', 2),
(227, 'PEÑA TRIANA ROSA MARGARITA', 'rmpenat@udistrital.edu.co', 1),
(228, 'PEREZ CARO HERMENT', 'hperezc@udistrital.edu.co', 2),
(229, 'PEREZ MEDINA ELISEO', 'eperezm@udistrital.edu.co', 2),
(230, 'PEREZ PEREZ PEDRO JAVIER', 'pjperezp@udistrital.edu.co', 2),
(231, 'PEREZ SANTOS ALEXANDRA SASHENKA', 'asperezs@udistrital.edu.co', 1),
(232, 'PEREZ TORRES YONATHAN ANDRES', 'yaperezt@udistrital.edu.co', 2),
(233, 'PINEDA JAIMES JORGE ARTURO', 'japinedaj@udistrital.edu.co', 2),
(234, 'PINILLA SUAREZ HECTOR ORLANDO', 'hopinillas@udistrital.edu.co', 2),
(235, 'PINTO CRUZ EDGAR ANTONIO', 'eapintoc@udistrital.edu.co', 2),
(236, 'PINZON LOPEZ HECTOR ALFONSO', 'hapinzonl@udistrital.edu.co', 2),
(237, 'PINZON NUÑEZ SONIA ALEXANDRA', 'spinzon@udistrital.edu.co', 1),
(238, 'PINZON RUEDA MARTHA EDITH', 'mepinzonr@udistrital.edu.co', 1),
(239, 'PINZON RUEDA WILSON ALEXANDER', 'wapinzon@udistrital.edu.co', 2),
(240, 'PORRAS BOADA RICARDO ENRIQUE', 'reporrasb@udistrital.edu.co', 2),
(241, 'PORRAS BOHADA JORGE EDUARDO', 'jeporrasb@udistrital.edu.co', 2),
(242, 'PUENTES JAIRO HERNANDO', 'jhpuentes@udistrital.edu.co', 2),
(243, 'QUINTERO REYES RODRIGO', 'rquinteror@udistrital.edu.co', 2),
(244, 'QUITIAN BUSTOS RUTH MERY', 'rmquitianb@udistrital.edu.co', 1),
(245, 'RAHIM GARZON GLADYS P. ABDEL', 'garahimg@udistrital.edu.co', 1),
(246, 'RAIRAN ANTOLINES JOSE DANILO', 'drairan@udistrital.edu.co', 2),
(247, 'RAMIREZ ACERO JULIO CESAR', 'jcramireza@udistrital.edu.co', 2),
(248, 'RAMIREZ ESCOBAR JORGE FEDERICO', 'jframirez@udistrital.edu.co', 2),
(249, 'RAMIREZ SANCHEZ GLORIA', 'gramirezs@udistrital.edu.co', 1),
(250, 'REYES MOZO JOSE VICENTE', 'jvreyesm@udistrital.edu.co', 2),
(251, 'RIAÑO PULIDO ANDRES JHOVANY', 'ajrianop@udistrital.edu.co', 2),
(252, 'RINCON GUALDRON JOHAN ALEXANDER', 'jarincong@udistrital.edu.co', 2),
(253, 'RIOS MONTOYA JENNY ALEXANDRA', 'jariosm@udistrital.edu.co', 1),
(254, 'RIVERA AGUILAR FREDY ALEXANDER', 'rariveraa@udistrital.edu.co', 2),
(255, 'RIVEROS GOMEZ VICTOR HUGO', 'vhriverosg@udistrital.edu.co', 2),
(256, 'ROCHA CASTELLANOS DAIRO', 'dgrochac@udistrital.edu.co', 2),
(257, 'ROCHA SALAMANCA MAURICIO FERNANDO', 'mfrochas@udistrital.edu.co', 2),
(258, 'RODRIGUEZ ARANGO EMILIANO', 'erodrigueza@udistrital.edu.co', 2),
(259, 'RODRIGUEZ BARRERA MARIO ALBERTO', 'marodriguezb@udistrital.edu.co', 2),
(260, 'RODRIGUEZ FLORIAN ROMAN LEONARDO', 'rlrodriguezf@udistrital.edu.co', 2),
(261, 'RODRIGUEZ GUERRERO ROCIO', 'rrodriguezg@udistrital.edu.co', 2),
(262, 'RODRIGUEZ LEON NAYIVER', 'narodriguezl@udistrital.edu.co', 1),
(263, 'RODRIGUEZ MONDRAGON LUIS FERNANDO', 'luferodriguezm@udistrital.edu.co', 2),
(264, 'RODRIGUEZ MONTANA FERY PATRICIA', 'fprodriguezm@udistrital.edu.co', 1),
(265, 'RODRIGUEZ MONTAÑA NELSON EDUARDO', 'nerodriguezm@udistrital.edu.co', 2),
(266, 'RODRIGUEZ QUINTERO JAVIER GIOVANNY', 'jgrodriguezq@udistrital.edu.co', 2),
(267, 'RODRIGUEZ RINCON BRAHIAN FABIANS', 'bfrodriguezr@udistrital.edu.co', 2),
(268, 'RODRIGUEZ RODRIGUEZ JORGE ENRIQUE', 'jerodriguezr@udistrital.edu.co', 2),
(269, 'RODRIGUEZ TEQUI YUDY MARCELA', 'ymrodriguezt@udistrital.edu.co', 1),
(270, 'ROJAS CASTELLAR LUIS ALEJANDRO', 'larojasc@udistrital.edu.co', 2),
(271, 'ROJAS OBANDO LUIS CARLOS', 'lucrojaso@udistrital.edu.co', 2),
(272, 'ROJAS QUIROGA ANIBAL NICOLAS', 'narojasq@udistrital.edu.co', 2),
(273, 'ROMAN CASTILLO RUTH ESPERANZA', 'rroman@udistrital.edu.co', 2),
(274, 'ROMERO ARIZA CARLOS ANDRES', 'caaromeroa@udistrital.edu.co', 2),
(275, 'ROMERO DUQUE GUSTAVO ANDRES', 'garomerod@udistrital.edu.co', 2),
(276, 'ROMERO GARCIA MARILUZ', 'mromerog@udistrital.edu.co', 1),
(277, 'ROMERO MESTRE HENRY ALFONSO', 'haromerom@udistrital.edu.co', 2),
(278, 'ROMERO RODRIGUEZ JORGE ENRIQUE', 'joeromeror@udistrital.edu.co', 2),
(279, 'ROMERO SUAREZ WILSON LEONARDO', 'wlromeros@udistrital.edu.co', 2),
(280, 'RUA YANEZ LAURA MARCELA', 'lmruay@udistrital.edu.co', 1),
(281, 'RUBIANO CRUZ JONATHAN JAIR', 'jjrubianoc@udistrital.edu.co', 2),
(282, 'RUIZ CAICEDO JAIRO ALFONSO', 'jruiz@udistrital.edu.co', 2),
(283, 'RUSINQUE PADILLA ALEJANDRA MARITZA', 'amrusinquep@udistrital.edu.co', 1),
(284, 'SABY BELTRAN JORGE ENRIQUE', 'jesabyb@udistrital.edu.co', 2),
(285, 'SALAS RUIZ ROBERTO EMILIO', 'resalasr@udistrital.edu.co', 2),
(286, 'SALAZAR GUALDRON JUAN CARLOS', 'jcsalazarg@udistrital.edu.co', 2),
(287, 'SALGADO DURAN OLGA PATRICIA', 'opsalgadod@udistrital.edu.co', 1),
(288, 'SANABRIA VERGARA YOANNY', 'ysanabriav@udistrital.edu.co', 2),
(289, 'SANCHEZ COTTE EDGAR HUMBERTO', 'gi-viasypavimentos@udistrital.edu.co', 2),
(290, 'SANCHEZ GONZALEZ DIEGO', 'dsanchezg@udistrital.edu.co', 2),
(291, 'SEGURA BOLIVAR JOHN ALEXANDER', 'jasegurab@udistrital.edu.co', 2),
(292, 'SERNA DIAZ JOSE LEONARDO', 'jlsernad@udistrital.edu.co', 2),
(293, 'SICACHA ROJAS GERMAN', 'gsicachar@udistrital.edu.co', 2),
(294, 'SOLER CUBIDES FREIL EDUARDO', 'fesolerc@udistrital.edu.co', 2),
(295, 'SUAREZ DIAZ LUIS FRANCISCO', 'lfsuarezd@udistrital.edu.co', 2),
(296, 'SUAREZ SERRANO MONICA YINETTE', 'mysuarezs@udistrital.edu.co', 1),
(297, 'TELLO CASTAÑEDA MARTHA LUCIA', 'mtelloc@udistrital.edu.co', 1),
(298, 'TENORIO BAUTISTA JULIETH ALEXANDRA', 'jatenoriob@udistrital.edu.co', 1),
(299, 'TERREROS CANTOR LUIS ORLANDO', 'loterrerosc@udistrital.edu.co', 2),
(300, 'TOLEDO BALLEN ALFONSO', 'atoledob@udistrital.edu.co', 2),
(301, 'TORRES RIVEROS ALVARO ROGELIO', 'artorresr@udistrital.edu.co', 2),
(302, 'TORRES SUAREZ SERGIO ANDRES', 'satorress@udistrital.edu.co', 2),
(303, 'UBAQUE BRITO KAROL YOBANI', 'kyubaqueb@udistrital.edu.co', 2),
(304, 'ULLOA RODRIGUEZ MANUEL ALFREDO', 'maulloar@udistrital.edu.co', 2),
(305, 'URIBE BECERRA JOSE ERNESTO', 'euribeb@udistrital.edu.co', 2),
(306, 'URIBE SUAREZ GERMAN', 'guribes@udistrital.edu.co', 2),
(307, 'URREGO RIVILLAS LIBIA SUSANA', 'lsurregor@udistrital.edu.co', 1),
(308, 'VACCA GONZALEZ HAROLD', 'hvacca@udistrital.edu.co', 2),
(309, 'VANEGAS CARLOS ALBERTO', 'cavanegas@udistrital.edu.co', 2),
(310, 'VANEGAS PARRA HENRY SAMIR', 'hsvanegasp@udistrital.edu.co', 2),
(311, 'VARGAS HERNANDEZ NAZLY', 'nvargash@udistrital.edu.co', 1),
(312, 'VARGAS MADRID JUAN RAMON', 'jrvargas@udistrital.edu.co', 2),
(313, 'VARGAS SANCHEZ NELSON ARMANDO', 'navargass@udistrital.edu.co', 2),
(314, 'VASQUEZ ARRIETA TOMAS ANTONIO', 'tavasquez@udistrital.edu.co', 2),
(315, 'VELANDIA RODRIGUEZ CARLOS HERBERTY', 'chvelandiar@udistrital.edu.co', 2),
(316, 'VELASCO PEÑA MARCO ANTONIO', 'mavelascop@udistrital.edu.co', 2),
(317, 'VELASQUEZ MOYA XIMENA AUDREY', 'xavelasquezm@udistrital.edu.co', 1),
(318, 'VILLALOBOS MEDINA JUAN DE JESUS', 'jdvillalobosm@udistrital.edu.co', 2),
(319, 'VILLARRAGA RIAÑO ANDRES FELIPE', 'afvillarragar@udistrital.edu.co', 2),
(320, 'VILLOTA POSSO HERNANDO ANTONIO', 'havillotap@udistrital.edu.co', 2),
(321, 'WANUMEN SILVA LUIS FELIPE', 'lwanumen@udistrital.edu.co', 2),
(322, 'WILCHES CAÑON CARLOS FERNANDO', 'cfwilchesc@udistrital.edu.co', 2),
(323, 'ZABALA ALVAREZ JOHN FREDY', 'jfzabalaa@udistrital.edu.co', 2),
(324, 'ZAMBRANO BERRIO REYNALDO', 'rzambranob@udistrital.edu.co', 2),
(325, 'ZAMBRANO CASTRO MARTIN GERMAN', 'mgzambranoc@udistrital.edu.co', 2),
(326, 'ZAMBRANO CAVIEDES JUAN NEPOMUCENO', 'jzambranoc@udistrital.edu.co', 2),
(327, 'ZAMBRANO URBANO HAROLD LEON', 'hlzambranou@udistrital.edu.co', 2),
(328, 'ZAMUDIO HUERTAS EDUARDO', 'ezamudioh@udistrital.edu.co', 2),
(329, 'ZULUAGA ATEHORTUA IVAN DARIO', 'dzulu@udistrital.edu.co', 2),
(330, 'MORENO MOSQUERA ASDRUBAL', 'amorenom@udistrital.edu.co', 2),
(331, 'OLARTE TORRES JAVIER ALBERTO', 'jaolartet@udistrital.edu.co', 2),
(332, 'ACEVEDO ROJAS JULIO EDUARDO', 'jeacevedor@udistrital.edu.co', 2),
(333, 'ACOSTA GEMPELER MARTIN EDWARDO', 'meacostag@udistrital.edu.co', 2),
(334, 'ACOSTA MARROQUIN NADIA PAOLA', 'npacostam@udistrital.edu.co', 1),
(335, 'AFRICANO WILLIAM CAMILO', 'wafricano@udistrital.edu.co', 2),
(336, 'AGUDELO COLORADO ELKIN DARIO', 'edagudeloc@udistrital.edu.co', 2),
(337, 'AGUDELO GOMEZ NESTOR GUSTAVO', 'ngagudelog@udistrital.edu.co', 2),
(338, 'AGUDELO RONDON ANTONIO ARNOVIS', 'aagudelor@udistrital.edu.co', 2),
(339, 'ALARCON FERNANDEZ FABIOLA', 'falarconf@udistrital.edu.co', 1),
(340, 'ALDANA GUTIERREZ YERALDINE', 'yaldanag@udistrital.edu.co', 1),
(341, 'ALONSO GALEANO NELSON ARTURO', 'nalonsog@udistrital.edu.co', 2),
(342, 'ALONSO GONZALEZ AZUCENA', 'aalonsog@udistrital.edu.co', 1),
(343, 'ALVAREZ AGUIRRE MONICA LEDA', 'mledaa@udistrital.edu.co', 1),
(344, 'ALVAREZ ALVAREZ MARIA YANNETH', 'myalvareza@udistrital.edu.co', 1),
(345, 'AMORTEGUI PAOLA ANDREA', 'pavergaraa@udistrital.edu.co', 1),
(346, 'ANGULO NOGUERA YAMILET', 'yangulon@udistrital.edu.co', 1),
(347, 'ARAUJO OVIEDO MARIA LUISA', 'mlaraujoo@udistrital.edu.co', 1),
(348, 'ARCE NARVAEZ GLORIA CRISTINA', 'gcarcen@udistrital.edu.co', 1),
(349, 'ARCOS MARTINEZ FABIO OMAR', 'farcos@udistrital.edu.co', 2),
(350, 'AREVALO TRUJILLO LUZ MYRIAM', 'lmarevalot@udistrital.edu.co', 2),
(351, 'ARGOTE PAVI XIMENA', 'xargotep@udistrital.edu.co', 1),
(352, 'ARGUELLO DIANA', 'daarguellot@udistrital.edu.co', 1),
(353, 'CUEVAS ARIAS ADRIANA CONSTANZA', 'accuevasa@udistrital.edu.co', 1),
(354, 'ARIAS ALBAÑIL MIGUEL ANGEL', 'maariasa@udistrital.edu.co', 2),
(355, 'ARIAS GOMEZ DIEGO HERNAN', 'dhariasg@udistrital.edu.co', 2),
(356, 'ARIZA HERNANDEZ NOHORA PATRICIA', 'nparizah@udistrital.edu.co', 1),
(357, 'AVENDAÑO PEÑA CAROLINA', 'cavendanop@udistrital.edu.co', 1),
(358, 'AVILA MOLINA ANGELICA MARIA', 'amavilam@udistrital.edu.co', 1),
(359, 'AVILA VICTOR MANUEL', 'vmavilap@udistrital.edu.co', 2),
(360, 'AYALA TARQUINO ALVARO ENRIQUE', 'aeayalat@udistrital.edu.co', 2),
(361, 'BAEZ LEON JAIME ANDRES', 'jabaezl@udistrital.edu.co', 2),
(362, 'BARON DUARTE JOSUE ALEXANDRO', 'jabarond@udistrital.edu.co', 2),
(363, 'BARRAGAN ELIZABETH', 'jeroab@udistrital.edu.co', 1),
(364, 'BARRANTES CLAVIJO JESUS ESTEBAN', 'jebarrantesc@udistrital.edu.co', 2),
(365, 'BARRERA COBOS NUBIA FARID', 'nfbarrerac@udistrital.edu.co', 1),
(366, 'BECERRA GALINDO LUIS FRANCISCO', 'lfbeccerrag@udistrital.edu.co', 2),
(367, 'BELLO CUBIDES OSCAR HENYER', 'ohbelloc@udistrital.edu.co', 2),
(368, 'BELTRAN GUTIERREZ HECTOR EDWIN', 'hebeltran@udistrital.edu.co', 2),
(369, 'BELTRAN JIMENEZ HAROLD', 'hbeltranj@udistrital.edu.co', 2),
(370, 'BELTRAN RIAÑO DANIEL ERNESTO', 'debeltranr@udistrital.edu.co', 2),
(371, 'BERNAL CASAS JOSE MAURICIO', 'jmbernalc@udistrital.edu.co', 2),
(372, 'BERNAL CORTES ANDREA ALEXANDRA', 'aabernalc@udistrital.edu.co', 1),
(373, 'BERNAL GONZALEZ CHRISTIAN CAMILO', 'ccbernalg@udistrital.edu.co', 2),
(374, 'BETANCOURT GODOY JOSE JAVIER', 'jbetancourt@udistrital.edu.co', 2),
(375, 'BLANCO SUAREZ JORGE ORLANDO', 'joblancos@udistrital.edu.co', 2),
(376, 'BOHORQUEZ MENDOZA LAURA GISELLA', 'lgbohorquezm@udistrital.edu.co', 1),
(377, 'BOLAÑOS FLORIDO LEIDY PAOLA', 'lpbolanosf@udistrital.edu.co', 1),
(378, 'BONILLA RAMOS FABIO ALONSO', 'fabonillar@udistrital.edu.co', 2),
(379, 'BORJA OROZCO MIRIAN GLIDIS', 'mborja@udistrital.edu.co', 1),
(380, 'BORJA SUAREZ JOSE LIBARDO', 'jlborjas@udistrital.edu.co', 2),
(381, 'BOTHERT ORTIZ KARINA CLAUDIA', 'kcbothert@udistrital.edu.co', 1),
(382, 'BRAVO PIÑEROS NESTOR FABIAN', 'nfbravop@udistrital.edu.co', 2),
(383, 'BRICEÑO CASTAÑEDA SERGIO RAMIRO', 'sbricenoc@udistrital.edu.co', 2),
(384, 'BUENO TORRES RICARDO ALFONSO', 'rabuenot@udistrital.edu.co', 2),
(385, 'BUITRAGO LIDI LORENA', 'llbuitragob@udistrital.edu.co', 1),
(386, 'BUSTAMANTE BOHORQUEZ BORYS RAFAEL', 'brbustamante@udistrital.edu.co', 2),
(387, 'BUSTOS MONTENEGRO SEGUNDO SABATELLI', 'ssbustos@udistrital.edu.co', 2),
(388, 'CABREJO RUIZ PEDRO ADOLFO', 'pacabrejor@udistrital.edu.co', 2),
(389, 'CABRERA GOMEZ DIANA CAROLINA', 'dccabrerag@udistrital.edu.co', 1),
(390, 'CALDERON OMER', 'ocalder@udistrital.edu.co', 2),
(391, 'CAMACHO CALDERON ALEJANDRO', 'acamachoc@udistrital.edu.co', 2),
(392, 'CAMACHO TELLEZ JEISON HERLEY', 'jhcamachot@udistrital.edu.co', 2),
(393, 'CAMELO BUSTOS FRANCISCO JAVIER', 'fjcamelob@udistrital.edu.co', 2),
(394, 'CANDIA HURTADO MARTHA CECILIA', 'mccandiah@udistrital.edu.co', 1),
(395, 'CARDENAS BENITEZ WILMER JAVIER', 'wjcardenasb@udistrital.edu.co', 2),
(396, 'CARDONA RODRIGUEZ GIOVANNI', 'gcardonar@udistrital.edu.co', 2),
(397, 'NOCUA CARO DIANA PRISILIA', 'dpnocuac@udistrital.edu.co', 1),
(398, 'CARRANZA VARGAS EDWIN ALFREDO', 'eacarranzav@udistrital.edu.co', 2),
(399, 'CARRILLO CRUZ CARLOS ENRIQUE', 'cecarrilloc@udistrital.edu.co', 2),
(400, 'CASALLAS RODRIGUEZ LUZ ANGELA', 'lacasallasr@udistrital.edu.co', 1),
(401, 'CASTIBLANCO ABRIL OLGA LUCIA', 'olcastiblancoa@udistrital.edu.co', 1),
(402, 'CASTIBLANCO MORENO JOHANNA ASTRID', 'jacastiblancom@udistrital.edu.co', 1),
(403, 'CASTIBLANCO ROLDAN ANDRES FERNANDO', 'afcastiblancor@udistrital.edu.co', 2),
(404, 'CASTILLO HERNANDEZ ADRIANA ESTHER', 'aecastilloh@udistrital.edu.co', 1),
(405, 'CASTILLO HERNANDEZ GISELLE', 'gcastilloh@udistrital.edu.co', 2),
(406, 'CASTILLO ORDOÑEZ ELSY YANETH', 'eycastilloo@udistrital.edu.co', 1),
(407, 'CASTILLO RIGOBERTO', 'rcastillo@udistrital.edu.co', 2),
(408, 'CASTRILLON CARDONA WILLIAM FERNANDO', 'wfcastrillon@udistrital.edu.co', 2),
(409, 'CASTRILLON CASTRO CARLOS MARIO', 'cmcastrillonc@udistrital.edu.co', 2),
(410, 'CASTRILLON SANCHEZ HERMAN ALBERTO', 'hacastrillons@udistrital.edu.co', 2),
(411, 'CASTRO ARCINIEGAS HENRRY MAURICIO', 'hmcastroa@udistrital.edu.co', 2),
(412, 'CASTRO BARBOSA SOL MERCEDES', 'smcastrob@udistrital.edu.co', 2),
(413, 'CASTRO CORTES CLAUDIA CECILIA', 'cccastroc@udistrital.edu.co', 1),
(414, 'CASTRO GERMAN DIEGO', 'gdcastro@udistrital.edu.co', 2),
(415, 'CASTRO LESMES SANDRA LUZ', 'slcastrol@udistrital.edu.co', 1),
(416, 'CASTRO LOPEZ OSCAR ARMANDO', 'oacastrol@udistrital.edu.co', 2),
(417, 'CASTRO MIGUEZ LUIS ALEXANDER', 'lacastrom@udistrital.edu.co', 2),
(418, 'CELIS MONTEALEGRE EDWIN RODRIGO', 'ercelism@udistrital.edu.co', 2),
(419, 'CELIS VARGAS DIANA MILENA', 'dmcelisv@udistrital.edu.co', 1),
(420, 'CELY BETANCOURT BLANCA LUCIA', 'blcelyb@udistrital.edu.co', 1),
(421, 'CERA HERNANDEZ JULIAN AURELIO', 'jacerah@udistrital.edu.co', 2),
(422, 'CESPEDES DE PALACIOS MYRIAM CONSUELO', 'mccespedes@udistrital.edu.co', 1),
(423, 'CHIRIVI JOYA DANIEL ANDRES', 'dachirivij@udistrital.edu.co', 2),
(424, 'CHISABA PEREIRA CRISTIAN ALEJANDRO', 'cachisabap@udistrital.edu.co', 2),
(425, 'CONTRERAS TENJO LUIS FRANCISCO', 'lfcontrerast@udistrital.edu.co', 2),
(426, 'CORDERO VEGA PABLO ANDRES', 'pacorderov@udistrital.edu.co', 2),
(427, 'CORREDOR CALDERON LUIS ALEJANDRO', 'alcorreodrc@udistrital.edu.co', 2),
(428, 'CORTES NAVARRO LUISA FERNANDA', 'lfcortesn@udistrital.edu.co', 1),
(429, 'COTE BALLESTEROS DIEGO ALEJANDRO', 'dacoteb@udistrital.edu.co', 2),
(430, 'CRISTANCHO ALTUZARRA JOSE GABRIEL', 'jgcristanchoa@udistrital.edu.co', 2),
(431, 'CRUZ BONILLA YESID JAVIER', 'yjcruzb@udistrital.edu.co', 2),
(432, 'CRUZ OSORIO CARLOS HUMBERTO', 'chcruzo@udistrital.edu.co', 2),
(433, 'CUBILLOS SANCHEZ IVAN LUIS', 'icubilloss@udistrital.edu.co', 2),
(434, 'CUDRIS GARCIA EDISON FRANCISCO', 'efcrudisg@udistrital.edu.co', 2),
(435, 'CUERVO ALONSO JOHN FRANCISCO', 'jfcuervoa@udistrital.edu.co', 2),
(436, 'CUESTA RUEDA JOSE ANDRES', 'jacuestar@udistrital.edu.co', 2),
(437, 'DAVILA GONZALEZ GLORIA RAQUEL', 'grdavilag@udistrital.edu.co', 1),
(438, 'DAVILA RUBIO ALEJANDRO MAURICIO', 'amdavilar@udistrital.edu.co', 2),
(439, 'DAZA ARDILA DIANA DEL SOCORRO', 'dddaza@udistrital.edu.co', 1),
(440, 'DE LA TORRE BURBANO OMAIRA BEATRIZ', 'odelatorre@udistrital.edu.co', 1),
(441, 'DELGADILLO CELY INGRID SISSY', 'isdelgadilloc@udistrital.edu.co', 1),
(442, 'DELGADO FAJARDO BERTA INES', 'bidelgadof@udistrital.edu.co', 1),
(443, 'DELGADO GOMEZ MIGUEL ANGEL', 'madelgado@udistrital.edu.co', 2),
(444, 'DELGADO RODRIGUEZ INES', 'idelgador@udistrital.edu.co', 1),
(445, 'DEVIA CASTILLO BEATRIZ OFELIA', 'bodeviac@udistrital.edu.co', 1),
(446, 'DIAZ CASTIBLANCO MAURA IMELDA', 'midiazc@udistrital.edu.co', 1),
(447, 'DIAZ ORTEGON JHON ALEXANDER', 'jadiazo@udistrital.edu.co', 2),
(448, 'DIAZ RODRIGUEZ JUAN PABLO', 'juanpdiazr@udistrital.edu.co', 2),
(449, 'DIAZ SOLER CARLOS JILMAR', 'cjdiazs@udistrital.edu.co', 2),
(450, 'DORADO CARLOS ALBERTO', 'cadordadoh@udistrital.edu.co', 2),
(451, 'ECHEVERRI DUVAN EMILIO', 'dejaramilloe@udistrital.edu.co', 2),
(452, 'ELIZALDE GLORIA', 'gselizaldeb@udistrital.edu.co', 1),
(453, 'ESCOBAR RINCON LILIANA DEL PILAR', 'ldescobarr@udistrital.edu.co', 1),
(454, 'ESPINOSA RIVERA OSCAR EDUARDO', 'oeespinosar@udistrital.edu.co', 2),
(455, 'ESPITIA VILLA LLERIS VICENTE', 'lvespitiav@udistrital.edu.co', 2),
(456, 'FAJARDO RUEDA SERGIO ANDRES', 'safajardor@udistrital.edu.co', 2),
(457, 'CESAR ANDRES FALLA SANCHEZ', 'cafallas@udistrital.edu.co', 2),
(458, 'FERNANDEZ LUNA BIBIAN PAOLA', 'bpfernandezl@udistrital.edu.co', 1),
(459, 'FERRER FRANCO YURY DE JESUS', 'ydferrerf@udistrital.edu.co', 1),
(460, 'FLOREZ HUGO MANUEL', 'hmfloreza@udistrital.edu.co', 2),
(461, 'FONSECA AMAYA GUILLERMO', 'gfonsecaa@udistrital.edu.co', 2),
(462, 'FONSECA GONZALEZ JAIME', 'jfonsecag@udistrital.edu.co', 1),
(463, 'FORERO CHACON NELSON LIBARD', 'nforero@udistrital.edu.co', 2),
(464, 'FORERO CONTRERAS OLGA MILENA', 'omforeroc@udistrital.edu.co', 1),
(465, 'FORERO POVEDA ALBERTO', 'aforerop@udistrital.edu.co', 2),
(466, 'FUENTES ALVAREZ MAYTEE CECILIA', 'mcfuentesa@udistrital.edu.co', 1),
(467, 'GABANZO HOYOS OMAR', 'ogabanzoh@udistrital.edu.co', 2),
(468, 'GALLEGO TORRES ROMULO ANDRES', 'ragallegot@udistrital.edu.co', 2),
(469, 'GAMBOA MORA MARIA CRISTINA', 'mcgamboam@udistrital.edu.co', 1),
(470, 'GARAY URRUTIA FERNANDO', 'fgaray@udistrital.edu.co', 2),
(471, 'GARCIA ARIAS PABLO', 'pagarciaa@udistrital.edu.co', 2),
(472, 'GARCIA DUSSAN EDER ALEXANDER', 'eagarciad@udistrital.edu.co', 2),
(473, 'GARCIA GARCIA ALEXANDER', 'agarciag@udistrital.edu.co', 2),
(474, 'GARCIA MARTINEZ ALVARO', 'alvaro.garcia@udistrital.edu.co', 2),
(475, 'GARCIA ORTIZ DORIS LISED', 'lgarcia@udistrital.edu.co', 1),
(476, 'GARCIA ORTIZ JOSUE ANSELMO', 'jagarcia@udistrital.edu.co', 2),
(477, 'GARCIA RIOS DIANA PATRICIA', 'dpgarciar@udistrital.edu.co', 1),
(478, 'GARCIA SANCHEZ LUIS CARLOS', 'lcgarcia@udistrital.edu.co', 2),
(479, 'GARI MURIEL GARY', 'ggarim@udistrital.edu.co', 2),
(480, 'GARZON CHIRIVI OMAR ALBERTO', 'oagarzonc@udistrital.edu.co', 2),
(481, 'GARZON TORRES MITCHEL ALEXANDER', 'magarzont@udistrital.edu.co', 2),
(482, 'GIL CHAVES DIANA', 'dgilc@udistrital.edu.co', 1),
(483, 'GIRALDO ACUÑA JUAN CARLOS', 'jcgiraldoa@udistrital.edu.co', 2),
(484, 'GIRALDO QUINTERO GUSTAVO', 'ggiraldoq@udistrital.edu.co', 2),
(485, 'GODOY MORALES OLGA LUCIA', 'ogodoy@udistrital.edu.co', 1),
(486, 'GOMEZ BEDOYA ALEJANDRO', 'agomezb@udistrital.edu.co', 2),
(487, 'GOMEZ BONILLA NANCY', 'ngomezb@udistrital.edu.co', 1),
(488, 'GOMEZ NAVAS DIANA MARCELA', 'dmgomezn@udistrital.edu.co', 1),
(489, 'GOMEZ PEREZ NEMIAS', 'nemiasgomezp@udistrital.edu.co', 2),
(490, 'GONGORA JOSE HERNANDO', 'johergon@udistrital.edu.co', 2),
(491, 'GONZALEZ ALVARADO MAGDA LILIANA', 'mlgonzaleza@udistrital.edu.co', 1),
(492, 'GONZALEZ CELY JOSE WILSON', 'jwgonzalezc@udistrital.edu.co', 2),
(493, 'GONZALEZ CLARA IVONNE', 'cigonzalez@udistrital.edu.co', 1),
(494, 'GONZALEZ CRUZ JOSE MANUEL', 'jomgonzalezc@udistrital.edu.co', 2),
(495, 'GONZALEZ GARCIA VICENTE', 'vgonzalezg@udistrital.edu.co', 2),
(496, 'GONZALEZ JEISON ALEXANDER', 'jagonzalez@udistrital.edu.co', 2),
(497, 'GONZALEZ MANIOS FERNANDO', 'fgonzalezm@udistrital.edu.co', 2),
(498, 'GONZALEZ MELO HAMLET SANTIAGO', 'hsgonzalezm@udistrital.edu.co', 2),
(499, 'GONZALEZ TORO JUAN MANUEL', 'jmgonzalezt@udistrital.edu.co', 2),
(500, 'GORDILLO ALFONSO ADRIANA', 'agordillo@udistrital.edu.co', 1),
(501, 'GUACANEME CARDOZO ANDRES MAURICIO', 'amguacanemec@udistrital.edu.co', 2),
(502, 'GUARIN MARTHA YANETH', 'myguarin@udistrital.edu.co', 1),
(503, 'GUERRA GONZALEZ ALEJANDRO', 'aguerrag@udistrital.edu.co', 2),
(504, 'GUERRERO GARAY DIEGO', 'dguerrerog@udistrital.edu.co', 2),
(505, 'GUERRERO RECALDE NESTOR FERNANDO', 'nfguerreror@udistrital.edu.co', 2),
(506, 'GUEVARA PULIDO JAMES OSWALDO', 'joguevarap@udistrital.edu.co', 2),
(507, 'GUTIERREZ CANIZALEZ JAIRO', 'jgutierrezc@udistrital.edu.co', 2),
(508, 'GUTIERREZ FAJARDO ISIDRO', 'igutierrezf@udistrital.edu.co', 2),
(509, 'GUZMAN LEAL GINNA MAGALY', 'gmguzmanl@udistrital.edu.co', 1),
(510, 'GUZMAN MUNAR MARGOTH', 'mguzmanm@udistrital.edu.co', 1),
(511, 'GUZMAN SERRATO ANDRES FELIPE', 'afguzmans@udistrital.edu.co', 2),
(512, 'HERNANDEZ BERNAL ANA PATRICIA', 'aphernandezb@udistrital.edu.co', 1),
(513, 'HERNANDEZ CANO EDILBERTO', 'edihernandezc@udistrital.edu.co', 2),
(514, 'HERNANDEZ LEON YENIFER JOHANA', 'yjhernandezl@udistrital.edu.co', 1),
(515, 'HERNANDEZ URREGO SANDRA CECILIA', 'schernandezu@udistrital.edu.co', 1),
(516, 'HERREÑO FIERRO CESAR AURELIO', 'caherrenof@udistrital.edu.co', 2),
(517, 'HIGUERA GONZALEZ JOSE MARIO', 'jmhiguerag@udistrital.edu.co', 2),
(518, 'HUERTAS MOYA OSCAR REYNED', 'ohuertasm@udistrital.edu.co', 2),
(519, 'HURTADO RODRIGUEZ LAURA CAROLINA', 'lchurtador@udistrital.edu.co', 1),
(520, 'INFANTE ACEVEDO RAUL', 'rainfantea@udistrital.edu.co', 2),
(521, 'INFANTE LUNA ESPERANZA DEL PILAR', 'epinfantel@udistrital.edu.co', 1),
(522, 'INFANTE MEJIA JUAN FRANCISCO', 'jfinfantem@udistrital.edu.co', 2),
(523, 'JACOME MUÑOZ CARLOS EFRAIN', 'cjacome@udistrital.edu.co', 2),
(524, 'JARA HUERFANO ALVARO  ESNEIDER', 'aejarah@udistrital.edu.co', 2),
(525, 'JARAMILLO BARON VESPASIANO', 'vjaramillob@udistrital.edu.co', 2),
(526, 'JARAMILLO GARCIA ANDREA MILENA', 'amjaramillog@udistrital.edu.co', 1),
(527, 'JARAMILLO MANTILLA MARIA DEL PILAR', 'mdjaramillom@udistrital.edu.co', 1),
(528, 'JIMENEZ ARCHILA ANDRES', 'anjimeneza@udistrital.edu.co', 2),
(529, 'JIMENEZ BECERRA ABSALON', 'abjimenezb@udistrital.edu.co', 2),
(530, 'JIMENEZ BORREGO LUIS CAMILO', 'lcjimenezb@udistrital.edu.co', 2),
(531, 'JIMENEZ MEDINA JENNY ALEXANDRA', 'jajimenezm@udistrital.edu.co', 1),
(532, 'JIMENEZ MONTOYA JESUS ALVARO', 'jajimenez@udistrital.edu.co', 2),
(533, 'JUNCA RODRIGUEZ CESAR MAURICIO', 'cmjuncar@udistrital.edu.co', 2),
(534, 'JUTINICO FERNANDEZ MARIA DEL SOCORRO', 'mdjutinicof@udistrital.edu.co', 1),
(535, 'LARA BUITRAGO PAOLA ANDREA', 'palarab@udistrital.edu.co', 1),
(536, 'LEON ACUÑA LAURA MARCELA', 'lmleon@udistrital.edu.co', 1),
(537, 'LEON CASTILLO JHON ALEXANDER', 'jhaleonc@udistrital.edu.co', 2),
(538, 'LEON RODRIGUEZ ANA MARIA', 'amleonr@udistrital.edu.co', 1),
(539, 'LEYVA ROJAS JOSE ALFONSO', 'jaleyvar@udistrital.edu.co', 2),
(540, 'LISCANO LOPEZ PATRICIA INES', 'pliscano@udistrital.edu.co', 1),
(541, 'LIZARAZO GUERRERO ANDERSSON HERNANDO', 'ahlizarazog@udistrital.edu.co', 2),
(542, 'LOPEZ BELTRAN ADRIANA CAROLINA', 'aclopezb@udistrital.edu.co', 1),
(543, 'LOPEZ BENITEZ DEISY PATRICIA', 'dplopezb@udistrital.edu.co', 1),
(544, 'LOPEZ CAMACHO ADRIANA', 'alopezc@udistrital.edu.co', 1),
(545, 'LOPEZ DELGADO GLADYS', 'glopezd@udistrital.edu.co', 1),
(546, 'LOPEZ DIAZ HEDDY', 'hlopezd@udistrital.edu.co', 2),
(547, 'LOPEZ VEGA SEGUNDO ALFONSO', 'salopezv@udistrital.edu.co', 2),
(548, 'MAHECHA ESPINOSA DANNIS ROBERTO', 'drmahechae@udistrital.edu.co', 2),
(549, 'MAHECHA JIMENEZ OSCAR JAVIER', 'ojmahechaj@udistrital.edu.co', 2),
(550, 'MALAVER RODRIGUEZ JUAN ANTONIO', 'jamalaverr@udistrital.edu.co', 2),
(551, 'MALAVER RODRIGUEZ RODRIGO', 'rmalaverr@udistrital.edu.co', 2),
(552, 'MALDONADO GARCIA MIGUEL ANGEL', 'mamaldonadog@udistrital.edu.co', 2),
(553, 'MANCERA ORTIZ GABRIEL', 'gmancerao@udistrital.edu.co', 2),
(554, 'MANGA DONOSO JEFERSSON DAVID', 'jdmangad@udistrital.edu.co', 2),
(555, 'MANRIQUE LAGOS ADRY LILIANA', 'almanriquel@udistrital.edu.co', 1),
(556, 'MARROQUIN FIERRO RAFAEL', 'rmarroquin@udistrital.edu.co', 2),
(557, 'MARTINEZ ALZATE ALEXANDRA', 'amartineza@udistrital.edu.co', 1),
(558, 'MARTINEZ GOMEZ JULIAN ANDRES', 'jamartinezg@udistrital.edu.co', 2),
(559, 'MARTINEZ GUERRERO CARLOS ALBERTO', 'camartinezg@udistrital.edu.co', 2),
(560, 'MARTINEZ UZETA CAROLINA', 'cmartinezu@udistrital.edu.co', 1),
(561, 'MARULANDA HIDALGO LYNN', 'lmarulanda@udistrital.edu.co', 1),
(562, 'MATEUS VARGAS MARITZA', 'mmateusv@udistrital.edu.co', 1),
(563, 'MATULEVICH PELAEZ JAVIER ANDRES', 'jamatulevichp@udistrital.edu.co', 2),
(564, 'MAZO TORO BLANCA NIDIA', 'bnmazot@udistrital.edu.co', 1),
(565, 'MCNEIL FERNANDEZ ALEJANDRO', 'amcneilf@udistrital.edu.co', 2),
(566, 'MEDINA ESTRADA LINA MARIA', 'lmmedinae@udistrital.edu.co', 1),
(567, 'MEDINA GONZALEZ YEIMY MARITZA', 'jmmedinag@udistrital.edu.co', 1),
(568, 'MEDINA MAHECHA IRIS GARDENIA', 'igmedinam@udistrital.edu.co', 1),
(569, 'MEJIA BAÑOS MANUEL ANTONIO', 'mamejiab@udistrital.edu.co', 2),
(570, 'MENDEZ JULIANA CATALINA', 'jcmendeza@udistrital.edu.co', 1),
(571, 'MENDEZ LARA JEISSON STEVEN', 'jsmendezl@udistrital.edu.co', 2),
(572, 'MENDOZA GOMEZ IVETH MARGENY', 'immendozag@udistrital.edu.co', 1),
(573, 'MESTRA OSORIO ARMINIO DEL CRISTO', 'admestrao@udistrital.edu.co', 2),
(574, 'MEZA RODRIGUEZ MARIA ANGELICA', 'mamezar@udistrital.edu.co', 1),
(575, 'MOJICA RIOS LIDA', 'lmojica@udistrital.edu.co', 1),
(576, 'MOLANO CAMARGO FRANK', 'fmolanoc@udistrital.edu.co', 2),
(577, 'MOLINA HUERTAS ROSALBA', 'rmolinah@udistrital.edu.co', 1),
(578, 'MOLINA VASQUEZ RUTH', 'rmolinav@udistrital.edu.co', 1),
(579, 'MONCADA CARDENAS LILIA BIBIANA', 'lbmoncada@udistrital.edu.co', 1),
(580, 'MONROY CAÑON IGNACIO ALBERTO', 'iamonroyc@udistrital.edu.co', 2),
(581, 'MONTENEGRO ALDANA JAIRO ALBERTO', 'jamontenegro@udistrital.edu.co', 2),
(582, 'MONTERO LONDOÑO JANNETH CRISTINA', 'ycmonterol@udistrital.edu.co', 1),
(583, 'MORA RUIZ DANIEL STEVEN', 'dsmorar@udistrital.edu.co', 2),
(584, 'MORALES GARCIA JOHN FREDY', 'jfmoralesg@udistrital.edu.co', 2),
(585, 'MORALES LOPEZ PEDRO', 'pmoralesl@udistrital.edu.co', 2),
(586, 'MORALES RAMIREZ ANDRES MAURICIO', 'ammoralesr@udistrital.edu.co', 2),
(587, 'MORALES ROZO NATALIA', 'nmoralesr@udistrital.edu.co', 1),
(588, 'MORENO LACHE NUBIA', 'nmorenol@udistrital.edu.co', 1),
(589, 'MORENO PEÑUELA CARLOS FERNANDO', 'cfmorenop@udistrital.edu.co', 2),
(590, 'MOSQUERA MOSQUERA JORGE FIDEL', 'jfmosquera@udistrital.edu.co', 2),
(591, 'MOSQUERA SUAREZ CARLOS JAVIER', 'cmosquera@udistrital.edu.co', 2),
(592, 'MUNEVAR ESPITIA EDWIN', 'emunevare@udistrital.edu.co', 2),
(593, 'MUÑOZ ALBARRACIN LIZ MAYOLY', 'lmmunoza@udistrital.edu.co', 1),
(594, 'MUÑOZ FERNANDEZ RUBEN', 'rmunozf@udistrital.edu.co', 2),
(595, 'NEIRA APONTE MANUEL VICENTE', 'mvneiraa@udistrital.edu.co', 2),
(596, 'NEIRA UNEME ANGELA VIRGINIA', 'avneirau@udistrital.edu.co', 1),
(597, 'NICHOLLS ANZOLA MIGUEL ANGEL', 'manichollsa@udistrital.edu.co', 2),
(598, 'NIETO USECHE SANDRA', 'snietou@udistrital.edu.co', 1),
(599, 'NIÑO GALEANO GERMAN ANTONIO', 'ganinog@udistrital.edu.co', 2),
(600, 'NOVOA PATIÑO JOSE BENEDICTO', 'jbnovoap@udistrital.edu.co', 2),
(601, 'ORDOÑEZ JIMENEZ ANDRES FELIPE', 'afordonezj@udistrital.edu.co', 2),
(602, 'ORDUZ CARLOS ANDRES', 'caorduz@udistrital.edu.co', 2),
(603, 'ORJUELA OSORIO CLAUDIA PATRICIA', 'cporjuelao@udistrital.edu.co', 1),
(604, 'ORTIZ CARABALLO CARLOS DANIEL', 'cdortizc@udistrital.edu.co', 2),
(605, 'ORTIZ OROZCO YENNY ROCIO', 'yrortizo@udistrital.edu.co', 1),
(606, 'ORTIZ SALAMANCA HENRY MAURICIO', 'hmortizs@udistrital.edu.co', 2),
(607, 'ORTIZ SOLANO CARLOS ALBERTO', 'caortizs@udistrital.edu.co', 2),
(608, 'OTALORA MORENO FABIO ALBERTO', 'faotaloram@udistrital.edu.co', 2),
(609, 'OVIEDO POVEDA IBON', 'ioviedop@udistrital.edu.co', 2),
(610, 'PABON GUEVARA TEO FABIAN', 'tfpabong@udistrital.edu.co', 2),
(611, 'PACHON DE LOS ANGELES MEJIA AMALIA', 'apachonm@udistrital.edu.co', 1),
(612, 'PAEZ MADERA MEYRA JUDITH', 'mjpaez@udistrital.edu.co', 1),
(613, 'PALOMINO AMADOR JHON FREDY', 'jfpalominoa@udistrital.edu.co', 2),
(614, 'PARADA BERNAL MIGUEL ANGEL', 'maparadab@udistrital.edu.co', 2),
(615, 'PARRA CASTAÑEDA JOSE HERIBERTO', 'jhparrac@udistrital.edu.co', 2),
(616, 'PARSONS DELGADO ASTRID XIMENA', 'axparsonsd@udistrital.edu.co', 1),
(617, 'PASCAGAZA ORTIZ LUIS EDUARDO', 'lepascagaza@udistrital.edu.co', 2),
(618, 'PEDRAZA C ROSA TATIANA', 'rtpedrazac@udistrital.edu.co', 1),
(619, 'PEÑA ACUÑA FREDY', 'fpenaa@udistrital.edu.co', 2),
(620, 'PEÑA MELENDEZ WILSON LIBARDO', 'wlpenam@udistrital.edu.co', 2),
(621, 'PEÑA PEÑA LAURA CATALINA', 'lcpenap@udistrital.edu.co', 1),
(622, 'PEREA ACEVEDO ADRIAN JOSE', 'ajpereaa@udistrital.edu.co', 2),
(623, 'PEREZ CUBIDES JAVIER ALONSO', 'japerezc@udistrital.edu.co', 2),
(624, 'PERILLA TRIANA WILSON YESID', 'wyperillat@udistrital.edu.co', 2),
(625, 'TORRES PINEDA NOHORA ESPERANZA', 'npineda@udistrital.edu.co', 1),
(626, 'PINILLA CHAPARRO DIEGO ARMANDO', 'dapinillac@udistrital.edu.co', 2),
(627, 'PINILLA ESCOBAR FREDY ALEXANDER', 'fapinillae@udistrital.edu.co', 2),
(628, 'PINILLA GONZALEZ JAIRO RICARDO', 'jrpinilla@udistrital.edu.co', 2),
(629, 'PINILLA MARLON ALEJANDRO', 'mpinilla@udistrital.edu.co', 2),
(630, 'PIRAZAN SOTOL EDITH YANETH', 'eypirazans@udistrital.edu.co', 1),
(631, 'PIRELA MORILLO JOHANN ENRIQUE', 'jepirelam@udistrital.edu.co', 2),
(632, 'PLATA MARTINEZ HANZ', 'hplatam@udistrital.edu.co', 2),
(633, 'POLO BUITRAGO SANDRA MILENA', 'smpolob@udistrital.edu.co', 1),
(634, 'POSADA ORTIZ JULIA ZORAIDA', 'jzposadao@udistrital.edu.co', 1),
(635, 'POVEDA CRUZ CRISTIAN DAVID', 'pccristiand@udistrital.edu.co', 2),
(636, 'PRADA GUEVARA JHOAN CAMILO', 'jcpradag@udistrital.edu.co', 2),
(637, 'PRADO MIREYA ROCIO', 'mrprado@udistrital.edu.co', 1),
(638, 'PULIDO BORIS MAURICIO', 'bmpulidop@udistrital.edu.co', 2),
(639, 'PULIDO GOMEZ JAIRO NELSON', 'jnpulidog@udistrital.edu.co', 2),
(640, 'PULIDO GONZALEZ WALTER ALEXIS', 'wapulidog@udistrital.edu.co', 2),
(641, 'PULIDO NIÑO OMAR GIOVANNY', 'ogpulidon@udistrital.edu.co', 2),
(642, 'QUEVEDO CARDENAS LUIS ARMANDO', 'laquevedo@udistrital.edu.co', 2),
(643, 'QUINTANA RAMIREZ ANTONIO', 'aquintana@udistrital.edu.co', 2),
(644, 'QUINTANA VILLA LILIANA', 'lquintanav@udistrital.edu.co', 1),
(645, 'QUINTERO BOGOTA DIANA CAROLINA', 'dcquinterob@udistrital.edu.co', 1),
(646, 'QUITIAN BERNAL SANDRA PATRICIA', 'spquitianb@udistrital.edu.co', 1),
(647, 'RAMIREZ CABANZO ANA BRIZET', 'abramirezc@udistrital.edu.co', 1),
(648, 'RAMIREZ EDGAR ALFONSO', 'earamirez@udistrital.edu.co', 2),
(649, 'RAMIREZ VALENCIA ASTRID', 'aramirezv@udistrital.edu.co', 1),
(650, 'RAMOS CASTIBLANCO WILMAR FRANCISCO', 'wframosc@udistrital.edu.co', 2),
(651, 'RAMOS RINCON JAIDITH MARIZOL', 'jmramosr@udistrital.edu.co', 1),
(652, 'RATIVA VELANDIA MARLENE', 'mrativav@udistrital.edu.co', 1),
(653, 'RAVELO MENDEZ ROISMAN ENRIQUE', 'reravelom@udistrital.edu.co', 2),
(654, 'RENDON LARA DIEGO BERNARDO', 'dbrendonl@udistrital.edu.co', 2),
(655, 'REY HERRERA JOHANNA MILENA', 'jmreyh@udistrital.edu.co', 1),
(656, 'REYES OSCAR ORLANDO', 'ooreyesr@udistrital.edu.co', 2),
(657, 'REYES RONCANCIO JAIME DUVAN', 'jdreyesr@udistrital.edu.co', 2),
(658, 'RIAÑO TORRES CARLOS ALBERTO', 'carianot@udistrital.edu.co', 2),
(659, 'RIBERO SALAZAR FABIO ANDRES', 'fariberos@udistrital.edu.co', 2),
(660, 'RINCON AVELLANEDA CLARA ELIANA', 'cerincona@udistrital.edu.co', 1),
(661, 'RINCON MUÑOZ FLOR ANGELA', 'farincon@udistrital.edu.co', 1),
(662, 'RIVERA SORIANO ANGELA SOFIA', 'asriveras@udistrital.edu.co', 1),
(663, 'RIVEROS SOLORZANO HERNAN JAVIER', 'hjriveross@udistrital.edu.co', 2),
(664, 'ROA CARDENAS FABIO LORENZO', 'froac@udistrital.edu.co', 2),
(665, 'ROBLES PINEROS JAIRO', 'jroblesp@udistrital.edu.co', 2),
(666, 'ROCHA SALAMANCA PEDRO GERARDO', 'pgrocha@udistrital.edu.co', 2),
(667, 'RODRIGUEZ BEJARANO JORGE', 'jorgeedumat@udistrital.edu.co', 2),
(668, 'RODRIGUEZ GARCIA JOSEFA ANTONIA', 'jarodriguezg@udistrital.edu.co', 1),
(669, 'RODRIGUEZ RODRIGUEZ CESAR AUGUSTO', 'carodriguezr@udistrital.edu.co', 2),
(670, 'RODRIGUEZ RODRIGUEZ HUMBERTO ALEXIS', 'harodriguez@udistrital.edu.co', 2),
(671, 'RODRIGUEZ URIBE GUILLERMO', 'grodriguezu@udistrital.edu.co', 2),
(672, 'ROJAS ALVAREZ GLORIA MARIELA', 'grojasa@udistrital.edu.co', 1),
(673, 'ROJAS ARIAS SANDRA PATRICIA', 'sprojasa@udistrital.edu.co', 1),
(674, 'ROJAS RINCON VANESSA ALEJANDRA', 'varojasr@udistrital.edu.co', 1),
(675, 'ROMERO CORDOBA ANGELO ALFREDO', 'aaromeroc@udistrital.edu.co', 2),
(676, 'ROMERO CRUZ JAIME HUMBERTO', 'jaimeedumat@udistrital.edu.co', 2),
(677, 'ROMERO PATIÑO CAROLINA', 'cromerop@udistrital.edu.co', 1),
(678, 'RUBIO CANCINO ELIANA MARIA', 'emrubioc@udistrital.edu.co', 1),
(679, 'RUEDA ESTEBAN MARTHA  ALEXANDRA', 'maruedae@udistrital.edu.co', 1),
(680, 'RUIZ HERNANDEZ LUIS IGNACIO', 'liruizh@udistrital.edu.co', 2),
(681, 'RUIZ PACHECO NELLY JANNETH', 'njruizp@udistrital.edu.co', 1),
(682, 'SAAVEDRA ESPITIA EDWIN CAMILO', 'ecsaavedrae@udistrital.edu.co', 2),
(683, 'SAENZ LUZ HELENA', 'lhsaenz@udistrital.edu.co', 1),
(684, 'SALAMANCA JULIAN ANDRES', 'jasalamanca@udistrital.edu.co', 2),
(685, 'SALAS RODRIGUEZ JHON FREDY', 'jfsalasr@udistrital.edu.co', 2),
(686, 'SALAS SARMIENTO YECID JAVIER', 'yjsalass@udistrital.edu.co', 2),
(687, 'SALCEDO ORTIZ LEON FABIO', 'lfsalcedoo@udistrital.edu.co', 2),
(688, 'SALGADO BOCANEGRA CAMILO', 'csalgadob@udistrital.edu.co', 2),
(689, 'SAMACA BOHORQUEZ YOLANDA', 'ysamacab@udistrital.edu.co', 1),
(690, 'SANABRIA PINEDA NESTOR JAVIER', 'njsanabriap@udistrital.edu.co', 2),
(691, 'SANCHEZ AMAYA TOMAS', 'tsancheza@udistrital.edu.co', 2),
(692, 'SANCHEZ ARDILA JORGE DAVID', 'jdsanchez@udistrital.edu.co', 2),
(693, 'SANCHEZ CASTRO ANGELICA PATRICIA', 'apsanchezc@udistrital.edu.co', 1),
(694, 'SANCHEZ FERNANDEZ RICARDO ALBERTO', 'rasanchezf@udistrital.edu.co', 2),
(695, 'SANCHEZ LOPEZ EDWIN FERNANDO', 'efsanchezl@udistrital.edu.co', 2),
(696, 'SANCHEZ PRADA JANETH CONSUELO', 'ycsanchezp@udistrital.edu.co', 1),
(697, 'SANCHEZ RIVERA SONIA LICED', 'slsanchezr@udistrital.edu.co', 1),
(698, 'SANCHEZ ROBAYO BRIGITTE JOHANNA', 'bjsanchezr@udistrital.edu.co', 1),
(699, 'SANCHEZ SIERRA JUAN CARLOS', 'jucsanchezs@udistrital.edu.co', 2),
(700, 'SANDOVAL ELIANA YISETH', 'eysandovalh@udistrital.edu.co', 1),
(701, 'SANDOVAL GUZMAN BETTY', 'bsandoval@udistrital.edu.co', 1),
(702, 'SANTANA GOMEZ LEIDY FERNANDA', 'lfsantanag@udistrital.edu.co', 1),
(703, 'SANTOYO RENDON JULIO ERNESTO', 'jesantoyor@udistrital.edu.co', 2),
(704, 'SARMIENTO LOZANO JAIME HERNANDO', 'jhsarmientol@udistrital.edu.co', 2),
(705, 'SARMIENTO LOZANO LUIS EDUARDO', 'lesarmientol@udistrital.edu.co', 2),
(706, 'SERNA DIMAS ADRIAN EDUARDO', 'aeserna@udistrital.edu.co', 2),
(707, 'SERRATO SUAREZ OSCAR EDUARDO', 'oeserratos@udistrital.edu.co', 2),
(708, 'SIERRA GORDILLO JAVIER ARMANDO', 'jasierrag@udistrital.edu.co', 2),
(709, 'SILVA ABRIL JOHANNA LIZETH', 'jlsilvaa@udistrital.edu.co', 1),
(710, 'SILVA ALFONSO KATHERIN LORENA', 'klsilvaa@udistrital.edu.co', 1),
(711, 'SILVA FITATA LEIDY JOHANNA', 'ljsilvaf@udistrital.edu.co', 1),
(712, 'SOLANO VEGA LUIS ANDRES', 'lasolanov@udistrital.edu.co', 2),
(713, 'SORIANO ORTIZ ARNOLD ALBERTO', 'aasorianoo@udistrital.edu.co', 2),
(714, 'SUAREZ REINA ADRIANA YAMILE', 'aysuarezr@udistrital.edu.co', 1),
(715, 'SUZUNAGA QUINTANA JUAN CARLOS', 'jcsuzunaga@udistrital.edu.co', 2),
(716, 'TALERO LOPEZ PACO HERNANDO', 'phtalerol@udistrital.edu.co', 2),
(717, 'TORRES  ROJAS JOHANA ISABEL', 'yitorresr@udistrital.edu.co', 1),
(718, 'TORRES DUARTE JOSE', 'jotorresd@udistrital.edu.co', 2),
(719, 'TORRES GAMEZ INGRID LORENA', 'iltorresg@udistrital.edu.co', 1);
INSERT INTO `Profesor` (`idProfesor`, `nombre`, `correo`, `genero_idGenero`) VALUES
(720, 'TORRES GARAY ISABEL MERCEDES', 'imtorresg@udistrital.edu.co', 1),
(721, 'TORRES GUERRERO MARTHA LILIANA', 'mltorresg@udistrital.edu.co', 1),
(722, 'TORRES MELO ANGELY KATHERINE', 'aktorresm@udistrital.edu.co', 1),
(723, 'TRUJILLO RODRIGUEZ MAGDA ZULENA', 'mztrujillor@udistrital.edu.co', 1),
(724, 'UBAQUE CASALLAS DIEGO FERNANDO', 'dfubaquec@udistrital.edu.co', 2),
(725, 'VALENCIA CHAVES ELSA IVONNE', 'eivalenciac@udistrital.edu.co', 1),
(726, 'VALLEJO SIERRA RUTH HELENA', 'rhvallejos@udistrital.edu.co', 1),
(727, 'VARGAS MANRIQUE PEDRO JOSE', 'pjvargasm@udistrital.edu.co', 2),
(728, 'VARGAS SANCHEZ DARWIN LEONARDO', 'dlvargass@udistrital.edu.co', 2),
(729, 'VARGAS SERGIO CAMILO', 'scvargash@udistrital.edu.co', 2),
(730, 'VARGAS SUPELANO JOHN JAIRO', 'jjvargass@udistrital.edu.co', 2),
(731, 'VARGAS TORRES MARGARITA ROSA', 'mrvargast@udistrital.edu.co', 1),
(732, 'VELASCO FORERO MARTHA JANET', 'mjvelascof@udistrital.edu.co', 1),
(733, 'VENEGAS HERNENDEZ AURORA ADELAIDA', 'avenegash@udistrital.edu.co', 1),
(734, 'VENEGAS SEGURA ANDRES ARTURO', 'aavenegass@udistrital.edu.co', 2),
(735, 'VERA CASTANEDA LUIS CARLOS', 'lcverac@udistrital.edu.co', 2),
(736, 'VILLA AMAYA WILMER', 'wvillaa@udistrital.edu.co', 2),
(737, 'VILLA MACIAS CLEMENCIA', 'cvilla@udistrital.edu.co', 1),
(738, 'VILLALBA  MELENDES HENRY', 'hvillalbam@udistrital.edu.co', 2),
(739, 'VILLARREAL GIL ELDA YANNETH', 'ejvillarrealg@udistrital.edu.co', 1),
(740, 'VIRVIESCAS MOLINA LINA MARIA', 'lmvirviescasm@udistrital.edu.co', 1),
(741, 'GONZALEZ NIÑO ESPERANZA', 'egonzalezn@udistrital.edu.co', 1),
(742, 'WILCHES TINJACA JAIME ANDRES', 'jawilchest@udistrital.edu.co', 2),
(743, 'DIAZ ARIZA IVONNE LORENA', 'ildiaza@udistrital.edu.co', 1),
(744, 'RAMIREZ ARIAS AIDA MIREYA', 'amramireza@udistrital.edu.co', 1),
(745, 'APONTE BUITRAGO ANDRES RICARDO', 'araponteb@udistrital.edu.co', 2),
(746, 'TRIANA MARTINEZ RUDOLF ARTHUR', 'ratrianam@udistrital.edu.co', 2),
(747, 'VILLA HERNANDEZ JORGE IGNACIO', 'jivillah@udistrital.edu.co', 2),
(748, 'NIÑO SANTISTEBAN OSCAR ANTONIO', 'oaninos@udistrital.edu.co', 2),
(749, 'ZARATE CABALLERO INGRITH ANGELICA', 'iazaratec@udistrital.edu.co', 1),
(750, 'GARCIA CAYCEDO LUZ ANDREA', 'lagarciac@udistrital.edu.co', 1),
(751, 'TOVAR RODRIGUEZ DAVID FERNANDO', 'dftovarr@udistrital.edu.co', 2),
(752, 'WILCHES FLOREZ ANGELA MARIA', 'amwilchesf@udistrital.edu.co', 1),
(753, 'ARIAS PINEDA JULIAN YESSID', 'jyariasp@udistrital.edu.co', 2),
(754, 'TIJARO OREJUELA MERY HELEN', 'mhtijaroo@udistrital.edu.co', 1),
(755, 'PATIÑO MONTAÑA BRIGETTE YANITH', 'bypatinom@udistrital.edu.co', 1),
(756, 'TARQUINO APARICIO JONATTAN MORRISON', 'jmtarquinoa@udistrital.edu.co', 2),
(757, 'RODRIGUEZ BOLAÑOS ABELARDO', 'arodriguezb@udistrital.edu.co', 2),
(758, 'BAEZ LIZARAZO MABEL ROCIO', 'mrbaezl@udistrital.edu.co', 1),
(759, 'LOPEZ BOTIA FAVIO', 'flopez@udistrital.edu.co', 2),
(760, 'VALLEJO AREVALO WILMER HARVEY', 'whvallejoa@udistrital.edu.co', 2),
(761, 'RODRIGUEZ SAZA FREDDY', 'frodriguezs@udistrital.edu.co', 2),
(762, 'CORDOBA CORDOBA SERGIO', 'scordobac@udistrital.edu.co', 2),
(763, 'DUMAR RODRIGUEZ JUAN CAMILO', 'jcdumarr@udistrital.edu.co', 2),
(764, 'CAMPOS MORENO DIEGO FERNANDO', 'dfcamposm@udistrital.edu.co', 2),
(765, 'ANGARITA RODRIGUEZ MARIA ANDREA', 'maangaritar@udistrital.edu.co', 1),
(766, 'APONTE ROJAS ANGELICA MARIA', 'amaponte@udistrital.edu.co', 1),
(767, 'MIRANDA ARANGUREN SERGIO', 'smirandaa@udistrital.edu.co', 2),
(768, 'LOPEZ CASTRO CESAR AUGUSTO', 'calopezc@udistrital.edu.co', 2),
(769, 'BOHORQUEZ PACHECO OMAR ALFONSO', 'oabohorquezp@udistrital.edu.co', 2),
(770, 'RODRIGUEZ OYOLA CESAR FARID', 'cfrodriguezo@udistrital.edu.co', 2),
(771, 'ALVAREZ POLO YOLIMA', 'yalvarezp@udistrital.edu.co', 2),
(772, 'VELA URREGO CLAUDIA TERESA', 'ctvelau@udistrital.edu.co', 1),
(773, 'BERMUDEZ QUINTERO ADRIANA JANNETH', 'ajbermudezq@udistrital.edu.co', 1),
(774, 'LACHE MUÑOZ ANDREA', 'alachem@udistrital.edu.co', 1),
(775, 'DIAZ POMAR CESAR AUGUSTO', 'cadiazp@udistrital.edu.co', 2),
(776, 'ESPITIA RICO MIGUEL JOSE', 'mespitiar@udistrital.edu.co', 2),
(777, 'CHACON CARDONA CESAR ALEXANDER', 'cachaconc@udistrital.edu.co', 2),
(778, 'FLOREZ PEREZ JOSE MANUEL', 'jmflorez@udistrital.edu.co', 2),
(779, 'DIAZ FORERO JOHN HERNAN', 'jhdiazf@udistrital.edu.co', 2),
(780, 'CAMERANO FUENTES RAFAEL ARTURO', 'racameranof@udistrital.edu.co', 2),
(781, 'CALA VITERY FAVIO ERNESTO', 'fecalav@udistrital.edu.co', 2),
(782, 'GOMEZ VASCO CARLOS ANDRES', 'cagomezv@udistrital.edu.co', 2),
(783, 'CASTIBLANCO ORTIZ MARIELA', 'mcastiblancoo@udistrital.edu.co', 1),
(784, 'GIRALDO HERNANDEZ CARLOS ANDRES', 'cagiraldoh@udistrital.edu.co', 2),
(785, 'TREJOS ANGEL DECCY YANETH', 'dytrejosa@udistrital.edu.co', 1),
(786, 'JIMENEZ VARGAS MARIA CONSTANZA', 'cjimenez@udistrital.edu.co', 1),
(787, 'BRAVO RIOS GABRIEL', 'gbravor@udistrital.edu.co', 2),
(788, 'SARMIENTO BARRERA HEBERTH', 'hsarmientob@udistrital.edu.co', 2),
(789, 'RODRIGUEZ ARIAS ROBERTO', 'rrodrigueza@udistrital.edu.co', 2),
(790, 'VILLARRAGA POVEDA LUIS FERNANDO', 'lfvillarraga@udistrital.edu.co', 2),
(791, 'SALAS RODRIGUEZ JOLYMAR VICTORIA', 'jvsalasr@udistrital.edu.co', 1),
(792, 'SANJUAN CUELLAR ALVARO ARTURO', 'aasanjuanc@udistrital.edu.co', 2),
(793, 'BOLAÑOS RIVERA YUDY MARCELA', 'ymbolanosr@udistrital.edu.co', 1),
(794, 'CIFUENTES VARGAS VERONICA', 'vcifuentesv@udistrital.edu.co', 1),
(795, 'BARAJAS SICHACA MARTIN', 'mbarajass@udistrital.edu.co', 2),
(796, 'RAMOS FERNANDEZ JULIO CESAR', 'jcramosf@udistrital.edu.co', 2),
(797, 'MASMELA CAITA LUIS ALEJANDRO', 'lmasmela@udistrital.edu.co', 2),
(798, 'ALONSO CONTRETRAS DAVID LEONARDO', 'dlalonsoc@udistrital.edu.co', 2),
(799, 'DUQUE DAZA MAURICIO FABIAN', 'mfduqued@udistrital.edu.co', 2),
(800, 'CORTES RUTH MILENA', 'rmcortes@udistrital.edu.co', 1),
(801, 'SARMIENTO MONSALVE JEYMY TATIANA', 'jtsarmientom@udistrital.edu.co', 1),
(802, 'OCAMPO CIFUENTES MARISOL', 'mocampoc@udistrital.edu.co', 1),
(803, 'SILVA CARRERO DIEGO ALEJANDRO', 'dasilvac@udistrital.edu.co', 2),
(804, 'MEDINA DIANA PAOLA', 'dpmedina@udistrital.edu.co', 1),
(805, 'ORTIZ VERANO ISMAEL', 'ieortizv@udistrital.edu.co', 2),
(806, 'ARDILA CAMACHO JEFFRY ADRIAN', 'jaardilac@udistrital.edu.co', 2),
(807, 'CAMARGO JIMENEZ MARIA HELENA', 'mhcamrgoj@udistrital.edu.co', 1),
(808, 'GARAVITO NAJAS JENNY ZORAYDA', 'jzgaraviton@udistrital.edu.co', 1),
(809, 'GORDILLO THIRIAT WILSON', 'wgordillot@udistrital.edu.co', 2),
(810, 'GERENA ROJAS OSCAR ARTURO', 'oagerenar@udistrital.edu.co', 2),
(811, 'RINCON BAEZ WILLIAM UMAR', 'wurinconb@udistrital.edu.co', 2),
(812, 'RENDON RAMIREZ JULIAN MAURICIO', 'jmrendonr@udistrital.edu.co', 2),
(813, 'GRANADOS RAMIREZ CARMEN GIOVANA', 'cggranadosr@udistrital.edu.co', 1),
(814, 'QUIÑONES SEGURA CESAR AUGUSTO', 'caquinoness@udistrital.edu.co', 2),
(815, 'BERNAL GUERRERO JOHN SADAT', 'jsbernalg@udistrital.edu.co', 2),
(816, 'PEÑA PRIETO LUIS EDUARDO', 'lepena@udistrital.edu.co', 2),
(817, 'AYALA FAJARDO ADIS', 'aayala@udistrital.edu.co', 2),
(818, 'HERNANDEZ SANDOVAL DAVID JOSE', 'djhernandezs@udistrital.edu.co', 2),
(819, 'ABUCHAR PORRAS ALEXANDRA', 'aabucharp@udistrital.edu.co', 1),
(820, 'ACERO ARDILA RAFAEL ANTONIO', 'aarafaela@udistrital.edu.co', 2),
(821, 'ACEVEDO FANDIÑO MARYBEL', 'macevedof@udistrital.edu.co', 1),
(822, 'ACOSTA CIPAGAUTA CHRISTIAN JOHNATAN', 'cjacostac@udistrital.edu.co', 2),
(823, 'ACOSTA MORENO HECTOR FULVIO', 'hfacostam@udistrital.edu.co', 2),
(824, 'ACOSTA NOSCUE JOSE RAUL', 'jsacostan@udistrital.edu.co', 2),
(825, 'ACOSTA PEÑALOZA GLORIA STELLA', 'gsacostap@udistrital.edu.co', 1),
(826, 'ACOSTA RODOLFO', 'racostar@udistrital.edu.co', 2),
(827, 'ACUÑA CARVAJAL HERNANDO', 'hacuna@udistrital.edu.co', 2),
(828, 'ACUÑA VASQUEZ JORGE EDUARDO', 'jeacunav@udistrital.edu.co', 2),
(829, 'AGUALIMPIA DUALIBY YOLIMA DEL CARMEN', 'yagualimpia@udistrital.edu.co', 1),
(830, 'AGUDELO VALENCIA MARIA DEL PILAR', 'mdpagudelov@udistrital.edu.co', 1),
(831, 'AGUILAR TORRES ORLANDO', 'orlando@udistrital.edu.co', 2),
(832, 'ALAPE VERGARA ROSSEMBER', 'ralapev@udistrital.edu.co', 2),
(833, 'ALARCON RODRIGUEZ EDGAR HERNAN', 'ehalarconr@udistrital.edu.co', 2),
(834, 'ALARCON VARGAS RICHARD', 'ravargas@udistrital.edu.co', 2),
(835, 'ALARCON VILLAMIL JORGE ALEXANDER', 'jaalarconv@udistrital.edu.co', 2),
(836, 'ALBARRACIN HERNANDEZ CAROLINA', 'calbarracinh@udistrital.edu.co', 1),
(837, 'ALDANA BOUTIN ROSE MARIE', 'rmaldanab@udistrital.edu.co', 1),
(838, 'ALFARO ECHEVARRIA ANGEL BASILIO', 'abalfaroe@udistrital.edu.co', 2),
(839, 'ALFONSO MORENO FREDDY LEONAR', 'flalfonsom@udistrital.edu.co', 2),
(840, 'ALGARIN MEZA NELSON JORGE', 'njalgarinm@udistrital.edu.co', 2),
(841, 'ALMANZA RAMIREZ ANDRES ALBERTO', 'aaalmanzar@udistrital.edu.co', 2),
(842, 'ALMONACID GONZALEZ WILLIAM RICARDO', 'wralmonacidg@udistrital.edu.co', 2),
(843, 'ALVARADO CORONADO CLAUDIA LILIANA', 'clalvaradoc@udistrital.edu.co', 1),
(844, 'ALVARADO NIETO LUZ DEICY', 'lalvarado@udistrital.edu.co', 1),
(845, 'ALVARADO SILVA DAVID LEONARDO', 'dlalvarados@udistrital.edu.co', 2),
(846, 'ALVARADO TORRES JHON EDISSON', 'jealvaradot@udistrital.edu.co', 2),
(847, 'ALVAREZ CESAR GIOVANNI', 'cgalvareza@udistrital.edu.co', 2),
(848, 'ALVAREZ PLATA JOSE DAVID', 'jdalvarezp@udistrital.edu.co', 2),
(849, 'ALVAREZ POMAR LINDSAY', 'lalvarez@udistrital.edu.co', 1),
(850, 'ALVAREZ YEPES ALEXANDRA', 'aalvarezy@udistrital.edu.co', 1),
(851, 'ALZATE MONROY MARCO AURELIO', 'malzate@udistrital.edu.co', 2),
(852, 'AMAYA BARRERA EDILMA ISABEL', 'iamaya@udistrital.edu.co', 1),
(853, 'AMEZQUITA PEREZ DANIEL ENRIQUE', 'deamezquitap@udistrital.edu.co', 2),
(854, 'ANGARITA MANOSALVA EDISON', 'eangaritam@udistrital.edu.co', 2),
(855, 'ANGEL ORTEGA PEDRO AUGUSTO', 'paangelo@udistrital.edu.co', 2),
(856, 'ANGULO SOLEDAD JENNY ANGELICA', 'jaangulos@udistrital.edu.co', 1),
(857, 'ANZOLA ALVAREZ GABRIEL ALFONSO', 'gaanzolaa@udistrital.edu.co', 2),
(858, 'ANZOLA CARO JUAN CAMILO', 'jcanzolac@udistrital.edu.co', 2),
(859, 'APARICIO PICO LILIA EDITH', 'eaparicio@udistrital.edu.co', 1),
(860, 'APONTE SARAVIA JHONATHAN', 'japontes@udistrital.edu.co', 2),
(861, 'ARANDA PINILLA JOHAN ALEXANDER', 'jaarandap@udistrital.edu.co', 2),
(862, 'ARAQUE OSORIO CARLOS', 'caraqueo@udistrital.edu.co', 2),
(863, 'ARDILA ARDILA LUZ LILIANA', 'llardilaa@udistrital.edu.co', 1),
(864, 'ARDILA CARRASCO ANTONIO', 'aardilac@udistrital.edu.co', 2),
(865, 'ARDILA LINARES IVAN GIOVANNI', 'igardilal@udistrital.edu.co', 2),
(866, 'ARIAS BARRAGAN LUIS ALEJANDRO', 'laariasb@udistrital.edu.co', 2),
(867, 'ARIAS GAVIRIA JAIRO', 'jariasg@udistrital.edu.co', 2),
(868, 'ARIAS LIEVANO JHONATAN DAVID', 'jdariasl@udistrital.edu.co', 2),
(869, 'ARIAS RONCANCIO FERNANDO', 'fjariasr@udistrital.edu.co', 2),
(870, 'ARIZA CASTILLO CESAR ALFONSO', 'caarizac@udistrital.edu.co', 2),
(871, 'ARIZA CORTES WILLIAM GILBERTO', 'wgarizac@udistrital.edu.co', 2),
(872, 'ARIZMENDI BEDRAN MANUEL FRANCISCO', 'mfarizmendib@udistrital.edu.co', 2),
(873, 'ARROYAVE MONTOYA MYRIAM DINNEY', 'mdarroyavem@udistrital.edu.co', 1),
(874, 'ARROYO LUIS EDUARDO', 'learroyo@udistrital.edu.co', 2),
(875, 'ASSAD CUELLAR JOSE FELIX', 'jfassadc@udistrital.edu.co', 2),
(876, 'AVELLA MUÑOZ EDGAR ANDRES', 'aavellam@udistrital.edu.co', 2),
(877, 'AVILA ANGULO MIGUEL ANTONIO', 'maavila@udistrital.edu.co', 2),
(878, 'AVILA CORTES JOHN JAIRO', 'jjavila@udistrital.edu.co', 2),
(879, 'AVILA PERDOMO ANGEL OCTAVIO', 'aoavilap@udistrital.edu.co', 2),
(880, 'AYA BAQUERO HUGO LIBARDO', 'haya@udistrital.edu.co', 2),
(881, 'BAEZ PARRA ORLANDO', 'obaezp@udistrital.edu.co', 2),
(882, 'BAHAMON SERRATO DIEGO ARMANDO', 'dabahamons@udistrital.edu.co', 2),
(883, 'BAHAMON VARON DANIEL AUGUSTO', 'dabahamonv@udistrital.edu.co', 2),
(884, 'BALAGUERA JIMENEZ MANUEL IGNACIO', 'mibalagueraj@udistrital.edu.co', 2),
(885, 'BALLESTEROS LUIS CARLOS', 'lcballesterosr@udistrital.edu.co', 2),
(886, 'BARBOSA LUIS JAVIER', 'ljbarbosav@udistrital.edu.co', 2),
(887, 'BARON BOCANEGRA OVIDIO', 'obaronb@udistrital.edu.co', 2),
(888, 'BARON PARRA NUBIA TERESA', 'ntbaronp@udistrital.edu.co', 1),
(889, 'BARON VELANDIA JULIO', 'jbaron@udistrital.edu.co', 2),
(890, 'BARRAGAN ZAQUE WILLIAM BENIGNO', 'wbarraganz@udistrital.edu.co', 2),
(891, 'BARRERA HURTADO ABEL', 'abarrerah@udistrital.edu.co', 2),
(892, 'BARRERA TACHA WILLIAM RICARDO', 'wrbarrerat@udistrital.edu.co', 2),
(893, 'BARRERA TORRES JORGE IVAN', 'jibarrerat@udistrital.edu.co', 2),
(894, 'BARRETO REYES DIANA CAROLINA', 'dcbarretor@udistrital.edu.co', 1),
(895, 'BARRETO SANDOVAL MARIA LUISA', 'mlbarretos@udistrital.edu.co', 1),
(896, 'BARRIOS JARA NELSON ENRIQUE', 'nebarriosj@udistrital.edu.co', 2),
(897, 'BAUTISTA CANO RAFAEL', 'rbautistac@udistrital.edu.co', 2),
(898, 'BAUTISTA HERRERA HAYDER OSWALDO', 'hbautista@udistrital.edu.co', 2),
(899, 'BAYONA NAVARRO JHON FREDY', 'jfbayonan@udistrital.edu.co', 2),
(900, 'BEJARANO GARZON LILIAN ASTRID', 'lbejarano@udistrital.edu.co', 1),
(901, 'BEJARANO MARTIN JORGE DANIEL', 'jdbejaranom@udistrital.edu.co', 2),
(902, 'BELLO RODRIGUEZ SANDRA PATRICIA', 'spbellor@udistrital.edu.co', 1),
(903, 'BELTRAN BERNAL NESTOR ANDRES', 'nabeltranb@udistrital.edu.co', 2),
(904, 'BELTRAN MORENO CYNTHIA VANESSA', 'cvbeltranm@udistrital.edu.co', 1),
(905, 'BELTRAN PEÑA HECTOR FAROOK', 'hfbeltranp@udistrital.edu.co', 2),
(906, 'BENITEZ FORERO JAIME ANTONIO', 'jbenitez@udistrital.edu.co', 2),
(907, 'BERMUDEZ AMAYA MAURICIO ORLANDO', 'mobermudeza@udistrital.edu.co', 2),
(908, 'BERMUDEZ MANJARRES ANDRES DARIO', 'adbermudezm@udistrital.edu.co', 2),
(909, 'BERMUDEZ RAMIREZ NEFTALI', 'nbermudezr@udistrital.edu.co', 1),
(910, 'BERNAL JIMENEZ JUAN MANUEL', 'jmbernalj@udistrital.edu.co', 2),
(911, 'BERNAL MARTINEZ MANUEL', 'mbernalm@udistrital.edu.co', 2),
(912, 'BERNAL PEÑA YURI CRISTIAN', 'ycbernalp@udistrital.edu.co', 1),
(913, 'BERNAL SALINAS NAZZLY', 'nfbernals@udistrital.edu.co', 1),
(914, 'BERNAL SUAREZ NESTOR RICARDO', 'nrbernals@udistrital.edu.co', 2),
(915, 'BETANCUR RIOS JUAN DAVID', 'jdbetancurr@udistrital.edu.co', 2),
(916, 'BLANCO NUÑEZ JOSE LUIS', 'jlblancon@udistrital.edu.co', 2),
(917, 'BOCANEGRA JIMENEZ GUILLERMO ERNESTO', 'gebocanegraj@udistrital.edu.co', 2),
(918, 'BOGOTA ANGEL RAUL GIOVANNI', 'rgbogota@udistrital.edu.co', 2),
(919, 'BOHORQUEZ AREVALO LUZ ESPERANZA', 'lebohorqueza@udistrital.edu.co', 1),
(920, 'BOHORQUEZ GONZALEZ PAULA', 'dpbohorquez@udistrital.edu.co', 1),
(921, 'BOHORQUEZ RAIRAN ANGELA MARCELA', 'ambohorquez@udistrital.edu.co', 1),
(922, 'BOHORQUEZ SOTELO MARIA CRISTINA', 'mcbohorquezs@udistrital.edu.co', 1),
(923, 'BOLAÑOS CASTRO SANDRO JAVIER', 'sbolanos@udistrital.edu.co', 2),
(924, 'BONILLA PATARROYO YUDY ROCIO', 'yrbonillap@udistrital.edu.co', 1),
(925, 'BONILLA ROMERO CLARA INES', 'cibonilla@udistrital.edu.co', 1),
(926, 'BONILLA ROMERO JULIO HERNAN', 'jbonilla@udistrital.edu.co', 2),
(927, 'BONZA PEREZ NIRIA PASTORA', 'npbonzap@udistrital.edu.co', 1),
(928, 'BORRERO GUERRERO HENRY', 'hbguerrero@udistrital.edu.co', 2),
(929, 'BOTIA FLECHAS CLARA JUDYTH', 'cjbotiaf@udistrital.edu.co', 1),
(930, 'BUITRAGO ALVARADO LUZ MERY', 'lmbuitragoa@udistrital.edu.co', 1),
(931, 'BUITRAGO ARRIGUI JAIME', 'jbuitragoa@udistrital.edu.co', 2),
(932, 'BUSTAMANTE LOZANO ALVARO MAURICIO', 'ambustamantel@udistrital.edu.co', 2),
(933, 'BUSTOS CALDAS EDGAR ARTURO', 'eabustosc@udistrital.edu.co', 2),
(934, 'BUSTOS VELASCO EDIER HERNAN', 'ehbustosv@udistrital.edu.co', 2),
(935, 'BUSTOS VELASCO VIVIAN ANDREA', 'vabustosv@udistrital.edu.co', 1),
(936, 'CABRERA BARRERA ELKIN EMIR', 'eecabrerab@udistrital.edu.co', 2),
(937, 'CABRERA MARTINEZ XIOMARA ALEJANDRA', 'xacabreram@udistrital.edu.co', 1),
(938, 'CABUYA PARRA GERMAN', 'gcabuyap@udistrital.edu.co', 2),
(939, 'CACERES JARAMILLO JUAN FERNANDO', 'cjjuanf@udistrital.edu.co', 2),
(940, 'CACERES RUEDA SANDRA BIBIANA', 'sbcaceresr@udistrital.edu.co', 1),
(941, 'CALDERON GACHARNA HERLINDA ESPERANZA', 'ecalderon@udistrital.edu.co', 1),
(942, 'CALDERON MARIA EUGENIA', 'mcalderon@udistrital.edu.co', 1),
(943, 'CALDERON ORJUELA FRANCIS IVAN', 'ficalderono@udistrital.edu.co', 2),
(944, 'CALVO CORREA MARTHA PATRICIA', 'mpcalvoc@udistrital.edu.co', 1),
(945, 'CAMARGO CASALLAS LUZ HELENA', 'lhcamargoc@udistrital.edu.co', 1),
(946, 'CANO BARRAGAN FABIAN', 'fcanob@udistrital.edu.co', 2),
(947, 'CAÑON BUITRAGO ELKIN DARIO', 'edcanonb@udistrital.edu.co', 2),
(948, 'CAÑON RINCON CARLOS ALBERTO', 'cacanonr@udistrital.edu.co', 2),
(949, 'CANTILLO HIGUERA EDGARD ERNESTO', 'ecantillo@udistrital.edu.co', 2),
(950, 'CARDENAS CASTIBLANCO JOSE ROBERTO', 'rcardenas@udistrital.edu.co', 2),
(951, 'CARDENAS CONTRERAS ANDRES', 'acardenas@udistrital.edu.co', 2),
(952, 'CARDENAS GARZON JOHN MARIO', 'jmcardenasg@udistrital.edu.co', 2),
(953, 'CARDENAS LEON JORGE ALONSO', 'fluoreciencia@udistrital.edu.co', 2),
(954, 'CARDENAS MONASALVA ILEANA ROMEA', 'ircardenasm@udistrital.edu.co', 1),
(955, 'CARDENAS QUINTERO BEITMANTT GEOVANNI', 'bgcardenasq@udistrital.edu.co', 2),
(956, 'CARDENAS ROMERO JOHN FREDY', 'jfcardenasr@udistrital.edu.co', 2),
(957, 'CARDENAS TORRES LUZ FABIOLA', 'lfcardenast@udistrital.edu.co', 1),
(958, 'CARDONA LONDOÑO CLAUDIA MARIA', 'cmcardonal@udistrital.edu.co', 1),
(959, 'CARDONA VASQUEZ JORGE ANDRES', 'jacardonav@udistrital.edu.co', 2),
(960, 'CARO GOMEZ AURELIO', 'acarog@udistrital.edu.co', 2),
(961, 'CARREÑO CARREÑO ALVARO', 'acarrenoc@udistrital.edu.co', 2),
(962, 'CARVAJAL ROJAS LINDON', 'lcarvajal@udistrital.edu.co', 2),
(963, 'CASTAÑEDA FANDIÑO JOSE IGNACIO', 'icastaneda@udistrital.edu.co', 2),
(964, 'CASTELBLANCO DAVID ALEXANDER', 'dacastelblancoh@udistrital.edu.co', 2),
(965, 'CASTELLANOS CONTRERA JOSE ULISES', 'jucastellanosc@udistrital.edu.co', 2),
(966, 'CASTELLANOS GARCIA CESAR ALBERTO', 'ceacastellanosg@udistrital.edu.co', 2),
(967, 'CASTELLANOS JOSE HUGO', 'jcastellanos@udistrital.edu.co', 2),
(968, 'CASTELLANOS MENJURA CLAUDIA PATRICIA', 'claudiac@udistrital.edu.co', 1),
(969, 'CASTELLAR POLANIA ADRIAN', 'acastellarp@udistrital.edu.co', 2),
(970, 'CASTILLO BARRAGAN LUZ MALLY', 'lmcastillob@udistrital.edu.co', 1),
(971, 'CASTILLO BARRIOS JUAN CARLOS', 'juccastillob@udistrital.edu.co', 2),
(972, 'CASTILLO GARCIA FRANCISCO', 'fjcastillog@udistrital.edu.co', 2),
(973, 'CASTILLO MENDEZ LUIS EDUARDO', 'lecastillom@udistrital.edu.co', 2),
(974, 'CASTILLO MOSQUERA LUIS HERNANDO', 'lhcastillom@udistrital.edu.co', 2),
(975, 'CASTILLO PINILLA ALVARO FERNANDO', 'afcastillop@udistrital.edu.co', 2),
(976, 'CASTRO LOPEZ WILLIAM ANDRES', 'wacastrol@udistrital.edu.co', 2),
(977, 'CASTRO ORTEGA CARLOS HERNAN', 'chcastroo@udistrital.edu.co', 2),
(978, 'CASTRO SANTAMARIA MOISES', 'mocastros@udistrital.edu.co', 2),
(979, 'CASTRO TURRIAGO JESUS AUGUSTO', 'jacastrot@udistrital.edu.co', 2),
(980, 'CASTRO VALENCIA DIANA MARIA', 'dmcastrov@udistrital.edu.co', 1),
(981, 'CASTRO WILLIAM', 'wcastror@udistrital.edu.co', 2),
(982, 'CAVIEDES AGUDELO CARLOS ANDRES', 'cacaviedes@udistrital.edu.co', 2),
(983, 'CEDEÑO MEDINA ELSY ROCIO', 'ercedenom@udistrital.edu.co', 1),
(984, 'CEPEDA THIRIAT MIGUEL MAURICIO', 'mmcepedat@udistrital.edu.co', 2),
(985, 'CETINA SEGURA JUANITA', 'jcetinas@udistrital.edu.co', 1),
(986, 'CHICANGANA LOPEZ ARMANDO', 'achicanganal@udistrital.edu.co', 2),
(987, 'CHITTIVA RODRIGUEZ DARIO ALEXANDER', 'dachitivar@udistrital.edu.co', 2),
(988, 'CIFUENTES CONTRERAS GERMAN', 'gcifuentes@udistrital.edu.co', 2),
(989, 'CIFUENTES CRUZ WILLIAM', 'willcifuentesc@udistrital.edu.co', 2),
(990, 'CLAROS LOPEZ DIEGO ALEXANDER', 'daclarosl@udistrital.edu.co', 2),
(991, 'COMBARIZA CASTAÑO JUAN MANUEL', 'jmcombarizac@udistrital.edu.co', 2),
(992, 'COMBITA ALFONSO LUIS FRANCISCO', 'lfcombita@udistrital.edu.co', 2),
(993, 'CONGOTE OCHOA BERNARDO DE JESUS', 'bjcongoteo@udistrital.edu.co', 2),
(994, 'CONTRERAS BRAVO LEONARDO EMIRO', 'lecontrerasb@udistrital.edu.co', 2),
(995, 'CONTRERAS GUERRERO SERVIO JAVIER', 'sjcontrerasg@udistrital.edu.co', 2),
(996, 'CONTRERAS CUELLAR JUAN CARLOS', 'jccontrerasc@udistrital.edu.co', 2),
(997, 'CORDOBA GARCIA MARCELA', 'amcordobag@udistrital.edu.co', 1),
(998, 'CORDOBA YELA FRANCISCO JAVIER', 'fjcordobay@udistrital.edu.co', 2),
(999, 'CORONADO SANCHEZ PAULO CESAR', 'paulocoronado@udistrital.edu.co', 2),
(1000, 'CORRADINE MORA DIEGO TOMAS', 'dtcorradinem@udistrital.edu.co', 2),
(1001, 'CORREA BECERRA LUIS ENRIQUE', 'lenriquec@udistrital.edu.co', 2),
(1002, 'CORREDOR BOHORQUEZ ANDRES AUGUSTO', 'aacorredorb@udistrital.edu.co', 2),
(1003, 'CORTES BALLEN ROCIO DEL PILAR', 'rpcortesb@udistrital.edu.co', 1),
(1004, 'CORTES BUITRAGO OMAR', 'ocortesb@udistrital.edu.co', 2),
(1005, 'CORTES GONZALEZ HERMANN CAMILO', 'hccortesg@udistrital.edu.co', 2),
(1006, 'CORTES LADINO JUAN ANDRES', 'jacortesl@udistrital.edu.co', 2),
(1007, 'CORTES MARTINEZ CARLOS ANDRES', 'cacortesm@udistrital.edu.co', 2),
(1008, 'CORTES TRUJILLO JULIO', 'jcortest@udistrital.edu.co', 2),
(1009, 'CORTES URAZAN RICARDO', 'rcortesu@udistrital.edu.co', 2),
(1010, 'COTTIER ARCE ANDRES ALBERTO RODRIGO', 'aarcottiera@udistrital.edu.co', 2),
(1011, 'COY VERANO URIEL', 'ucoy@udistrital.edu.co', 2),
(1012, 'CRUZ PRIETO JUAN SEBASTIAN', 'jscruzp@udistrital.edu.co', 2),
(1013, 'CUBILLOS BARRAGAN ODRI JOHANNA', 'ojcubillosb@udistrital.edu.co', 1),
(1014, 'CUBILLOS RAMIREZ JAVIER LEONARDO', 'jalcubillosr@udistrital.edu.co', 2),
(1015, 'CUELLAR MORENO CARLOS ANDRES', 'cacuellarm@udistrital.edu.co', 2),
(1016, 'CUERVO FERNANDEZ OMAR ANDRES', 'oacuervof@udistrital.edu.co', 2),
(1017, 'DAVILA ROJAS MIGUEL ANGEL', 'miadavilar@udistrital.edu.co', 2),
(1018, 'DAZA CORREDOR ALEJANDRO PAOLO', 'apdazac@udistrital.edu.co', 2),
(1019, 'DEAZA RINCON PEDRO IGNACIO', 'pdeaza@udistrital.edu.co', 2),
(1020, 'DEL CASTILLO CAIROZA VICENTE', 'vcastilloc@udistrital.edu.co', 2),
(1021, 'DELGADO AGUILERA EFREDY', 'edelgadoa@udistrital.edu.co', 2),
(1022, 'DELGADO CORREAL MAYKOL CAMILO', 'mcdelgadoc@udistrital.edu.co', 2),
(1023, 'DELGADO GARCIA JOSE MARTIN', 'jmdelgadog@udistrital.edu.co', 2),
(1024, 'DELGADO NIÑO PILAR', 'pdelgadon@udistrital.edu.co', 2),
(1025, 'DIAGO MOJICA MIGUEL', 'mmdiagom@udistrital.edu.co', 2),
(1026, 'DIAZ CELY EDGAR EDUARDO', 'ediaz@udistrital.edu.co', 2),
(1027, 'DIAZ FUENTES LUIS JORGE', 'ljdiazf@udistrital.edu.co', 2),
(1028, 'DIAZ GAMBA WILSON', 'wdiazg@udistrital.edu.co', 2),
(1029, 'DIAZ GAMBA YOVANNA CECILIA', 'yodiazg@udistrital.edu.co', 1),
(1030, 'DIAZ GARCIA FRANCIS', 'fdiazg@udistrital.edu.co', 2),
(1031, 'DIAZ HERNANDEZ MARIA FERNANDA', 'mfdiazh@udistrital.edu.co', 1),
(1032, 'DIAZ LOZANO AURA YOLANDA', 'aydiazl@udistrital.edu.co', 1),
(1033, 'DIAZ RODRIGUEZ CARLOS', 'cdiazr@udistrital.edu.co', 2),
(1034, 'DIAZ SUAREZ ARMANDO', 'ardiazs@udistrital.edu.co', 2),
(1035, 'DIEZ MARULANDA JHON ALEXANDER', 'jadiezm@udistrital.edu.co', 2),
(1036, 'DUARTE CHAVEZ JAVIER ALBERTO', 'jaduartec@udistrital.edu.co', 2),
(1037, 'DUARTE URUENA GUSTAVO ADOLFO', 'gaduarteu@udistrital.edu.co', 2),
(1038, 'DUARTE MARTINEZ MARIA CLAUDIA', 'mcduartem@udistrital.edu.co', 1),
(1039, 'DUEÑAS SUATERNA JORGE ALBERTO', 'jduenas@udistrital.edu.co', 2),
(1040, 'DURAN SUAREZ WILLIAM GEOVANNI', 'wgdurans@udistrital.edu.co', 2),
(1041, 'ECHAVARRIA PEDROZA MONICA CRISTINA', 'mcechavarriap@udistrital.edu.co', 1),
(1042, 'ECHAVARRIA QUIROS ADRIANA', 'adrianae@udistrital.edu.co', 1),
(1043, 'ECHEVERRY PRIETO LENA CAROLINA', 'lcecheverryp@udistrital.edu.co', 1),
(1044, 'ELJAIEK AVENDAÑO HERNANDO', 'heljaieka@udistrital.edu.co', 2),
(1045, 'ENCINALES ARANGO GILBERTO', 'gencinalesa@udistrital.edu.co', 2),
(1046, 'ENCISO GUERRERO GUSTAVO ADOLFO', 'gaencisog@udistrital.edu.co', 2),
(1047, 'ESCOBAR ELIZALDE ISABEL', 'iescobar@udistrital.edu.co', 1),
(1048, 'ESCOBAR GABRIEL ERNESTO', 'geescobar@udistrital.edu.co', 2),
(1049, 'ESCOBAR GUEVARA BRIGITTE NATALIA', 'bnescobarg@udistrital.edu.co', 1),
(1050, 'ESCOBAR MOLINA CLAUDIA PATRICIA', 'cpescobarm@udistrital.edu.co', 1),
(1051, 'ESCOBAR RIVERA RUTH MARLENY', 'rmescobarr@udistrital.edu.co', 1),
(1052, 'ESCUCHA HERNANDEZ HECTOR', 'hescuchah@udistrital.edu.co', 2),
(1053, 'ESPINEL ORTEGA ALVARO', 'aespinel@udistrital.edu.co', 2),
(1054, 'ESPINOSA GARCIA HELMUT', 'hespinosa@udistrital.edu.co', 2),
(1055, 'ESPINOSA GOMEZ YENNY', 'yespinosag@udistrital.edu.co', 1),
(1056, 'ESPITIA CUCHANGO HELBERT EDUARDO', 'heespitiac@udistrital.edu.co', 2),
(1057, 'ESTRADA RODRIGUEZ JOHANNE ALEXIS', 'jaestradar@udistrital.edu.co', 2),
(1058, 'ESTUPIÑAN RODRIGUEZ JAIRO', 'jestupinanr@udistrital.edu.co', 2),
(1059, 'FANDIÑO BOHORQUEZ JONNATHAN HADIER', 'jhfandinob@udistrital.edu.co', 2),
(1060, 'FERNANDEZ CASTRO LUCAS JOSE MANUEL', 'lfernandezca@udistrital.edu.co', 2),
(1061, 'FIALLO RENDON NINI JOHANA', 'njfiallor@udistrital.edu.co', 1),
(1062, 'FIGUEROA FERNANDEZ ALBERTO', 'afigueroa@udistrital.edu.co', 2),
(1063, 'FIGUEROA GARCIA JUAN CARLOS', 'jcfigueroag@udistrital.edu.co', 2),
(1064, 'FLOREZ CEDIEL OSCAR DAVID', 'odflorez@udistrital.edu.co', 2),
(1065, 'FLOREZ MORENO CARLOS ALBERTO', 'caflorezm@udistrital.edu.co', 2),
(1066, 'FLOREZ OSORIO KAREN LORENA', 'klflorezo@udistrital.edu.co', 1),
(1067, 'FORERO CARDENAS RICARDO ALFONSO', 'rforero@udistrital.edu.co', 2),
(1068, 'FORERO PULIDO DANIEL ANDRES', 'daforerop@udistrital.edu.co', 2),
(1069, 'FORERO TORRES JORGE EDUARDO', 'jeforerot@udistrital.edu.co', 2),
(1070, 'FRANCO ARBELAEZ EFRAIN', 'efrancoa@udistrital.edu.co', 2),
(1071, 'FRANCO GAMEZ LAURA GIMENA', 'jgfrancog@udistrital.edu.co', 1),
(1072, 'FRANCO LIZARAZO FERNANDO ENRIQUE', 'fefrancol@udistrital.edu.co', 2),
(1073, 'FUENMAYOR RIVADENEIR GERALD BREEK', 'gbfuenmayorr@udistrital.edu.co', 2),
(1074, 'FUENTES LOPEZ HECTOR JAVIER', 'hjfuentesl@udistrital.edu.co', 2),
(1075, 'FUENTES SOLANO GUSTAVO ANDRES', 'gafuentess@udistrital.edu.co', 2),
(1076, 'GAITAN CASTAÑEDA MAURET LIZBETH', 'mlgaitanc@udistrital.edu.co', 1),
(1077, 'GAITAN MESA EDWIN ARMANDO', 'eagaitanm@udistrital.edu.co', 2),
(1078, 'GALINDO CAICEDO CATERINE', 'cgalindoc@udistrital.edu.co', 1),
(1079, 'GALLEGO GIL JUAN CARLOS', 'jcgallegog@udistrital.edu.co', 2),
(1080, 'GALLEGO HERNANDEZ DUBIAN', 'dgallegoh@udistrital.edu.co', 2),
(1081, 'GALVIS BERRIO JHON FELIPE', 'jgalvis@udistrital.edu.co', 2),
(1082, 'GALVIS LAGOS MARIA FERNANDA', 'mfgalvisl@udistrital.edu.co', 1),
(1083, 'GAMBOA HERNANDEZ GINA PAOLA', 'gpgamboah@udistrital.edu.co', 1),
(1084, 'GAONA BARRERA ANDRES EDUARDO', 'aegaonab@udistrital.edu.co', 2),
(1085, 'GAONA GARCIA PAULO ALONSO', 'pagaonag@udistrital.edu.co', 2),
(1086, 'GARAVITO LOPEZ ELIZABETH', 'egaravitol@udistrital.edu.co', 1),
(1087, 'GARCES MOYA LEONOR ANDREA', 'lagarcesm@udistrital.edu.co', 1),
(1088, 'GARCES OCORO JULIAN', 'gojuliana@udistrital.edu.co', 2),
(1089, 'GARCIA AREVALO JUAN MAURICIO', 'jmgarciaa@udistrital.edu.co', 2),
(1090, 'GARCIA BAUTISTA OSCAR GENARO', 'ogenarog@udistrital.edu.co', 2),
(1091, 'GARCIA GALINDO LUISA ALEJANDRA', 'luagarciag@udistrital.edu.co', 1),
(1092, 'GARCIA GARCIA ALVARO HUMBERTO', 'ahgarciag@udistrital.edu.co', 2),
(1093, 'GARCIA GARCIA MANUEL FERNANDO', 'mfgarciag@udistrital.edu.co', 2),
(1094, 'GARCIA HURTADO ORLANDO', 'ogarciah@udistrital.edu.co', 2),
(1095, 'GARCIA LARA CECILIA ISABEL', 'cigarcial@udistrital.edu.co', 1),
(1096, 'GARCIA MARTIN ISMAEL', 'isgarciam@udistrital.edu.co', 2),
(1097, 'GARCIA MIRANDA DIANA STELLA', 'dsgarciam@udistrital.edu.co', 1),
(1098, 'GARCIA OLMOS RAFAEL AUGUSTO', 'rgarciao@udistrital.edu.co', 2),
(1099, 'GARCIA PEÑA JULIO CESAR', 'jcgarciap@udistrital.edu.co', 2),
(1100, 'GARCIA PEÑALOZA LUZ ANGELA', 'lagarciap@udistrital.edu.co', 1),
(1101, 'GARCIA REYES MIGUEL ANGEL', 'magarciar@udistrital.edu.co', 2),
(1102, 'GARCIA SANTAMARIA RAMON FERNANDO', 'rfgarcias@udistrital.edu.co', 2),
(1103, 'GARCIA SUAREZ JULIO CESAR', 'jcgarcias@udistrital.edu.co', 2),
(1104, 'GARCIA VALBUENA CESAR AUGUSTO', 'cagarciav@udistrital.edu.co', 2),
(1105, 'GARCIA VALBUENA MARIA ANGELICA SOFIA', 'masgarciav@udistrital.edu.co', 1),
(1106, 'GARZON JIMENEZ SANDRA PATRICIA', 'spgarzonj@udistrital.edu.co', 1),
(1107, 'GARZON ROMERO JENNY MARCELA', 'jgarzon@udistrital.edu.co', 1),
(1108, 'GARZON VELANDIA RAFAEL EDUARDO', 'rgarzon@udistrital.edu.co', 2),
(1109, 'GAVIRIA RIVERA ADALBER', 'agaviriar@udistrital.edu.co', 2),
(1110, 'GIANGRANDI UMBERTO', 'ugiangrandi@udistrital.edu.co', 2),
(1111, 'GIL MOLINA MARTIN ANTONIO', 'mgil@udistrital.edu.co', 2),
(1112, 'GIRALDO MONCALEANO LAURA MARCELA', 'lmgiraldom@udistrital.edu.co', 1),
(1113, 'GOMEZ BARRERO INTI YURAY', 'iygomezb@udistrital.edu.co', 1),
(1114, 'GOMEZ CORREA JUAN DIEGO', 'jdgomezc@udistrital.edu.co', 2),
(1115, 'GOMEZ GARCIA JOSE FERNANDO', 'jfgomezg@udistrital.edu.co', 2),
(1116, 'GOMEZ GOMEZ FLOR ALBA', 'fagomezg@udistrital.edu.co', 1),
(1117, 'GOMEZ GONZALEZ ADRIAN EDGARDO', 'aegomezg@udistrital.edu.co', 2),
(1118, 'GOMEZ ORTIGOZA JANNETH PATRICIA', 'jpgomezo@udistrital.edu.co', 1),
(1119, 'GOMEZ RODRIGUEZ LUIS FERNANDO', 'lfgomez@udistrital.edu.co', 2),
(1120, 'GOMEZ VARGAS ERNESTO', 'egomez@udistrital.edu.co', 2),
(1121, 'GOMEZ VICENTA VICTORIA', 'vvgomez@udistrital.edu.co', 1),
(1122, 'GONZALEZ HENAO GERMAN', 'ggonzalezh@udistrital.edu.co', 2),
(1123, 'FORERO GONZALEZ JOHN JAIRO', 'jjforerog@udistrital.edu.co', 2),
(1124, 'GONZALEZ OSCAR', 'ogonzalez@udistrital.edu.co', 2),
(1125, 'GONZALEZ PARRA CAMILO', 'camangonzalezp@udistrital.edu.co', 2),
(1126, 'GONZALEZ PEÑARETE JAIRO', 'jgonzalez@udistrital.edu.co', 2),
(1127, 'GONZALEZ PINZON RONALD', 'rgonzalezp@udistrital.edu.co', 2),
(1128, 'GONZALEZ RAMIREZ LUISA FERNANDA', 'lfgonzalezr@udistrital.edu.co', 1),
(1129, 'GONZALEZ RAMIREZ MANUEL ARTURO', 'magonzalezr@udistrital.edu.co', 2),
(1130, 'GONZALEZ RODRIGUEZ IVAN FERNANDO', 'igonzalez@udistrital.edu.co', 2),
(1131, 'GONZALEZ SUAREZ ISIS EXSURY', 'iegonzalezs@udistrital.edu.co', 1),
(1132, 'GONZALEZ TORRES ANTONIO RICARDO', 'argonzalezt@udistrital.edu.co', 2),
(1133, 'GORDON RODRIGUEZ OSCAR', 'ogordonr@udistrital.edu.co', 2),
(1134, 'GRACIA ROJAS JENIFFER PAOLA', 'jpgraciar@udistrital.edu.co', 1),
(1135, 'GRANADOS GUZMAN ALVARO', 'ajgranadosg@udistrital.edu.co', 2),
(1136, 'GUACANEME MORENO JAVIER ANTONIO', 'jguacaneme@udistrital.edu.co', 2),
(1137, 'GUARNIZO JOSE GUILLERMO', 'jguillermog@udistrital.edu.co', 2),
(1138, 'GUERRA RODRIGUEZ JAYERTH', 'jguerrar@udistrital.edu.co', 2),
(1139, 'GUERRERO CARO ALEXANDER', 'aguerreroc@udistrital.edu.co', 2),
(1140, 'GUERRERO MORENO DIEGO GERMAN', 'dgguerrerom@udistrital.edu.co', 2),
(1141, 'GUERRERO ROJAS MARCELA BIBIANA', 'mbguerreror@udistrital.edu.co', 1),
(1142, 'GUERRERO VARONA JORGE FERNANDO', 'jfguerrerov@udistrital.edu.co', 2),
(1143, 'GUEVARA BOLAÑOS CARMEN ROSA', 'crguevarab@udistrital.edu.co', 1),
(1144, 'GUEVARA JIMENEZ LUIS ALFONSO', 'laguevaraj@udistrital.edu.co', 2),
(1145, 'GUEVARA PARDO FERNANDO', 'fguevarap@udistrital.edu.co', 2),
(1146, 'GUTIERREZ BERMUDEZ LUIS ALFONSO', 'lagutierrezb@udistrital.edu.co', 2),
(1147, 'GUTIERREZ DAZA TITO ERNESTO', 'tgutierrezd@udistrital.edu.co', 2),
(1148, 'GUTIERREZ RAMIREZ HUMBERTO HERNANDO', 'hgutierrez@udistrital.edu.co', 2),
(1149, 'GUTIERREZ RUIZ SERGIO ANDRES', 'sagutierrezr@udistrital.edu.co', 2),
(1150, 'GUZMAN AVENDAÑO ANTONIO JOSE', 'ajguzmana@udistrital.edu.co', 2),
(1151, 'GUZMAN CALDERON HERNAN DARIO', 'gchernand@udistrital.edu.co', 2),
(1152, 'GUZMAN URREGO EDWIN ARMANDO', 'eaguzmanu@udistrital.edu.co', 2),
(1153, 'GUZMAN GONZALEZ MAURICIO', 'mguzmang@udistrital.edu.co', 2),
(1154, 'GUZMAN JESUS AUGUSTO', 'jaguzman@udistrital.edu.co', 2),
(1155, 'GUZMAN MEDINA BEATRIZ HELENA', 'bhguzmanm@udistrital.edu.co', 1),
(1156, 'GUZMAN MUÑOZ CARLOS GONZALO', 'cgguzmanm@udistrital.edu.co', 2),
(1157, 'GUZMAN ROMO JORGE ALBERTO', 'jaguzmanr@udistrital.edu.co', 2),
(1158, 'HARKER SANCHEZ ORLANDO', 'oharkers@udistrital.edu.co', 2),
(1159, 'HERNANDEZ CASTAÑO DEISY JOHANA', 'djhernandezc@udistrital.edu.co', 1),
(1160, 'HERNANDEZ MORA JOHANN ALEXANDER', 'jahernandezm@udistrital.edu.co', 2),
(1161, 'HERNANDEZ RAMOS FABIAN ALONSO', 'fahernandezr@udistrital.edu.co', 2),
(1162, 'HERNANDEZ RODRIGUEZ MARIA ELVIRA', 'maelhernandezr@udistrital.edu.co', 1),
(1163, 'HERNANDEZ SUAREZ HENRY', 'hhernandezs@udistrital.edu.co', 2),
(1164, 'HERNANDEZ TORRES ALEJANDRO', 'ahernandezt@udistrital.edu.co', 2),
(1165, 'HERRERA CUBIDES JHON FRANCINED', 'jfherrerac@udistrital.edu.co', 2),
(1166, 'HERRERA ESCORCIA JOSE LUIS', 'jherrera@udistrital.edu.co', 2),
(1167, 'HERRERA GARCIA LUIS ORLANDO', 'lherrera@udistrital.edu.co', 2),
(1168, 'HERRERA GARCIA RODRIGO JAVIER', 'rherrera@udistrital.edu.co', 2),
(1169, 'HERRERA JIMENEZ SIMAR ENRIQUE', 'seherreraj@udistrital.edu.co', 2),
(1170, 'HERRERA NIVIA CARLOS ALBEIRO', 'caherreran@udistrital.edu.co', 2),
(1171, 'HIGUERA GARZON JOHN', 'jhiguerag@udistrital.edu.co', 2),
(1172, 'HINESTROZA VALENCIA JOSE FRANCISCO', 'jfhinestrozav@udistrital.edu.co', 2),
(1173, 'HURTADO BETANCOURT JUAN CARLOS', 'jchurtadob@udistrital.edu.co', 2),
(1174, 'HURTADO VERGEL OSCAR', 'ohurtadov@udistrital.edu.co', 2),
(1175, 'IBAGON BARRERO EDWIN EDUARDO', 'eeibagonb@udistrital.edu.co', 2),
(1176, 'ILLERA SARMIENTO SEBASTIAN', 'silleras@udistrital.edu.co', 2),
(1177, 'INFANTE ARIAS FERNANDO', 'finfantea@udistrital.edu.co', 2),
(1178, 'JARA RAMIREZ ANA MANUELA', 'amjarar@udistrital.edu.co', 1),
(1179, 'JARAMILLO MATTA ADOLFO ANDRES', 'ajaramillom@udistrital.edu.co', 2),
(1180, 'JARAMILLO MORENO BEATRIZ ELISA', 'bjaramillo@udistrital.edu.co', 1),
(1181, 'JIMENEZ AVELLANEDA ALFI', 'ajimeneza@udistrital.edu.co', 2),
(1182, 'JIMENEZ PIEDRAHITA MARTIN EMILIO', 'mejimenezp@udistrital.edu.co', 2),
(1183, 'JUTINICO ALARCON ANDRES LEONARDO', 'aljutinicoa@udistrital.edu.co', 2),
(1184, 'LADINO PERALTA RAFAEL EDUARDO', 'labservipublicos@udistrital.edu.co', 2),
(1185, 'LAGOS CABALLERO JESUS ALBERTO', 'jalagosc@udistrital.edu.co', 2),
(1186, 'LAISECA RODRIGUEZ EDGAR', 'elaisecar@udistrital.edu.co', 2),
(1187, 'LAMBULEY ALFEREZ NESTOR', 'nlambuleya@udistrital.edu.co', 2),
(1188, 'LARA CRUZ GIANNI', 'glarac@udistrital.edu.co', 2),
(1189, 'LARA PAZ GUSTAVO ADOLFO', 'galarap@udistrital.edu.co', 2),
(1190, 'LASTRE JAIRO ALBERTO', 'jalbertol@udistrital.edu.co', 2),
(1191, 'LEAL PULIDO ROBERT ORLAND', 'rolealp@udistrital.edu.co', 2),
(1192, 'LEGUIZAMON ZAPATA DANIEL FELIPE', 'dfleguizamonz@udistrital.edu.co', 2),
(1193, 'LEIVA GUTIERREZ NANCY', 'nleivag@udistrital.edu.co', 1),
(1194, 'LEMOS BERNAL JULIO HERNAN', 'jlemosb@udistrital.edu.co', 2),
(1195, 'LEON AGATON ADOLFO', 'aleon@udistrital.edu.co', 2),
(1196, 'LEON BELTRAN EDUARDO AIZAMAK', 'ealeonb@udistrital.edu.co', 2),
(1197, 'LEON BERNATE DIANA ROCIO', 'drleonb@udistrital.edu.co', 1),
(1198, 'LEON BOHORQUEZ DIANA LUCIA', 'dlleonb@udistrital.edu.co', 1),
(1199, 'LEON BUITRAGO JAINER', 'jleonb@udistrital.edu.co', 2),
(1200, 'LEON PARADA FERNANDO', 'fleon@udistrital.edu.co', 2),
(1201, 'LEON RODRIGUEZ RICARDO', 'rleonr@udistrital.edu.co', 2),
(1202, 'LINERO BRANLY ANDRES FERNAN', 'aflinerob@udistrital.edu.co', 2),
(1203, 'LIZCANO CARO JOSE ANDELFO', 'jalizcanoc@udistrital.edu.co', 2),
(1204, 'LOPEZ CAMACHO RENE', 'rlopezc@udistrital.edu.co', 2),
(1205, 'LOPEZ CHAVEZ HANS IGOR', 'hilopezc@udistrital.edu.co', 2),
(1206, 'LOPEZ EDGAR ALFONSO', 'ealopezr@udistrital.edu.co', 2),
(1207, 'LOPEZ LOPEZ JHON FREDY', 'jflopezl@udistrital.edu.co', 2),
(1208, 'LOPEZ LOPEZ JULIANA', 'jlopezl@udistrital.edu.co', 1),
(1209, 'LOPEZ MOLINA DORA INES', 'dilopezm@udistrital.edu.co', 1),
(1210, 'LOPEZ OSPINA JULIAN', 'jlopezo@udistrital.edu.co', 2),
(1211, 'LOPEZ SANCHEZ WILSON RICARDO', 'wrlopezs@udistrital.edu.co', 2),
(1212, 'LOPEZ SARMIENTO DANILO ALFONSO', 'dalopezs@udistrital.edu.co', 2),
(1213, 'LOPEZ TORRES LUCIANO ANIBAL', 'lalopezt@udistrital.edu.co', 2),
(1214, 'LOZANO CAROLINA MARIA', 'cmlozanob@udistrital.edu.co', 1),
(1215, 'LOZANO CASTIBLANCO DIEGO ARMANDO', 'dalozanoc@udistrital.edu.co', 2),
(1216, 'LOZANO ESPINOSA EDGAR', 'elozanoe@udistrital.edu.co', 2),
(1217, 'LOZANO LUNA LUIS ALBERTO', 'lalozanol@udistrital.edu.co', 2),
(1218, 'LOZANO MOSKOWICTZ CATHERINE', 'clozanom@udistrital.edu.co', 1),
(1219, 'LUNA ACEVEDO MARIA CRISTINA', 'mclunaa@udistrital.edu.co', 1),
(1220, 'PEÑA MACIAS VICTOR BRYALLAN', 'vbpenam@udistrital.edu.co', 2),
(1221, 'MALAVER PARRA JORGE HERNANDO', 'jhmalaverp@udistrital.edu.co', 2),
(1222, 'MALDONADO LIZARAZO DANIEL EDUARDO', 'demaldonadol@udistrital.edu.co', 2),
(1223, 'MANCERA MEDINA HUGO ALFONSO', 'hamanceram@udistrital.edu.co', 2),
(1224, 'MANJARRES DIEGO ANTONIO', 'dmanjarres@udistrital.edu.co', 2),
(1225, 'MANRIQUE LOPEZ KARINA', 'kmanriquel@udistrital.edu.co', 1),
(1226, 'MARCIAL DE CARO ARMINDA GISELA', 'agmarcial@udistrital.edu.co', 1),
(1227, 'MARIN BEJARANO LUSSETH', 'lmarinb@udistrital.edu.co', 1),
(1228, 'MARIN DIAZ DORA LILIA LUCIA', 'dlmarind@udistrital.edu.co', 1),
(1229, 'MARIN GAVIRIA ISAIAS DAVID', 'idmaring@udistrital.edu.co', 2),
(1230, 'MARIN SALAZAR YENNY ANDREA', 'yamarins@udistrital.edu.co', 1),
(1231, 'MARIN SANABRIA HUGO DANIEL', 'hdmarins@udistrital.edu.co', 2),
(1232, 'MARTIN CALVO JEISSON FABIAN', 'jfmartinc@udistrital.edu.co', 2),
(1233, 'MARTIN SANTAMARIA LUIS ENRIQUE', 'lmartin@udistrital.edu.co', 2),
(1234, 'MARTINEZ ABELLO JAIRO MIGUEL', 'martinezabellojm@udistrital.edu.co', 2),
(1235, 'MARTINEZ ALAYON CARLOS ANDRES', 'camartineza@udistrital.edu.co', 2),
(1236, 'MARTINEZ BERMUDEZ FRANCISCO JAVIER', 'fjmartinezb@udistrital.edu.co', 2),
(1237, 'MARTINEZ DUVER ALBERTO', 'damartinezp@udistrital.edu.co', 2),
(1238, 'MARTINEZ GILBERTO', 'gimartinez@udistrital.edu.co', 2),
(1239, 'MARTINEZ JIMENEZ MAWIN JAVIER', 'mjmartinezj@udistrital.edu.co', 2),
(1240, 'MARTINEZ MEDINA CARLOS ANDRES', 'caamartinezm@udistrital.edu.co', 2),
(1241, 'MARTINEZ MONROY SORAYDA', 'smartinez@udistrital.edu.co', 1),
(1242, 'MARTINEZ RODRIGUEZ FERNANDO', 'fmartinezr@udistrital.edu.co', 2),
(1243, 'MARTINEZ SANTOS SIRLEY YOLIMA', 'symartinezs@udistrital.edu.co', 1),
(1244, 'MARTINEZ VALDEBLANQUEZ CARMIÑA', 'cmartinezv@udistrital.edu.co', 1),
(1245, 'MATURANA CORDOBA ZAMIR', 'zmaturanac@udistrital.edu.co', 2),
(1246, 'MEDINA BAHAMON HUGO', 'hmedinab@udistrital.edu.co', 2),
(1247, 'MEDINA DAZA RUBEN JAVIER', 'rmedina@udistrital.edu.co', 2),
(1248, 'MEDINA GARCIA VICTOR HUGO', 'vmedina@udistrital.edu.co', 2),
(1249, 'MEDINA GONZALEZ OSCAR JAVIER', 'ojmedinag@udistrital.edu.co', 2),
(1250, 'MEJIA AUGUSTO ENRIQUE', 'aemejiam@udistrital.edu.co', 2),
(1251, 'MEJIA DE ALBA MARTHA ISABEL', 'mimejiaa@udistrital.edu.co', 1),
(1252, 'MEJIA MUÑOZ LUIS ALFONSO', 'lamejiam@udistrital.edu.co', 2),
(1253, 'MEJIA PATIÑO FABIAN ANDRES', 'famejiap@udistrital.edu.co', 2),
(1254, 'MELGAREJO REY MIGUEL ALBERTO', 'mmelgarejo@udistrital.edu.co', 2),
(1255, 'MELO BRITO NADENKA BEATRIZ', 'nbmelob@udistrital.edu.co', 1),
(1256, 'MELO MARTINEZ CARLOS EDUARDO', 'cmelo@udistrital.edu.co', 2),
(1257, 'MENA MORENO MOISES ANTONIO', 'mamenam@udistrital.edu.co', 2),
(1258, 'MENDEZ ESPITIA FRANCISCO JAVIER', 'fjmendeze@udistrital.edu.co', 2),
(1259, 'MENDEZ GIRALDO GERMAN ANDRES', 'gmendez@udistrital.edu.co', 2),
(1260, 'MENDEZ PINZON EDNA ROCIO', 'ermendezp@udistrital.edu.co', 1),
(1261, 'MENDOZA MORENO KILDERMAN', 'kmendozam@udistrital.edu.co', 2),
(1262, 'MENDOZA PRIESSENG CARLOS LEONARDO', 'clmendozap@udistrital.edu.co', 2),
(1263, 'MERCHAN ABRIL ANTONIO', 'amerchana@udistrital.edu.co', 2),
(1264, 'MESA MEJIA ALFONSO', 'amesam@udistrital.edu.co', 2),
(1265, 'MESA RODRIGUEZ FREDY GIOVANNI', 'fgmesar@udistrital.edu.co', 2),
(1266, 'MEZA BUELVAS LILIANA MARGARITA', 'lmmezab@udistrital.edu.co', 1),
(1267, 'MILLAN GRAJALES GLORIA', 'gmillang@udistrital.edu.co', 1),
(1268, 'MOJICA HERNANDEZ MARTHA LUCIA', 'mlmojicah@udistrital.edu.co', 1),
(1269, 'MOJICA JUAN CARLOS', 'jcmojica@udistrital.edu.co', 2),
(1270, 'MOLINA LOPEZ LUIS', 'lmolinal@udistrital.edu.co', 2),
(1271, 'MOLINA ROMERO LEONARDO', 'lmolinar@udistrital.edu.co', 2),
(1272, 'MONCADA SANCHEZ JAVIER FELIPE', 'jfmoncada@udistrital.edu.co', 2),
(1273, 'MONROY PIEDRA OSCAR GIOVANNI', 'ogmonroyp@udistrital.edu.co', 2),
(1274, 'MONTEJO HERNANDEZ ADRIANA MARITZA', 'mhadrianam@udistrital.edu.co', 1),
(1275, 'MORA RODRIGUEZ JHONATAN STEVEN', 'jsmorar@udistrital.edu.co', 2),
(1276, 'MORALES CORREA EFRAIN', 'emoralesc@udistrital.edu.co', 2),
(1277, 'MORALES FIGUEROA CESAR LUIS', 'clmoralesf@udistrital.edu.co', 2),
(1278, 'MORALES LUIS ALFONSO', 'lamorales@udistrital.edu.co', 2),
(1279, 'MORALES VALENZUELA OLGUER SEBASTIAN', 'osmoralesv@udistrital.edu.co', 2),
(1280, 'MORENO AGUILAR RUTH MIRIAM', 'rmmorenoa@udistrital.edu.co', 1),
(1281, 'MORENO AMADO MYRIAM', 'mmoreno@udistrital.edu.co', 1),
(1282, 'MORENO BELTRAN ELSA ELENA', 'eemorenob@udistrital.edu.co', 1),
(1283, 'MORENO GUTIERREZ JAIME ALBERTO', 'jmoreno@udistrital.edu.co', 2),
(1284, 'MORENO MORENO CARLOS HERNANDO', 'chmorenom@udistrital.edu.co', 2),
(1285, 'MORENO PEÑALOZA GERMAN ORLANDO', 'gomorenop@udistrital.edu.co', 2),
(1286, 'MORENO ROA CARMENZA', 'cmorenor@udistrital.edu.co', 1),
(1287, 'MOSQUERA SALAS CARMEN OLIVA', 'comosqueras@udistrital.edu.co', 1),
(1288, 'MOYA CHAVES FRANCISCO DAVID', 'fdmoyac@udistrital.edu.co', 2),
(1289, 'MOYANO PEDRAZA EDGAR JAVIER', 'edjmoyanop@udistrital.edu.co', 2),
(1290, 'MUÑOZ BARRAGAN JORGE ENRIQUE', 'jemunozb@udistrital.edu.co', 2),
(1291, 'MUÑOZ GARZON MABEL RUBIELA', 'mrmunozg@udistrital.edu.co', 1),
(1292, 'MUÑOZ QUIÑONES GERARDO ALCIDES', 'gmunoz@udistrital.edu.co', 2),
(1293, 'MUÑOZ ROJAS JAIME RODRIGO', 'jrmunozr@udistrital.edu.co', 2),
(1294, 'MURAD PEDRAZA JOSE ALEJANDRO', 'jamuradp@udistrital.edu.co', 2),
(1295, 'MURCIA BEDOYA MAURICIO', 'mmurciab@udistrital.edu.co', 2),
(1296, 'NARANJO CETINA ANGELA TATIANA', 'atnaranjoc@udistrital.edu.co', 1),
(1297, 'NARANJO LASSO DANNY ORLANDO', 'donaranjol@udistrital.edu.co', 2),
(1298, 'NARVAEZ CUBILLOS EIDER ALEXANDER', 'anarvaez@udistrital.edu.co', 2),
(1299, 'NAVARRETE LOPEZ ABEL ANTONIO', 'anavarrete@udistrital.edu.co', 2),
(1300, 'NAVARRO ALVARADO RICARDO', 'rnavarroa@udistrital.edu.co', 2),
(1301, 'NAVARRO ROMERO ELISA DEL CARMEN', 'ecnavarror@udistrital.edu.co', 1),
(1302, 'NIETO CLAVIJO GUSTAVO ADOLFO', 'gnieto@udistrital.edu.co', 2),
(1303, 'NIETO LEMUS ALBA CONSUELO', 'acnietol@udistrital.edu.co', 1),
(1304, 'NIEVES PIMIENTO NAYIVE', 'nnievesp@udistrital.edu.co', 1),
(1305, 'NIKOLOVA PETKOVA NANA', 'nnikolovap@udistrital.edu.co', 1),
(1306, 'NIÑO MORALES SANTIAGO', 'sninom@udistrital.edu.co', 2),
(1307, 'NIÑO NIÑO EDILBERTO', 'enino@udistrital.edu.co', 2),
(1308, 'NOGUERA RAMIREZ JULIO ALBERTO', 'janoguerar@udistrital.edu.co', 2),
(1309, 'OCAMPO VILLAMIZAR CESAR', 'cocampov@udistrital.edu.co', 2),
(1310, 'OCHOA RODRIGUEZ JULIO FERNANDO', 'jfochoar@udistrital.edu.co', 2),
(1311, 'OLIVEROS TAUTIVA SANDRA JIMENA', 'sfjoliverost@udistrital.edu.co', 1),
(1312, 'ORDOÑEZ ROBAYO CAMILO ANDRES', 'caordonezr@udistrital.edu.co', 2),
(1313, 'ORDOÑEZ SALINAS SONIA DEL CARMEN', 'sordonez@udistrital.edu.co', 1),
(1314, 'ORDUÑA DIAZ JOHN ALEXANDER', 'jaordunad@udistrital.edu.co', 2),
(1315, 'ORJUELA CASTRO JAVIER ARTURO', 'jorjuela@udistrital.edu.co', 2),
(1316, 'ORJUELA PARRADO DORYS HELENA', 'dhorjuelap@udistrital.edu.co', 1),
(1317, 'OROZCO RODRIGUEZ AURA MARIA', 'amorozcor@udistrital.edu.co', 1),
(1318, 'ORTEGA GARZON SANDRA MARIA', 'smortegag@udistrital.edu.co', 1),
(1319, 'ORTIZ MORA EDGAR', 'eortizm@udistrital.edu.co', 2),
(1320, 'ORTIZ MORALES ALEXIS ADAMI', 'aortiz@udistrital.edu.co', 2),
(1321, 'ORTIZ QUINTERO LUIS FERNANDO', 'lfortizq@udistrital.edu.co', 2),
(1322, 'OSORIO ORTEGON CRISTINA JINNETH', 'cjosorioo@udistrital.edu.co', 1),
(1323, 'OSORIO TORRES CINDY JOHANA', 'cjosoriot@udistrital.edu.co', 1),
(1324, 'OSPINA ESPITIA MARTHA ESPERANZA', 'meospinae@udistrital.edu.co', 1),
(1325, 'OSPINA NAVAS ARLEY', 'aospinan@udistrital.edu.co', 2),
(1326, 'OSPINA SANCHEZ JORGE FERNANDO', 'jfospinas@udistrital.edu.co', 2),
(1327, 'OSPINA TORRES MARTHA RUTH', 'mospina@udistrital.edu.co', 1),
(1328, 'OVALLE MARTINEZ DIANA MARCELA', 'dmovallem@udistrital.edu.co', 1),
(1329, 'PABON ROSAS GERMAN ALEXANDER', 'gapabonr@udistrital.edu.co', 2),
(1330, 'PACHON RODRIGUEZ WILLIAN ANTONIO', 'wapachonr@udistrital.edu.co', 2),
(1331, 'PAEZ RODRIGUEZ ORLANDO', 'opaezr@udistrital.edu.co', 2),
(1332, 'PALACIOS AREVALO GUSTAVO', 'gpalaciosa@udistrital.edu.co', 2),
(1333, 'PALACIOS HOLGUIN LAURENCIO', 'lpalaciosh@udistrital.edu.co', 2),
(1334, 'PARDO HERRERA RUBEN DARIIO', 'rdpardoh@udistrital.edu.co', 2),
(1335, 'PARDO PINZON JANNETH', 'jpardop@udistrital.edu.co', 1),
(1336, 'PARDO PINZON RUBBY STELLA', 'rspardop@udistrital.edu.co', 1),
(1337, 'PARRA LONDOÑO JORGE IVAN', 'jiparral@udistrital.edu.co', 2),
(1338, 'PARRA PEÑA JHON FREDDY', 'jfparrap@udistrital.edu.co', 2),
(1339, 'PARRA PLAZAS JAIME ALBERTO', 'jarrap@udistrital.edu.co', 2),
(1340, 'PARRADO ROSSELLI ANGELA', 'aparrador@udistrital.edu.co', 1),
(1341, 'PATERNINA ANAYA JOSE DE JESUS', 'jjpaterninaa@udistrital.edu.co', 2),
(1342, 'PATIÑO SILVA OMAR FRANCISCO', 'ofpatinos@udistrital.edu.co', 2),
(1343, 'PAUTT VEGA FERNANDO', 'fpauttv@udistrital.edu.co', 2),
(1344, 'PAZOS ALVAREZ ALFONSO', 'apazos@udistrital.edu.co', 2),
(1345, 'PEÑA FLOREZ LUIS ALFONSO', 'lapenaf@udistrital.edu.co', 2),
(1346, 'PEÑA MARIN CARLOS ALBERTO', 'capenam@udistrital.edu.co', 2),
(1347, 'PEÑA REYES ANA MARIA', 'ampenar@udistrital.edu.co', 1),
(1348, 'PEÑA RODRIGUEZ JAIME HERNANDO', 'jpena@udistrital.edu.co', 2),
(1349, 'PEÑA SIERRA MONICA ANDREA', 'mapenas@udistrital.edu.co', 1),
(1350, 'PEÑA SUAREZ ALFONSO', 'apenas@udistrital.edu.co', 2),
(1351, 'PEÑA SUESCA RAFAEL ANTONIO', 'rpena@udistrital.edu.co', 2),
(1352, 'PEÑARANDA BAUTISTA JESUS ANTONIO', 'japenarandab@udistrital.edu.co', 2),
(1353, 'PEÑARANDA CAPERA ASTRID', 'apenarandac@udistrital.edu.co', 2),
(1354, 'PEÑARANDA GALVIS VIDAL FERNAND', 'vfpenarandag@udistrital.edu.co', 2),
(1355, 'PEÑUELA JORGE EDILBERTO', 'jpenuela@udistrital.edu.co', 2),
(1356, 'PERDOMO CHARRY CESAR ANDREY', 'cperdomo@udistrital.edu.co', 2),
(1357, 'PEREZ CARVAJAL EDWIN ROBERT', 'erperezc@udistrital.edu.co', 2),
(1358, 'PEREZ PEREZ JUAN JOSE', 'jujperezp@udistrital.edu.co', 2),
(1359, 'PEREZ RINCON GERMAN ALFONSO', 'geaperezr@udistrital.edu.co', 2),
(1360, 'PEREZ VELASQUEZ JHOAN EDUAR', 'jeperezv@udistrital.edu.co', 2),
(1361, 'PERILLA MONROY SANDRA MARLENY', 'smperillam@udistrital.edu.co', 1),
(1362, 'PINEDA PARRA CARLOS ALBERTO', 'caapinedap@udistrital.edu.co', 2),
(1363, 'PINEDA PEREZ CESAR AUGUSTO', 'capinedap@udistrital.edu.co', 2),
(1364, 'PINEDA TORRES FRANKLIN EDISSON', 'fepinedat@udistrital.edu.co', 2),
(1365, 'PINEDO CANTILLO IVAN ALFONSO', 'iapinedac@udistrital.edu.co', 2),
(1366, 'PIÑEROS MORA OLGA HELENA', 'ohpinerosm@udistrital.edu.co', 1),
(1367, 'PINILLA GARCIA YENZER', 'ypinillag@udistrital.edu.co', 2),
(1368, 'PINILLA GUERRERO KHAREN VIVIANA', 'kvpinillag@udistrital.edu.co', 1),
(1369, 'PINILLA PAEZ JUANA', 'jpinillap@udistrital.edu.co', 1),
(1370, 'PINILLA RIVERA MARIBEL', 'mpinillar@udistrital.edu.co', 1),
(1371, 'PINILLA ZULETA SARA GABRIELA', 'sgpinillaz@udistrital.edu.co', 1),
(1372, 'PINTO ASTERGIO INDALECIO', 'aipintoa@udistrital.edu.co', 2),
(1373, 'PINZON NIÑO VIVIANA ANDREA', 'vapinzonn@udistrital.edu.co', 1),
(1374, 'PLAZAS NOSSA LEONARDO', 'lplazasn@udistrital.edu.co', 2),
(1375, 'POLANCO TAPIA CESAR AUGUSTO', 'cpolanco@udistrital.edu.co', 2),
(1376, 'POLANIA CERINZA YOLY TATIANA', 'ytpolaniac@udistrital.edu.co', 1),
(1377, 'POVEDA CHAVES ROBERTO MANUEL', 'rpoveda@udistrital.edu.co', 2),
(1378, 'POVEDA ZAFRA JOSE NOE', 'jpoveda@udistrital.edu.co', 2),
(1379, 'PRADA PRADA JORGE', 'jpradap@udistrital.edu.co', 2),
(1380, 'PRECIADO BELTRAN JAIR', 'jpreciadob@udistrital.edu.co', 2),
(1381, 'PRIETO GARZON PEDRO EMILIO', 'peprietog@udistrital.edu.co', 2),
(1382, 'PRIETO SANABRIA DIANA MARIA', 'dmprietos@udistrital.edu.co', 1),
(1383, 'PULGARIN MONTOYA DIEGO ALEJANDRO', 'dapulgarinm@udistrital.edu.co', 2),
(1384, 'PULIDO RODRIGUEZ ESPERANZA NANCY', 'enpulidor@udistrital.edu.co', 1),
(1385, 'QUEVEDO CESAR AUGUSTO', 'caquevedob@udistrital.edu.co', 2),
(1386, 'QUIJANO WILCHES LUIS FERNANDO', 'lfquijanow@udistrital.edu.co', 2),
(1387, 'QUIÑONES SERRANO JORGE ARTURO', 'jaquinoness@udistrital.edu.co', 2),
(1388, 'QUINTANA PUENTES ROBINSON', 'rquintanap@udistrital.edu.co', 2),
(1389, 'QUINTERO DUQUE JUAN CARLOS', 'jcquinterod@udistrital.edu.co', 2),
(1390, 'RADA PERDIGON RAMIRO ALFONSO', 'raradap@udistrital.edu.co', 2),
(1391, 'RAMIREZ ANDRADE JUAN PABLO', 'jpramireza@udistrital.edu.co', 2),
(1392, 'RAMIREZ AREVALO HELIO HENRY', 'hhramireza@udistrital.edu.co', 2),
(1393, 'RAMIREZ LEAL ANDRES LEONARDO', 'alramirezl@udistrital.edu.co', 2),
(1394, 'RAMIREZ MONTAÑO LUIS ALBERTO', 'laramirezm@udistrital.edu.co', 2),
(1395, 'RAMIREZ MURILLO JEMAY', 'jramirezm@udistrital.edu.co', 2),
(1396, 'RAMIREZ POSADA MARTA PATRICIA', 'mpramirezp@udistrital.edu.co', 1),
(1397, 'RAMIREZ RAMOS CARLOS GERMAN', 'cgramirezr@udistrital.edu.co', 2),
(1398, 'RAMIREZ SANCHEZ MARIA', 'mramirez@udistrital.edu.co', 1),
(1399, 'RAMIREZ TRIANA CAMILO ANDRES', 'cramirezt@udistrital.edu.co', 2),
(1400, 'RAMIREZ VALENCIA MAGNOLIA', 'mramirezv@udistrital.edu.co', 1),
(1401, 'RAMOS BORDA GERMAN ERNESTO', 'geramosb@udistrital.edu.co', 2),
(1402, 'RAMOS GUATAQUIRA ERNEY GONZALO', 'egramosg@udistrital.edu.co', 2),
(1403, 'REAL FLOREZ GUILLERMO ENRIQUE', 'greal@udistrital.edu.co', 2),
(1404, 'REGALIA MARCO', 'mregalia@udistrital.edu.co', 2),
(1405, 'REINA RODRIGUEZ CARLOS ARTURO', 'careina@udistrital.edu.co', 2),
(1406, 'REY GALINDO RODRIGO', 'rreyg@udistrital.edu.co', 2),
(1407, 'REYES GOMEZ IVAN ANDRES', 'iareyesg@udistrital.edu.co', 2),
(1408, 'RIAÑO MALDONADO WILLIAM ALFONSO', 'wriano@udistrital.edu.co', 2),
(1409, 'RIAÑO MELO ORLANDO', 'oriano@udistrital.edu.co', 2),
(1410, 'RICO ACEVEDO CARLOS ALIRIO', 'caricoa@udistrital.edu.co', 2),
(1411, 'RICO BAEZ JOSE ABEL', 'jrico@udistrital.edu.co', 2),
(1412, 'RINCON PACHON FAVIO HUMBERTO', 'fhrinconp@udistrital.edu.co', 2),
(1413, 'RINCON ROJAS EDGAR JACINTO', 'erincon@udistrital.edu.co', 2),
(1414, 'RIVAS DIAZ GRANADOS MARIAM', 'mrivasd@udistrital.edu.co', 1),
(1415, 'RIVAS MEDINA JOYCE', 'jrivasm@udistrital.edu.co', 1),
(1416, 'RIVAS NIÑO CARLOS FERNANDO', 'cfrivasn@udistrital.edu.co', 2),
(1417, 'RIVAS TRUJILLO EDWIN', 'erivas@udistrital.edu.co', 2),
(1418, 'RIVERA LOZANO WILSON', 'wriveral@udistrital.edu.co', 2),
(1419, 'RIVERA ROJAS NESTOR IGNACIO', 'niriverar@udistrital.edu.co', 2),
(1420, 'RIVEROS TABARES MARIO JOSE', 'mjriverost@udistrital.edu.co', 2),
(1421, 'ROA VARGAS MARGARITA', 'mroav@udistrital.edu.co', 1),
(1422, 'ROCHA CRUZ MONICA ASTRID', 'marochac@udistrital.edu.co', 1),
(1423, 'ROCHA SALAMANCA LUZ ANGELA', 'lrocha@udistrital.edu.co', 1),
(1424, 'RODRIGUEZ BEJARANO MARCO IGNACIO', 'mirodriguezb@udistrital.edu.co', 2),
(1425, 'RODRIGUEZ BERNAL LUIS LEONARDO', 'llrodriguez@udistrital.edu.co', 2),
(1426, 'RODRIGUEZ CASTELLANOS JHON EDISSON', 'jerodriguezc@udistrital.edu.co', 2),
(1427, 'RODRIGUEZ CASTILLO DIANA JEANNETH', 'dprodriguezc@udistrital.edu.co', 1),
(1428, 'RODRIGUEZ FONSECA ANDRES ALEXANDER', 'aarodriguezf@udistrital.edu.co', 2),
(1429, 'RODRIGUEZ MARTINEZ CARLOS AUGUSTO', 'carodriguezm@udistrital.edu.co', 2),
(1430, 'RODRIGUEZ MARTINEZ GUSTAVO', 'gurodriguezm@udistrital.edu.co', 2),
(1431, 'RODRIGUEZ MIRANDA JUAN PABLO', 'jprodriguezm@udistrital.edu.co', 2),
(1432, 'RODRIGUEZ MOLANO JOSE IGNACIO', 'jirodriguezm@udistrital.edu.co', 2),
(1433, 'RODRIGUEZ MOLINA ANDREA CAROLINA', 'acrodriguezm@udistrital.edu.co', 1);
INSERT INTO `Profesor` (`idProfesor`, `nombre`, `correo`, `genero_idGenero`) VALUES
(1434, 'RODRIGUEZ NAVARRO NELLY ISABEL', 'nirodriguezn@udistrital.edu.co', 1),
(1435, 'RODRIGUEZ ORTEGA FABIO NELSON', 'fnrodriguezo@udistrital.edu.co', 2),
(1436, 'RODRIGUEZ PARRA ELIAS', 'erodriguezp@udistrital.edu.co', 2),
(1437, 'RODRIGUEZ RIVEROS LUISA FERNANDA', 'lufrodriguezr@udistrital.edu.co', 1),
(1438, 'RODRIGUEZ ROJAS CARMEN CECILIA', 'ccrodriguezr@udistrital.edu.co', 1),
(1439, 'RODRIGUEZ ROJAS LUZ ANDREA', 'larodriguezr@udistrital.edu.co', 1),
(1440, 'RODRIGUEZ RUEDA EDGAR FERNANDO', 'efrodriguezr@udistrital.edu.co', 2),
(1441, 'RODRIGUEZ SUAREZ JORGE LEONARDO', 'lrodriguezs@udistrital.edu.co', 2),
(1442, 'RODRIGUEZ TOBAR ANGELA TATIANA', 'atrodriguezt@udistrital.edu.co', 1),
(1443, 'ROJAS CASAS HUMBERTO', 'hrojasc@udistrital.edu.co', 2),
(1444, 'ROJAS CASTILLO WILSON ALEXANDER', 'warojasc@udistrital.edu.co', 2),
(1445, 'ROJAS CLAUDIA BERENICE', 'cbrojasr@udistrital.edu.co', 1),
(1446, 'ROJAS CUBIDES HERBERT ENRIQUE', 'herojasc@udistrital.edu.co', 2),
(1447, 'ROJAS GALEANO SERGIO ANDRES', 'srojas@udistrital.edu.co', 2),
(1448, 'ROJAS GUTIERREZ DIANA CAROLINA', 'dicrojasg@udistrital.edu.co', 1),
(1449, 'ROJAS JIMENEZ CESAR', 'carojasj@udistrital.edu.co', 2),
(1450, 'ROMERO BELTRAN JEISSON ANDRES', 'jearomerob@udistrital.edu.co', 2),
(1451, 'ROMERO BETANCUR JESUS DAVID', 'jdromerob@udistrital.edu.co', 2),
(1452, 'ROMERO CASTELLANOS ANA RUBIELA', 'arromeroc@udistrital.edu.co', 1),
(1453, 'ROMERO LOZANO MIGUEL FERNANDO', 'mfromerol@udistrital.edu.co', 2),
(1454, 'ROMERO PATIÑO NICOLAS ENRIQUE', 'neromerop@udistrital.edu.co', 2),
(1455, 'ROMERO REY SANDRO', 'sromeror@udistrital.edu.co', 2),
(1456, 'ROMERO VILLALOBOS OSWALDO ALBERTO', 'oromerov@udistrital.edu.co', 2),
(1457, 'RONDON CAMACHO LEIDY YAMILE', 'lyrondonc@udistrital.edu.co', 1),
(1458, 'RONDON QUINTANA HUGO ALEXANDER', 'harondonq@udistrital.edu.co', 2),
(1459, 'RONDON SANTOS MARIO AURELIO', 'marondons@udistrital.edu.co', 2),
(1460, 'ROSERO BERNAL DAVID GUSTAVO', 'dgroserob@udistrital.edu.co', 2),
(1461, 'ROZO ALVAREZ CARLOS YESID', 'cyrozoa@udistrital.edu.co', 2),
(1462, 'ROZO GARCIA PABLO EMILIO', 'perozog@udistrital.edu.co', 2),
(1463, 'ROZO VEGA NIXON ALBERTO', 'narozov@udistrital.edu.co', 2),
(1464, 'RUANO MIRANDA ALBERTO FRANCISCO', 'afruanom@udistrital.edu.co', 2),
(1465, 'RUBIO ALVAREZ ALEXANDER', 'arubioa@udistrital.edu.co', 2),
(1466, 'RUBIO JUAN PABLO', 'jprubiop@udistrital.edu.co', 2),
(1467, 'RUBIO LEON LAURA ALEJANDRA', 'larubiol@udistrital.edu.co', 1),
(1468, 'RUBIO ZAFRA DAVID MAURICIO', 'dmrubio@udistrital.edu.co', 2),
(1469, 'RUEDA SANTIAGO', 'sruedaf@udistrital.edu.co', 2),
(1470, 'RUEDA VELASCO FEIZAR JAVIER', 'fjruedav@udistrital.edu.co', 2),
(1471, 'SABOYA CORTES DAGOBERTO', 'dsaboyac@udistrital.edu.co', 2),
(1472, 'SABOYA RODRIGUEZ DALADIER', 'dsaboyar@udistrital.edu.co', 2),
(1473, 'SAENZ BLANCO FABIOLA', 'fsaenz@udistrital.edu.co', 1),
(1474, 'SAENZ LESMES ROSS MARY', 'rmsaenzl@udistrital.edu.co', 1),
(1475, 'SAENZ SALAZAR MAURICIO HERNANDO', 'mhsaenzs@udistrital.edu.co', 2),
(1476, 'SALAMANCA CESPEDES JORGE ENRIQUE', 'jsalamanca@udistrital.edu.co', 2),
(1477, 'SALAMANCA ROCHA MAIRA', 'mxsalamancar@udistrital.edu.co', 1),
(1478, 'SALAZAR FAJARDO SANTIAGO', 'ssalazarf@udistrital.edu.co', 2),
(1479, 'SALAZAR HAKIM GENOVEVA', 'gsalazarh@udistrital.edu.co', 2),
(1480, 'SALAZAR MORALES OMAR', 'osalazarm@udistrital.edu.co', 2),
(1481, 'SALAZAR SERRANO DANIEL', 'dsalazars@udistrital.edu.co', 2),
(1482, 'SALAZAR URIBE MATEO OCTAVIO', 'moctavios@udistrital.edu.co', 2),
(1483, 'SALAZAR ZUÑIGA JORGE EDUARDO', 'jesalazarz@udistrital.edu.co', 2),
(1484, 'SALCEDO PARRA OCTAVIO JOSE', 'osalcedo@udistrital.edu.co', 2),
(1485, 'SALGADO JUANA IBANAXCA', 'jisalgadoi@udistrital.edu.co', 1),
(1486, 'SALGUERO RICARDO ALFONSO', 'rasalguero@udistrital.edu.co', 2),
(1487, 'SALINAS BERMUDEZ CESAR AUGUSTO', 'csalinas@udistrital.edu.co', 2),
(1488, 'SANCHEZ ACEVEDO LUIS CARLOS', 'lcsancheza@udistrital.edu.co', 2),
(1489, 'SANCHEZ AGUIRRE RAFAEL ANDRES', 'rasancheza@udistrital.edu.co', 2),
(1490, 'SANCHEZ BLANCO DORIBEL', 'dosanchezb@udistrital.edu.co', 2),
(1491, 'SANCHEZ CHOACHI JOHAN SEBASTIAN', 'jossanchezc@udistrital.edu.co', 2),
(1492, 'SANCHEZ CUARTAS MARTIN', 'msanchezc@udistrital.edu.co', 2),
(1493, 'SANCHEZ GAITAN JUAN CARLOS', 'jcsanchezg@udistrital.edu.co', 2),
(1494, 'SANCHEZ GUTIERREZ RAFAEL ALFONSO', 'rasanchezg@udistrital.edu.co', 2),
(1495, 'SANCHEZ SANCHEZ FERNANDO', 'fsanchezs@udistrital.edu.co', 2),
(1496, 'SANCHEZ SANCHEZ RIGOBERTO', 'rsanchezs@udistrital.edu.co', 2),
(1497, 'SANCHEZ VALBUENA JUAN CAMILO', 'jcsanchezv@udistrital.edu.co', 2),
(1498, 'SANDOVAL LLANOS JOHN JAIRO', 'jjsandovall@udistrital.edu.co', 2),
(1499, 'SANDOVAL MARTINEZ CLAUDIA ROCIO', 'crsandovalm@udistrital.edu.co', 1),
(1500, 'SANDOVAL QUIMBAYA JOSE SEBASTIAN', 'jssandovalq@udistrital.edu.co', 2),
(1501, 'SANDOVAL ROMERO HERNAN ALBERTO', 'hasandovalr@udistrital.edu.co', 2),
(1502, 'SARMIENTO SARMIENTO EDILBERTO', 'esarmiento@udistrital.edu.co', 2),
(1503, 'SARTA FUENTES JOSE ANTONIO', 'jsarta@udistrital.edu.co', 2),
(1504, 'SEGOVIA RODRIGUEZ ADRIANA ANDREA', 'asegovia@udistrital.edu.co', 1),
(1505, 'SEGURA HERRERA JEISSON GERMAN', 'jgsegurah@udistrital.edu.co', 2),
(1506, 'SEPULVEDA ORNEGO JUAN ERNEY', 'jesepulvedao@udistrital.edu.co', 2),
(1507, 'SERRATO LOZANO LEONARDO', 'lserratol@udistrital.edu.co', 2),
(1508, 'SIERRA MELO MAURICIO', 'msierram@udistrital.edu.co', 2),
(1509, 'SILVA BEJARANO JOSUE EUGENIO', 'jesilvab@udistrital.edu.co', 2),
(1510, 'SILVA CACERES JANNETH', 'jsilvac@udistrital.edu.co', 1),
(1511, 'SILVA RIAÑO ALEJANDRO', 'asilva@udistrital.edu.co', 2),
(1512, 'SILVA ROBAYO LUZ ANGELA', 'lasilvar@udistrital.edu.co', 1),
(1513, 'SOLANO VILLAMIZAR FREDDY GIOVANNI', 'fgsolanov@udistrital.edu.co', 2),
(1514, 'SORIANO MENDEZ JOSE JAIRO', 'jairosoriano@udistrital.edu.co', 2),
(1515, 'SUAREZ ALBARRACIN NADIA LUZ', 'sanadial@udistrital.edu.co', 1),
(1516, 'SUAREZ BELTRAN MONICA', 'mlsuarezb@udistrital.edu.co', 1),
(1517, 'SUAREZ CIFUENTES CARLOS EDUARDO', 'cesuarezc@udistrital.edu.co', 2),
(1518, 'SUAREZ FAJARDO CARLOS ARTURO', 'casuarezf@udistrital.edu.co', 2),
(1519, 'SUAREZ JORGE GIOVANY', 'jgsuarezp@udistrital.edu.co', 2),
(1520, 'SUAREZ PARRA CESAR AUGUSTO', 'casuarezp@udistrital.edu.co', 2),
(1521, 'SUAREZ SAAVEDRA GERMAN ANDRES', 'gasuarezs@udistrital.edu.co', 2),
(1522, 'SUAREZ TORRES EDILBERTO', 'esuarez@udistrital.edu.co', 2),
(1523, 'TAMAYO VASQUEZ CLAUDIA CONSTANZA', 'cctamayov@udistrital.edu.co', 1),
(1524, 'TARAZONA BERMUDEZ GIOVANNI MAURIC', 'gtarazona@udistrital.edu.co', 2),
(1525, 'TARTABULL AGRAMONTE JUAN FELIPE', 'jftartabulla@udistrital.edu.co', 2),
(1526, 'TASCON HOYOS DIANA CAROLINA', 'dctasconh@udistrital.edu.co', 2),
(1527, 'TEJADA JIMENEZ JUAN CARLOS', 'jctejadaj@udistrital.edu.co', 2),
(1528, 'TIQUE RICO FREDDY ALEXANDER', 'fatiquer@udistrital.edu.co', 2),
(1529, 'TOLE GALVIS GERARDO', 'gtole@udistrital.edu.co', 2),
(1530, 'TOLEDO BUENO CARLOS AUGUSTO', 'catoledob@udistrital.edu.co', 2),
(1531, 'TORRES CARLOS EDGAR', 'cetorresb@udistrital.edu.co', 2),
(1532, 'TORRES CARRASCO MARITZA', 'mtorresc@udistrital.edu.co', 1),
(1533, 'TORRES COLMENARES OSCAR FERNANDO', 'oftorresc@udistrital.edu.co', 2),
(1534, 'TORRES GUERRERO ANDRES OCTAVIO', 'aotorresg@udistrital.edu.co', 2),
(1535, 'TORRES LOPEZ JOSUE ROBERTO', 'jrtorresl@udistrital.edu.co', 2),
(1536, 'TORRES MARTINEZ DIEGO ALEJANDRO', 'datorresm@udistrital.edu.co', 2),
(1537, 'TORRES MARTINEZ JOHANNA ALEXANDRA', 'joatorresm@udistrital.edu.co', 1),
(1538, 'TORRES MEDINA JAIRO ABDEL', 'jatorresm@udistrital.edu.co', 2),
(1539, 'TORRES SANCHEZ SOFIA JULIETA DEL P', 'sjptorress@udistrital.edu.co', 1),
(1540, 'TORRES SERRANO NORMAN ARTURO', 'natorress@udistrital.edu.co', 2),
(1541, 'TORRIJOS CADENA GERMAN', 'gtorrijos@udistrital.edu.co', 2),
(1542, 'TOVAR CORZO GERMAN', 'gtovarc@udistrital.edu.co', 2),
(1543, 'TOVAR ROMERO EDWARD LEONARDO', 'eltovarr@udistrital.edu.co', 2),
(1544, 'TRIANA GOMEZ MAX ALEJANDRO', 'mtriana@udistrital.edu.co', 2),
(1545, 'TRISTANCHO ORTIZ JULIAN ALFONSO', 'jatristanchoo@udistrital.edu.co', 2),
(1546, 'TRUJILLO RODRIGUEZ CESAR LEONARDO', 'cltrujillo@udistrital.edu.co', 2),
(1547, 'TRUJILLO RODRIGUEZ DIANA MARCELA', 'dmtrujillor@udistrital.edu.co', 1),
(1548, 'TRUJILLO VELEZ EMIRO ALBERTO', 'eatrujillov@udistrital.edu.co', 2),
(1549, 'ULLOA REYES ANA MARIA', 'amulloar@udistrital.edu.co', 1),
(1550, 'UMAÑA VILLAMIZAR FLOR DE MARIA', 'fmumanav@udistrital.edu.co', 1),
(1551, 'UPEGUI CARDONA ERIKA SOFIA', 'esupeguic@udistrital.edu.co', 1),
(1552, 'URIBE EDISON', 'euribe@udistrital.edu.co', 2),
(1553, 'USSA GARZON JAIME EDDY', 'jeussag@udistrital.edu.co', 2),
(1554, 'USTARIZ USTARIZ JOSE EDUARDO', 'jeustarizu@udistrital.edu.co', 2),
(1555, 'VALBUENA GAVIRIA DAVID LEONARDO', 'dlvalbuenag@udistrital.edu.co', 2),
(1556, 'VALBUENA MERCEDES', 'mvalbuenal@udistrital.edu.co', 1),
(1557, 'VALBUENA RIVEROS JOSE OMAR', 'jovalbuenar@udistrital.edu.co', 2),
(1558, 'VALCARCEL MONTAÑEZ FREDDY', 'fvalcarcelm@udistrital.edu.co', 2),
(1559, 'VALDERRAMA GIL DILMA JULIA', 'dvalderrama@udistrital.edu.co', 1),
(1560, 'VALENCIA PASTRANA EDGAR MAURICIO', 'emvalenciap@udistrital.edu.co', 2),
(1561, 'VALENZUELA MELO LUIS EDUARDO', 'levalenzuelam@udistrital.edu.co', 2),
(1562, 'VALERO CARVAJAL OSCAR ANTONIO', 'oavaleroc@udistrital.edu.co', 2),
(1563, 'VALERO FANDIÑO JORGE ALBERTO', 'javalerof@udistrital.edu.co', 2),
(1564, 'VALERO MEDINA JOSE ANTONIO', 'jvalero@udistrital.edu.co', 2),
(1565, 'VALLEJO RUBEN DARIO', 'rdvallejom@udistrital.edu.co', 2),
(1566, 'VALLEJO VELASQUEZ RAFAEL', 'revallejov@udistrital.edu.co', 2),
(1567, 'VANEGAS CANRO ORLANDO', 'ovanegasc@udistrital.edu.co', 2),
(1568, 'VANEGAS FLOREZ GUILLERMO ALEXANDER', 'gavanegasf@udistrital.edu.co', 2),
(1569, 'VARGAS HEREDIA TITO ERNESTO', 'tevargash@udistrital.edu.co', 2),
(1570, 'VARGAS HERNANDEZ CESAR ASDRALDO', 'ceavargash@udistrital.edu.co', 2),
(1571, 'VARGAS LUIS ALBERTO', 'lalbertov@udistrital.edu.co', 2),
(1572, 'VARGAS NULEZ ANA CECILIA', 'acvargasn@udistrital.edu.co', 1),
(1573, 'VARGAS ROBALINO JOHN EDWIN', 'jevargasr@udistrital.edu.co', 2),
(1574, 'VARGAS TAMAYO LUIS FERNANDO', 'lufvargast@udistrital.edu.co', 1),
(1575, 'VARGAS TELLEZ LUISA FERNANDA', 'lfvargast@udistrital.edu.co', 1),
(1576, 'VASQUEZ OCAMPO JUAN CAMILO', 'jcvasquezo@udistrital.edu.co', 2),
(1577, 'VASQUEZ RODRIGUEZ MARTHA CAROLINA', 'mcvasquezr@udistrital.edu.co', 1),
(1578, 'VEGA MORENO ANGELICA MARIA', 'amvegam@udistrital.edu.co', 1),
(1579, 'VEGA OSORIO EDMUNDO', 'edvega@udistrital.edu.co', 2),
(1580, 'VEGA VEGA ANSELMO', 'avega@udistrital.edu.co', 2),
(1581, 'VELASCO GUERRERO JULIANA', 'jvelascog@udistrital.edu.co', 1),
(1582, 'VELASCO ROJAS MARIANA', 'mvelascor@udistrital.edu.co', 1),
(1583, 'VELASQUEZ LUISA FERNANDA', 'lfvelasquez@udistrital.edu.co', 1),
(1584, 'VELASQUEZ YARA JULIAN SEBASTIAN', 'jsvelasquezy@udistrital.edu.co', 2),
(1585, 'VELEZ OSPINA JORGE ANDRES', 'javelezo@udistrital.edu.co', 2),
(1586, 'VENEGAS RAMIREZ CESAR FERNANDO', 'cfvenegasr@udistrital.edu.co', 2),
(1587, 'VERGARA HINCAPIE JAIME', 'jvergarah@udistrital.edu.co', 2),
(1588, 'VILLA MARTINEZ EDIS ALEIDA', 'eavillam@udistrital.edu.co', 1),
(1589, 'VILLADA DIAZ JOSE', 'jvillada@udistrital.edu.co', 2),
(1590, 'VILLAMIL MEDINA CESAR AUGUSTO', 'cavillamilm@udistrital.edu.co', 2),
(1591, 'VILLAMIL MENDOZA LUIS EDUARDO', 'levillamilm@udistrital.edu.co', 2),
(1592, 'VILLAMIZAR HERNANDEZ ALEXANDER', 'avillamizarh@udistrital.edu.co', 2),
(1593, 'VILLANUEVA MARTINEZ ORLANDO', 'orvim@udistrital.edu.co', 2),
(1594, 'VILLANUEVA NUÑEZ CRISTIAN AUGUSTO', 'cavillanuevan@udistrital.edu.co', 2),
(1595, 'VILLAREAL LOPEZ LUIS', 'lvillarreall@udistrital.edu.co', 2),
(1596, 'VILLAREAL OTERO MARCO', 'mvillarrealo@udistrital.edu.co', 2),
(1597, 'VILLARRAGA FLOREZ LIZ FARLEIDY', 'lizv@udistrital.edu.co', 1),
(1598, 'VILLARREAL SOLAR JUAN GUILLERMO', 'jgvillarreals@udistrital.edu.co', 2),
(1599, 'VILLATE SIERRA JOHN JAIRO', 'jjvillates@udistrital.edu.co', 2),
(1600, 'VILLEGAS RODRIGUEZ ERNESTO', 'evillegasr@udistrital.edu.co', 2),
(1601, 'VINASCO TELLEZ MAURICIO', 'mvinascot@udistrital.edu.co', 2),
(1602, 'VITTERI SONIA', 'srviterir@udistrital.edu.co', 1),
(1603, 'WELLS LASCANO GERALDINE', 'gwellsl@udistrital.edu.co', 1),
(1604, 'ZAMORA CRUZ DIEGO ALFREDO', 'dazamorac@udistrital.edu.co', 2),
(1605, 'ZAMORA NAVARRO FRANCISCO JAVIER', 'fzamora@udistrital.edu.co', 2),
(1606, 'ZAMORA VELANDIA ALEXANDER', 'azamorav@udistrital.edu.co', 2),
(1607, 'ZUÑIGA VARGAS PIER PAOLO', 'ppzunigav@udistrital.edu.co', 2);

-- --------------------------------------------------------

--
-- Table structure for table `Programa`
--

CREATE TABLE `Programa` (
  `idPrograma` int(11) NOT NULL,
  `nombre` varchar(100) COLLATE utf8_unicode_ci NOT NULL,
  `facultad_idFacultad` int(11) NOT NULL
) ENGINE=InnoDB DEFAULT CHARSET=utf8 COLLATE=utf8_unicode_ci TABLESPACE `itiud_referencialos_ud`;

--
-- Dumping data for table `Programa`
--

INSERT INTO `Programa` (`idPrograma`, `nombre`, `facultad_idFacultad`) VALUES
(1, 'Arte Danzario', 1),
(2, 'Artes Escénicas', 1),
(3, 'Artes Musicales', 1),
(4, 'Artes Plásticas y Visuales', 1),
(5, 'Biología', 2),
(6, 'Física', 2),
(7, 'Matemáticas', 2),
(8, 'Química', 2),
(9, 'Archivística y Gestión de la Información Digital', 3),
(10, 'Comunicación Social y Periodismo', 3),
(11, 'Licenciatura en Biología', 3),
(12, 'Licenciatura en Ciencias Sociales', 3),
(13, 'Licenciatura en Educación Artística', 3),
(14, 'Licenciatura en Educación Infantil', 3),
(15, 'Licenciatura en Física', 3),
(16, 'Licenciatura en Humanidades y Lengua Castellana', 3),
(17, 'Licenciatura en Lenguas Extranjeras con Énfasis en Inglés', 3),
(18, 'Licenciatura en Matemáticas', 3),
(19, 'Licenciatura en Química', 3),
(20, 'Ingeniería Catastral y Geodesia', 4),
(21, 'Ingeniería de Sistemas', 4),
(22, 'Ingeniería Eléctrica', 4),
(23, 'Ingeniería Electrónica', 4),
(24, 'Ingeniería Industrial', 4),
(25, 'Administración Ambiental', 5),
(26, 'Administración Deportiva', 5),
(27, 'Ingeniería Ambiental', 5),
(28, 'Ingeniería Forestal', 5),
(29, 'Ingeniería Sanitaria', 5),
(30, 'Ingenieria Topografica', 5),
(31, 'Tecnología en Gestión Ambiental y Servicios Públicos', 5),
(32, 'Tecnología en Levantamientos Topográficos', 5),
(33, 'Tecnología en Saneamiento Ambiental', 5),
(34, 'Ingeniería Civil (por ciclos propedéuticos)', 6),
(35, 'Ingeniería de Producción (Por ciclos propedéuticos)', 6),
(36, 'Ingeniería Eléctrica (Por ciclos propedéuticos)', 6),
(37, 'Ingeniería en Control y Automatización (por ciclos propedéuticos)', 6),
(38, 'Ingeniería en Telecomunicaciones (por ciclos propedéuticos)', 6),
(39, 'Ingeniería en Telemática (por ciclos propedéuticos)', 6),
(40, 'Ingeniería Mecánica (por ciclos propedéuticos)', 6),
(41, 'Tecnología en Construcciones Civiles (Por ciclos propedéuticos)', 6),
(42, 'Tecnología en Electricidad de Media y Baja Tensión (por ciclos propedéuticos)', 6),
(44, 'Tecnología en Electrónica Industrial (Por ciclos propedéuticos)', 6),
(45, 'Tecnología en Gestión de la Producción Industrial (Por ciclos propedéuticos)', 6),
(46, 'Tecnología en Mecánica Industrial (Por ciclos propedéuticos)', 6),
(47, 'Tecnología en Sistematización de Datos (Por ciclos propedéuticos)', 6);

-- --------------------------------------------------------

--
-- Table structure for table `RangoDeNota`
--

CREATE TABLE `RangoDeNota` (
  `idRangoDeNota` int(11) NOT NULL,
  `valor` varchar(45) COLLATE utf8_unicode_ci DEFAULT NULL
) ENGINE=InnoDB DEFAULT CHARSET=utf8 COLLATE=utf8_unicode_ci TABLESPACE `itiud_referencialos_ud`;

--
-- Dumping data for table `RangoDeNota`
--

INSERT INTO `RangoDeNota` (`idRangoDeNota`, `valor`) VALUES
(1, '50'),
(2, 'Entre 40 y 49'),
(3, 'Entre 30 y 39'),
(4, 'Entre 20 y 29'),
(5, 'Menor a 20');

-- --------------------------------------------------------

--
-- Table structure for table `Referencia`
--

CREATE TABLE `Referencia` (
  `idReferencia` int(11) NOT NULL,
  `comentario` text COLLATE utf8_unicode_ci NOT NULL,
  `pros` text COLLATE utf8_unicode_ci,
  `contras` text COLLATE utf8_unicode_ci,
  `periodo` varchar(45) COLLATE utf8_unicode_ci NOT NULL,
  `fecha` date NOT NULL,
  `estado` tinyint(4) NOT NULL,
  `profesor_idProfesor` int(11) NOT NULL,
  `curso_idCurso` int(11) NOT NULL,
  `estudiante_idEstudiante` int(11) NOT NULL,
  `programa_idPrograma` int(11) NOT NULL,
  `rangoDeNota_idRangoDeNota` int(11) NOT NULL
) ENGINE=InnoDB DEFAULT CHARSET=utf8 COLLATE=utf8_unicode_ci TABLESPACE `itiud_referencialos_ud`;

--
-- Dumping data for table `Referencia`
--

INSERT INTO `Referencia` (`idReferencia`, `comentario`, `pros`, `contras`, `periodo`, `fecha`, `estado`, `profesor_idProfesor`, `curso_idCurso`, `estudiante_idEstudiante`, `programa_idPrograma`, `rangoDeNota_idRangoDeNota`) VALUES
(1, '<p>El profesor desde el primer dia de clase argumenta y da a entender que hay mejores profesores que el, y que perfectamente los estudiantes pueden buscar ayuda mediante aplicativos como lo son YouTube, algo que recalca en cada encuentro. Al mismo tiempo, sus clases son monotonas, puesto que da una explicacion mediante diapositivas, la cual normalmente dura entre 40-60 minutos y deja un ejerciocio para resolver en clase, que realmente es copiar y pegar lo que el tiene en las diapositivas y mirar si compila el programa, lo que normalmente no pasa, por ende concidero que con este profesor no se obtienen los conocimientos necesarios para tener una formacion adecuada dentro de la profesion.</p>', '<p>Si estas segundeando o tercereando la materia y cuentas con los conocimientos totales del curso, pasar la materia con este profesor es muy sencillo.</p><p>Es sencillo recuperar una nota perdida.</p>', '<p>Al no aprender dentro de la clase, se tiene que buscar la manera de hacerlo mediante videos o explicaciones de compañeros que ven esta materia con otros profesores.</p><p><br></p>', '2023-3', '2024-05-13', 1, 27, 645, 2, 47, 2),
(2, '<p>Tiene una metodologia muy bien estructurada y organizada, siempre busca que los estudiantes se apropien de los temas, analicen y desarrollen argumentos criticos. Los parciales son en hojas examen y se realiza un texto de tipo argumentativo de acuerdo al que se haya visto durante el corte. Realiza multiples actividades que exploren el pensamiento investigativo y critico de los estudiantes; actividades como debates en equipos.</p>', '<ul><li>No deja casi tareas, todo se realiza en clase las actividades son en grupo y minimo de a parejas. </li><li>Esta dispuesta a acuerdos.<br></li></ul>', '', '2023-3', '2024-05-11', 1, 33, 1506, 1, 47, 2),
(3, '<p>Tiene una metodologia organizada y completa, desarrolla muy bien los temas de la asignatura, se toma su tiempo para que sus estudiantes comprensan los temas, es una muy buena persona que reconoce el esfuerzo de sus estudiantes y los comprende.</p>', '<ul><li>Deja ejemplos de ejercicios que saldran en el parcial.</li><li>Siempre manda un parcial de repaso y son parciales que el aplicó anteriormente.</li><li>Los porcentajes de las notas estan dados para que si se pierde es porque no hizo nada en todo el corte.</li><li>Si hay dudas las reponde en el menor tiempo posible (dudas enviadas al correo).</li><li>Se aprende bastante en sus clases.</li><li>Siempre busca hacer sentir bien a sus estudiantes en las clases.</li><li>Da muchas oportunidades para sacar buenas notas</li></ul>', '', '2023-1', '2024-05-11', 1, 52, 32, 1, 47, 2),
(4, '<p>Tiene una metodologia organizada y completa, es flexible con sus estudiantes, demuestra gran dominio del tema y los conceptos los desarrolla muy bien, se abstraen con facilidad, pero los explica de corrido entonces puede ser un poco agotadora la clase.<br></p>', '<ul><li>Los parciales los hace en parejas o permite a sus estudiantes que escojan la metodologia del parcial.</li></ul>', '<ul><li>Usa muchas diapositivas y es dificil acceder a ese material<br></li></ul>', '2023-3', '2024-05-11', 1, 24, 16, 1, 47, 2),
(5, 'Tiene una metodologia incompleta, esta basado en diapositivas y la clase en su mayoria es teorica. No hace ejercicios de ejemplo en clase, solo deja talleres.', '<ul><li>Da puntos por asistir a tutorias.</li></ul>', '<ul><li>Los parciales no estan al nivel de lo que él le otorga a sus estudiantes durante las clases.</li><li>No hace retroalimentacion.</li></ul>', '2023-3', '2024-05-12', 1, 48, 698, 1, 47, 2),
(6, 'La metodologia de la clase es buena, los temas se desarrollan muy bien, se entienden y se aplican con facilidad, se lee muchisimo pero así mismo el profesor permite que cada estudiante escoja el texto que desee para desarrollar la clase, permite que el estudiante desarrolle de manera libre su pensamiento critico. Los parciales son un texto argumentativo de maximo dos hojas y se hacen en word.', '', '<ul><li>Se aprende lo basico</li></ul>', '2023-1', '2024-05-12', 1, 314, 1505, 1, 47, 2),
(7, 'Tiene una buena metodologia, desarrolla muy bien los temas, se entienden con facilidad. Asigna los suficientes ejercicios para comprender y aplicar los temas vistos en clase, pero no es claro con lo que realmente va a evaluar en los ejercicios, ademas le disgusta que se le hagan pregustas a cerca de dudas que se tengan&nbsp; de las asignaciones o durante la clase sobre el tema que se está viendo; cuando se molesta tiende a ser grosero con sus estudiantes. Los parciales son en hojas examen.', '<ul><li>Explica muy bien</li></ul>', '<ul><li>Enseña en lenguaje C++</li></ul>', '2023-3', '2024-05-12', 1, 103, 1524, 1, 47, 2),
(8, 'Tiene una metodologia bien estructurada, consistente al curso, y al ritmo de la clase. Explica muy bien los temas, se enfoca en que los estudiantes fortalezacan, su nivel de abstracción de los ejercicios que se desarrollan y de la apropiación de los conceptos vistos en clase. Los ejercicios son los adecuados para el nivel del curso, realmente se desarrolla lógica de programación.', '<ul><li>Se aprende muchisimo en cada clase.</li><li>Desarrollas videojuegos.</li></ul>', '<ul><li>Es importante para él que sus estudiantes tengan el nivel que él espera que hayan desarrollado en el curso anterior.</li></ul><p><br></p>', '2024-1', '2024-05-12', 1, 97, 1524, 1, 47, 3),
(9, '<p>La dinamica de la clase es muy atractiva, esta basada en la practica por ende es mucho mas facil dominar los temas de la clase. Los ejercicios generan un gran analisis por parte de los estudiantes. Los parciales son conplicados para quien no asistió a clase. EL profesor es exigente ya que busca que los estudiantes se apropien de los temas, pero no es cuchilla. El profesor genera un ambiente bastante a gusto en la clase, genera motivación por la clase.</p>', '<ul><li>Hace competencias donde usamos lenguaje SQL.</li><li>Hace muchos ejercicios en los que podemos participar todos, dando ideas.</li><li>Desarrollamos un proyecto entre todos, el cual es el caso de estudio para el semestre.</li></ul>', '', '2024-1', '2024-05-13', 1, 97, 151, 1, 47, 2),
(10, '<p>El profesor demuestra actitudes de liderazgo y enseñanza, puesto que en cada clase que se tiene con el, se evidencian las ganas que tiene de enseñar, lo cual genera gran motivacion en los estudiantes para que quieran aprender de la mejor manera, siempre hace actividades competitivas y brinda metodos de aprendizaje concretos y efectivos, nunca entra indispuesto a clase y siempre se muestra amblemente hacia los estudiantes a la hora de resolver dudas y comprende situaciones personales que le puedan ocurrir a los estudiantes.</p>', '<p>- Se acopla a los temas que son necesarios para comprender el curso de la mejor manera y sus actividades, quices y parciales van de acuerdo a lo que se vio durante el transcurso del semestre.</p><p>- Nunca se niega a explicar hasta 3 veces lo que aun no esta claro.</p><p>- Tiene dominio frente a la materia.</p><p>- Sus clases nunca son monotonas y siempre hay participacion constante.</p>', '', '2023-3', '2024-05-14', 1, 271, 190, 2, 47, 2),
(11, '<p>Es una excelente profesional, desde el primer dia de clases dictamina los criterios con los que seran evaluados cada uno de los trabajos en clase, en cada clase se esfuerza por que los estudiantes aprendan de la mejor manera incluyendo varios niveles de dificultad en los temas dictaminados. Su manera de evaluar es un poco estricta, pues hay que tener todo lo mas perfecto posible, lo que a largo plazo se puede convertir en una ventaja frente a los demas estudiantes que no cuentan con la misma exigencia en la entrega de trabajos.</p>', '<p>- Cumple cada una de sus clases y cuando por motivos externos no puede asistir anuncia con dias de anticipacion.</p><p>- Se detiene en los temas cuando los estudiantes tienen dudas y se toma el tiempo de dejar claro cada punto del curso.</p>', '<p>- Es dificil pasarle por la forma en la que evalua, pero se le aprende cada explicacion.</p>', '2024-1', '2024-05-14', 1, 215, 191, 2, 47, 3),
(12, 'En mi opinión es una docente bastante buena, explica muy bien cada tema de las clases y tiene un sistema de calificación donde pasar la materia es fácil siempre y cuando se cumpla con los criterios que ella da.', 'Considero que la docente tiene buena pedagogía, las clases son bastante dinámicas, se demuestra que tiene manejo en todos los temas abordados en las sesiones.', '<p>No considero que la docente tenga algún contra.</p>', '2023-3', '2024-05-15', 1, 33, 1506, 4, 47, 2),
(13, '<p>El profesor presenta buenos conceptos teóricos, sin embargo, es muy estricto y serio, no se va a molestar en aclarar dudas en el código. \"Si entendió bien y si no también\", así lo resumiría.&nbsp;</p>', '<p>El curso finaliza con todos los conceptos de POO muy claros</p>', '<p>Parciales en hojas</p><p>No aclara siempre las dudas</p><p>Seco y poco empático</p>', '2023-3', '2024-05-18', 1, 103, 1524, 5, 47, 3),
(14, '<p>Si no se le dedica mucho estudio, no se puede pasar con él. Aveces no logra resolver los problemas lo que denota poca preparación o quizás desconocimiento. Resuelve dudas y es imparcial en el trato a los estudiantes</p>', '', '<p>Talleres difíciles</p>', '2023-1', '2024-05-18', 1, 226, 32, 5, 47, 3),
(15, '<p>Es un profesor muy bueno, dicta muy bien y es muy justo con todos los estudiantes. Se necesita de buena dedicación pero se sale muy preparado.</p>', '<p>Talleres solubles&nbsp;</p><p>Deja sacar calculadora</p><p>Resuelve dudas muy bien y saca el tiempo de extra clase para ello</p>', '', '2023-1', '2024-05-18', 1, 228, 190, 5, 47, 2),
(16, '<p>Es sencillo y reflexivo. La clase es explicada a través de contextos sociales y trata de que sea tipo conversatorio</p>', '<p>Si asiste a las clases prácticamente pasa con 4 y si le mete un poco más se pasa con 5</p>', '<p>Aveces puede ser muy aburrido</p>', '2023-3', '2024-05-19', 1, 19, 219, 5, 47, 1),
(17, '<p>Es un profesor muy amable y querido, está en constante conmunicación con los estudiantes buscando que todos participen y tengan los conceptos claros, es posible negociar con él siempre y cuando se participe en clase.</p><p>Su metodología es clásica con diapositivas y explicaciones, pero hay poca práctica de los temas vistos. Esta siempre en dispocisión de escuchar y dialogar de manera amena con el estudiante.</p><p>Desde el primer corte se hacen grupos y el resto del semestre se trabajan los proyectos con el grupo definido.</p>', '<p>El profesor es muy amable y querido</p><p>Los exámenes del curso no son execevamente complejos</p><p>El profesor está presto a negociar</p><p>se puede sacar el curso con buena nota si se trabaja bien en proyectos</p><p>Trabajo en grupo constante</p><p>Temas tratados en leguaje sencillo</p><p><br></p>', '<p>Curso muy teórico poca práctica</p><p>Hay que saber con precisión y total claridad que es lo que desea para cada proyecto que plantee, por que es exigente en ese sentido.</p><p>Explicaciones suelen ser confusas, hay que estar preguntando constantemente.</p><p>Su metodología es clásica tendiendo a aburrir un poco</p><p>Las clases pueden tener un ritmo un poco lento</p>', '2020-3', '2024-05-22', 1, 150, 1703, 3, 39, 2),
(18, '<p>Me atrevería a decir que es uno de los mejores profesores de la carrera, es alguien que siempre ha demostrado que su interés completo está en compartir sus conocimientos con la mayor cantidad de personas con las que le sea posible, él no ve su puesto como un trabajo sino como una vocación y eso habla muy bien de él como docente. Además, es&nbsp;<span style=\"font-size: 1rem;\">una persona bastante amable y que siempre está motivando a todos sus estudiantes para que den lo mejor de sí mismo.</span></p>', '<p>Es un profesor que realmente es bastante conocedor de los temas que dicta en las clases, me gusta bastante que él dicta además de los temas de la misma materia, dicta otros relacionados a la siguiente materia a ver según el plan de estudios, esto realmente sirve para llegar con un mínimo conocimiento a esa siguiente materia.&nbsp;</p>', '<p>En su momento tuvimos unos inconvenientes por la cantidad de notas que sacaba y por el parcial del primer corte. En ese momento solo sacaba dos notas por corte que eran proyecto y parcial, entonces era complicado llevar bien la materia sino se iba bien en ambas cosas. El otro inconveniente fue con el primer parcial porque se aplicó un tema que apenas habiamos iniciado y no habíamos prácticado.&nbsp;</p>', '2023-3', '2024-05-23', 1, 97, 1524, 4, 47, 3),
(19, '<p>Las clases son mu estáticas y llenas de contenido social-histórico. Le gusta hablar sobre los temas pero es muy serio y estricto. Suele hacer exámenes y luego para él 30% saca la nota más alta de los dos exámenes.<br></p>', '<p>Poco trabajo y se pasa muy fácil si se va a clase.<br></p>', '', '2023-1', '2024-05-24', 1, 163, 220, 5, 47, 1),
(20, '<p>Es estricta con la clase y no le gusta el desorden. Se pasa fácil con dedicación y buena lectura de todo lo que ella pone a realizar.<br></p>', '', '<p>Demasiada gramática y estudio. Baja por errores de dichos tipos.<br></p>', '2023-1', '2024-05-24', 1, 86, 1505, 5, 47, 2),
(21, '<p>Buena profesora. Enseña bien y es muy amable.<br></p>', '<p>Buena enseñanza, amabilidad.<br></p>', '<p>Es dura con la calificación de programas<br></p>', '2023-1', '2024-05-24', 1, 261, 1006, 5, 47, 3),
(22, '<p>Domina el tema pero aveces se enreda mucho. Es buena gente y relajado con la materia. Saca dos parciales y un proyecto en Prolog para el 30%<br></p>', '<p>Es relajado, buena gente.<br></p>', '<p>No hay suficiente material para estudiar. Trabaja la clase con un libro \"suyo\" que es imposible de conseguir tanto en físico como en digital<br></p>', '2023-1', '2024-05-24', 1, 27, 1128, 5, 47, 2),
(23, '<p>Excelente profesor, te pone a reflexionar y a sentirte participe de la universidad. Los trabajos son muy interesantes, es amable y muy buen pedagogo<br></p>', 'Relajado, amable, cordial, domina el tema, es justo con las notas y tiene en cuenta la participación de los estudiantes<br>', '', '2023-1', '2024-05-24', 1, 46, 222, 5, 47, 1),
(24, 'Buen profesor, muy político y social. Enseña bien pero es muy exigente con todo. Los laboratorios son muy densos en el volumen y la exigencia con la que se califica<br>', '<p>Amable y buen pedagogo<br></p>', '<p>Laboratorios complejos<br>Examenes duros<br>Muchas diapositivas para abordar temas<br></p>', '2023-3', '2024-05-24', 1, 48, 700, 5, 47, 2),
(25, '<p>Excelente profesora, enseña muy bien y hace que las personas se involucren con la materia.<br></p>', '', '<p>Es exigente con los ensayos. Si la persona no tiene buenas habilidades de escritura se le va a dificultar mucho</p><p><br></p>', '2023-3', '2024-05-24', 1, 33, 1506, 5, 47, 2),
(26, 'Profesor neutral, abarca muchisimo tema y todo es con diapositivas, por lo que es muy aburrido pero toca poner atención porque los parciales son de todas esas diapositivas<br>', '', '<p>Muchisimas diapositivas para todos los temas<br></p>', '2023-3', '2024-05-24', 1, 24, 16, 5, 47, 2),
(27, '<p>Excelente profesor, es exigente pero se aprende demasiado. Muy buen pedagogo y se entienden mucho todos los temas<br></p>', '<p>Sales bien preparado para proximos cursos<br>Es muy amable y fanático del café<br></p>', '<p>Siempre las clases son a las 6AM, SIEMPRE... Todos los cursos siempre ha sido así<br></p>', '2023-3', '2024-05-24', 1, 313, 645, 5, 47, 2),
(28, '<p>Es exigente y de la vieja escuela (en serio, de la vieja escuela). La materia aburre mucho y toca poner mucho cuidado<br></p>', '', '<p>Metodología aburrida<br></p>', '2024-1', '2024-05-24', 1, 161, 306, 5, 47, 2),
(29, '<p>Profesora amable y exigente a la vez. Toca complementar mucho los conocimientos de manera autodidacta. Exigente en su manera de calificar<br></p>', '', '<p>Muchas diapositivas<br>El proyecto final y los informes quitan mucho tiempo<br>Nadie nunca ha sacado un 5.0 en un informe de ella<br></p>', '2024-1', '2024-05-24', 1, 317, 703, 5, 47, 2),
(30, '<p>Buen profesor, amable y exigente a la vez<br></p>', '<p>No toma asistencia, así que si el estudiante lo desea, no va a clase pero tiene que venir a presentar los parciales<br></p>', '<p>Habla las 2 horas de clase sin parar y eso es aburrido. <br></p>', '2024-1', '2024-05-24', 1, 75, 235, 5, 47, 2),
(31, '<p>Buen profesor, es claro con los temas y los explica muy bien. Se salen con buenas bases y es exigente pero con trabajos completamente solubles. La clase se aprovecha demasiado porque no permite el desorden o que la gente se disperse hablando. Es el mejor profesor para ver la materia si se quiere salir bien preparado pero con trabajo duro y dedicación al 100%<br></p>', '<p>Da empanadas a los estudiantes cuando realiza compentencias para probar las competencias que han desarrollado sus estudiantes</p><p>Dicta muy bien la clase y uno no se aburre para nada<br></p>', '<br>', '2024-1', '2024-05-24', 1, 97, 151, 5, 47, 2),
(32, '<p data-sider-select-id=\"31824f39-f61d-4469-b5a2-ae6a1e7d1af1\"><span id=\"docs-internal-guid-a01e0967-7fff-3ad9-a6b6-8fa269d734a6\"><span style=\"font-size: 12pt; font-family: Roboto, sans-serif; font-variant-numeric: normal; font-variant-east-asian: normal; font-variant-alternates: normal; font-variant-position: normal; vertical-align: baseline; white-space-collapse: preserve;\">Es muy buen profesor y cuenta con las ganas de querer dictar sus clases; dentro de cada una de ellas siempre se esfuerza porque los estudiantes puedan aprender y comprender cada aspecto del paradigma de la orientación a objetos, dando herramientas factibles e importantes para ser un buen profesional como el uso de JAVA y de GitKraken; al mismo tiempo, se sale un poco de los parámetros establecidos por la Universidad y dicta temas que van por fuera de lo que se exige en el pensum. Por último, ha mejorado su forma de dictar las clases, dando más participación a los estudiantes.</span></span><br></p>', '<p dir=\"ltr\" style=\"line-height:1.295;margin-top:0pt;margin-bottom:12pt;\"><span style=\"font-size:12pt;font-family:Roboto,sans-serif;color:#000000;background-color:transparent;font-weight:400;font-style:normal;font-variant:normal;text-decoration:none;vertical-align:baseline;white-space:pre;white-space:pre-wrap;\">- Va más allá de lo que en un curso tradicional de POO se ve.</span></p><p dir=\"ltr\" style=\"line-height:1.295;margin-top:0pt;margin-bottom:12pt;\"><span style=\"font-size:12pt;font-family:Roboto,sans-serif;color:#000000;background-color:transparent;font-weight:400;font-style:normal;font-variant:normal;text-decoration:none;vertical-align:baseline;white-space:pre;white-space:pre-wrap;\">- Es cumplido con cada una de sus clases, y en caso de no asistir, avisa con anticipación.</span></p><p dir=\"ltr\" style=\"line-height:1.295;margin-top:0pt;margin-bottom:12pt;\"><span style=\"font-size:12pt;font-family:Roboto,sans-serif;color:#000000;background-color:transparent;font-weight:400;font-style:normal;font-variant:normal;text-decoration:none;vertical-align:baseline;white-space:pre;white-space:pre-wrap;\">- Hace salidas académicas para los estudiantes.</span></p><p data-sider-select-id=\"eebfc11b-2c42-40b2-a668-b4e3b2d8b811\"><span id=\"docs-internal-guid-36f36f5c-7fff-88ca-b8bd-1581b9eb19cb\"></span></p><p dir=\"ltr\" style=\"line-height:1.295;margin-top:0pt;margin-bottom:12pt;\"><span style=\"font-size:12pt;font-family:Roboto,sans-serif;color:#000000;background-color:transparent;font-weight:400;font-style:normal;font-variant:normal;text-decoration:none;vertical-align:baseline;white-space:pre;white-space:pre-wrap;\">- Es un gran profesional.</span></p>', '<p data-sider-select-id=\"5ad9472e-75a7-415f-94ac-3698351c8f14\">- Se puede llegar a exasperar cuando hay algo que no sale bien.</p><p data-sider-select-id=\"5ad9472e-75a7-415f-94ac-3698351c8f14\"><br></p>', '2024-1', '2024-05-24', 1, 97, 1524, 2, 47, 3),
(33, '<p>Es una docente bastante amable, exige lo básico al momento de dictar las clases o de realizar las actividades, en lo que recuerdo para los exámenes que realiza son respecto a lecturas en su mayoría cortas que deja con al menos una semana de anticipación. Con ella es fácil aprender y pasar si realiza todas las actividades que pide.</p>', 'Es muy buena docente, considero que tiene muy buena pedagogía, pues demuestra tener dominio sobre los temas, sus clases son dinámicas lo que ayuda a un mejor aprendizaje, es bastante respetuosa con sus estudiantes y sus formas de evaluar son justas.', '', '2023-1', '2024-06-08', 1, 86, 276, 4, 47, 2),
(34, '<p>El profesor usa diapositivas viejas para explicar los temas, y estas tienen varios errores los cuales tienen que ser aclarados por él en la clase, cabe aclarar que estaba realizando la transición a diapositivas actualizadas y corregidas, es un profesor que tienen una metodología similar en la mayoría de sus materias y la sensación en la misma; \"él profesor sabe mucho, es muy bueno explicando pero así mismo le exige a sus estudiantes\", muy pasable con esfuerzo y muy recomendable</p>', '', '', '2024-1', '2024-06-09', 1, 254, 1448, 7, 44, 2),
(35, 'Es un profesor que vela por los estudiantes y usa metodologías totalmente distintas, pese a que te asegura una muy buena nota al empezar el curso, el aprendizaje es dificultoso, es muy amable y trata de ser amigo de los estudiantes, para poder aprender con él hay que quitarle el miedo o la pena de preguntar, sus explicaciones suelen ser extrañas ya que son visionadas de una forma muy distinta pero en general si te gusta el tema es un gran profesor para resolver dudas, su estado de salud muchas veces no le permite asistir a clase.', '', '', '2024-1', '2024-06-09', 1, 248, 1669, 7, 44, 1),
(36, '<p>El profesor es muy versátil pero muy relajado, su materia se basa en talleres y leer diapositivas lo que suele aburrir al curso, si se tienen las ganas se puede aprender bastante pero normalmente sus clases son tediosas incluso durando al rededor de una hora</p>', '', '', '2024-1', '2024-06-09', 1, 107, 16, 7, 44, 2),
(37, '<p>Harold Vacca es uno de los mejores profesores en temas de la matemática que la Facultad tiene actualmente, su método de enseñanza es complejo pero bastante divertido, sus método de calificación es muy versátil, aunque se dejen talleres larguísimos y difíciles, el tiempo para realizarlos es más que justo.</p>', '', '', '2024-1', '2024-06-09', 1, 308, 1166, 7, 44, 2),
(38, 'La profesora explica muy bien los temas, lo que facilita la comprensión por parte de los estudiantes. Sin embargo, no proporciona suficientes ejercicios prácticos que permitan a los alumnos adquirir un dominio completo de los conceptos. Además, la evaluación no se percibe como equitativa, considerando lo expuesto en clase. No ofrece retroalimentación sobre los trabajos asignados, lo que dificulta la mejora continua. Los parciales presentan un nivel de dificultad superior al contenido de las clases o a los problemas resueltos durante las sesiones.', '<ul><li>Explica bien</li></ul>', '<ul><li>Los parciales son complicados</li><li>No proporciona suficientes ejercicios de practica, para el nivel del parcial</li></ul>', '2024-1', '2024-06-13', 1, 317, 703, 1, 47, 3),
(39, '<p>Es sencillo, pasar con él, es cuestion de asistir a sus clases y de manera puntual. No deja trabajos y toma nota por asistencia.</p>', '<ul><li>No deja tareas</li><li>Puedes asistir en el bloque de clase que tu quieras o al que se te haga mas comodo.</li></ul>', '', '2023-3', '2024-06-13', 1, 19, 219, 1, 47, 2),
(40, '<p>No tiene una buena metodologia, hace uso de muchas diapositivas y no otorga ningun ejercicio para poder entender los temas que se ven en clase. Ademas sus parciales no son acordes a lo hecho en clase. Tienes que hacer mucho trabajo autonomo.</p>', '<ul><li>Da puntos en el parcial por asistir a monitorias, pero no aseguro nada, hizo eso en el periodo 2023-3</li><li>Es un profesor muy respetuoso y amable</li></ul>', '<ul><li>No hace ejercicios de practica</li><li>Usa muchas diapositivas</li></ul>', '2023-3', '2024-06-13', 1, 48, 700, 1, 47, 2),
(41, '<p>Una excelente profesora, su pedagogía hace que la materia sea amena y nutritiva, ciertamente al ver bases de datos I y bases de datos avanzadas sea un camino relativamente más fácil, no quita el hecho que ella lo guía y le ayuda en su formación académica.</p>', '', '', '2024-1', '2024-06-13', 1, 130, 153, 17, 47, 1),
(42, 'El profesor tiene una metodologia muy buena, explica muy bien los temas, se aprende mucho cada clase, nos hace repaso del curso anterios, en este caso introduccion a algoritmos.', '<ul><li>Es un profesor muy carismatico y amable</li><li>Explica super bien</li></ul>', '', '2023-3', '2024-06-13', 1, 313, 645, 1, 47, 2),
(43, 'Es un buen profesor, su metodologia está bien para la clase, es exigente, desarrolla los temas de la clase basados en las ideas de un pensador sonbre las ciencias de la naturaleza humana.', '<ul><li>Es un profesor muy amable&nbsp;</li><li>Otroga puntos por participación</li></ul>', '', '2024-1', '2024-06-13', 1, 75, 235, 1, 47, 2),
(44, 'La clase consiste en exposiciones, todos los temas fueron expuestos por los estudiantes ya que es un curso totalmente teorico, pero esta metodologia causa que los estudisntes no logren comprender correctamente los temas, a pesar de eso el profesor es bastante relajado con las notas, pero muy exigente con la calidad de la exposicion, igualmente al final de cada exposicion el profesor siempre hace una pequeña explicacion sobre el tema. Siempre hace acuerdos con los estudiantes para ajustar la metodologia y el metodo de evalucion al gusto de los estudiantes, es un profesor muy amable y repetuoso, tiene un total control sobre la clase y no permite las distracciones durante las exposiciones.', '<ul><li>Permite que los estudiantes ajusten la metodologia de la clase.</li><li>Es muy amable, respetuoso y busca que los estudiantes se sientan bien en las clases.</li></ul>', '', '2024-1', '2024-06-13', 1, 31, 776, 1, 47, 3),
(45, '<p>Es un profesor fácil de pasarle, se puede pasar con el mínimo esfuerzo pero no es recomendable tomar su curso si esperan salir con un buen dominio de la materia.</p>', '', '', '2024-1', '2024-06-14', 1, 13, 1514, 20, 47, 3),
(46, '<p>Bastante bueno, ameniza sus clases con sus chistes (no muy buenos) pero es una persona bastante colaboradora con las notas y plazos de entrega</p>', '<p>Explicaciones claras y concisas, tiempos de entrega flexibles, ayudas de apuntes en los parciales</p>', 'Por mi parte no tuve ninguno', '2024-1', '2024-06-14', 0, 77, 191, 13, 39, 3),
(47, 'Es un profesor que sí sabe explicar los temas, pero es demaciado estresante tomar su curso.', '', '<p>El profesor no aclara bien el criterio de evaluación de los talleres, por lo que la mayoria de los estudiantes no los entregan él esperaba y terminan sacando baja nota. Sin embargo el profesor insiste en que el taller estaba BIEN EXPLICADO.</p>', '2023-1', '2024-06-14', 1, 103, 1524, 20, 47, 4),
(48, 'Deja una exposición por grupos cada corte y cada grupo debe hacer una pregunta, esas preguntas se unen en un informe al finalizar cada corte, es muy fácil pasar, las clases son solo la exposición del grupo correspondiente y ya, por lo que tienen a durar menos de una hora', 'Es demasiado relajada', '<p>Las clases tienden a ser aburridas teniendo en cuenta que solo son exposiciones&nbsp;</p>', '2024-1', '2024-06-14', 1, 165, 657, 40, 45, 2),
(49, '<p>Demasiado trabajo autónomo&nbsp;</p>', 'Haciendo todos los talleres se puede pasar fácil&nbsp;', '<p>Es demasiado impuntual, a veces ni siquiera llega y no dice nada&nbsp;</p>', '2023-1', '2024-06-14', 1, 6, 191, 40, 46, 3),
(50, '<p>Es demasiado amable, se esfuerza para que todos entiendan y no tiene problema en repetir las veces que sean necesarias&nbsp;</p>', '<p>Buena metodología y actitud&nbsp;</p>', '<p>Los parciales son un poco fuertes pero estudiando se pueden pasar&nbsp;</p>', '2022-3', '2024-06-14', 1, 226, 190, 40, 47, 3),
(51, '<p>No la recomiendo, clases muy monotonas, pesima metodologia de diapositivas, facil pasar pero nada se aprende, a la clase de 8 a 10 llegaba a las 9 de la mañana poniendo mensajes en el grupo de WhatsApp como: Vayan entrando al salon (8am) ya casi voy llegando muchachos (8:30am) para luego llegar a las y 50.</p>', '<p>Facil de pasar???</p>', '<p>Monotonia, Impuntualidad</p>', '2024-1', '2024-06-14', 0, 276, 151, 13, 47, 2),
(52, '<p>El profesor es estricto en cuanto asistir en clases, pero es muy amable y charlable.</p>', '<p>Se aprende muy bien tiene métodos para enseñar muy buenos, si ve que no está entendiendo el grupo les vuelve a explicar hasta que se entiende, los parciales si se ha aprendido no son tan duros, y hace talleres super faciles que ayudan a la nota</p>', '<p>Se tiene que asistir a todas las clases, es muy difícil que no falte a clase, hay que prestarle mucha atención porque es fácil perderse</p>', '2023-3', '2024-06-15', 0, 52, 32, 50, 47, 3),
(53, '<p>El profesor es estricto en cuanto asistir en clases, pero es muy amable y charlable.</p>', '<p>Se aprende muy bien tiene métodos para enseñar muy buenos, si ve que no está entendiendo el grupo les vuelve a explicar hasta que se entiende, los parciales si se ha aprendido no son tan duros, y hace talleres super faciles que ayudan a la nota</p>', '<p>Se tiene que asistir a todas las clases, es muy difícil que no falte a clase, hay que prestarle mucha atención porque es fácil perderse</p>', '2023-3', '2024-06-15', 1, 52, 32, 50, 47, 3),
(54, 'Es un profesor que de vez en cuando se esfuerza para que uno aprenda', '<p>De los profesores que dicta geometría analítica es el más fácil de pasar</p>', '<p>No aprenderás mucho, te recomendaría otro profesor para la materia&nbsp;</p>', '2023-3', '2024-06-15', 1, 167, 808, 63, 34, 4),
(55, '<p>Un profesor un poco tímido al principio, por lo tanto no se le entiende mucho</p><p>Sin embargo, luego es de los profesores con los que más uno aprende</p>', '<p>Enseña muy bien, por lo tanto aprenderás mucho</p><p>Parciales relativamente fáciles si estudia</p><p>Ayuda mucho a que no pierdas</p>', 'Muy difícil la materia', '2024-1', '2024-06-15', 1, 52, 808, 63, 41, 3),
(56, 'El profesor al momento de dictar sus clases lo hace teniendo en cuenta un texto, durante sus clases se dedica en su gran mayoria en dictar, cuando inicia una explicacion se nota que sabe del tema, sin embargo es bastante tedioso porque mas del 90% de la clase el estudiante se la debe pasar escribiendo, practicamente hay que leer todo el cuaderno para entender la clase o afianzar algun tema, en cuanto a parciales, basicamente son preguntas con base en lo que dicta en todas las clases, pero en general no es muy comodo su metodo de enseñar las cosas, incluso para costos, cuando cambie de profesor me di cuenta de la gran diferencia con respecto a otros docentes&nbsp;', '', '', '2023-1', '2024-06-15', 1, 5, 304, 64, 45, 3),
(57, '<p>El profe algunas clases es raro, siempre sale con comentarios en que el mundo es una fantasía, pero ya en temas académico explica bien no es tan exigente&nbsp;</p>', '<p>Se aprende</p><p>Se puede pasar alta si uno va a todas las clases</p><p><br></p>', 'El trabajo final es un poco largo pero facil de hacer', '2023-3', '2024-06-15', 1, 4, 703, 68, 41, 2),
(58, '<p>Es buen profesor, tiene los temas claros y los explica de una manera en la que uno por lo general no se pierde, aunque hay ocasiones en las que hace clases virtuales en las cuales si hay ocasiones en las que uno se puede perder un poco, los parciales no son complicados y en general es buen docente. Todo es muy bueno hasta que llega a derivadas, en ese punto muchas veces se queda corto de tiempo y explica los temas de manera muy rápida, con lo cual puede que sea necesario reforzar esos temas para integral, de resto es un excelente profesor para ver la materia, además de que puede ser un salvavidas bastante grande para aquellos que estén tercereando.</p>', '', '', '2022-3', '2024-06-15', 1, 64, 190, 64, 45, 3),
(59, '<p>Es un bueno profesor, dicta los temas de buena manera y en general busca que todos le participen, cada dos o tres clases asigna una lectura y durante la misma elige una persona al azar para que diga algo de lo que entendio, los parciales en general son textos que uno debe hacer referente a las lecturas que va dejando. Lo fastidioso es que a veces a pesar de entregarle los trabajos le coloca a uno la nota de un 2.0 (nota que significa que no entrego nada o le quedo muy mal es escrito :v), por lo general es porque se le pierden los trabajos, con lo cual es importante que tengan las suficientes pruebas para demostrar que si entregaron, sino no cambia la nota, casi me la tiro por lo mismo, de resto es buen profesor&nbsp;</p>', '', '', '2022-3', '2024-06-15', 1, 164, 222, 64, 45, 3),
(60, '<p>Es un excelente profesor para aprender los temas de la materia, la verdad tiene un buen manejo de cada uno de ellos, en las clases por lo general dicta 4 temas, por lo cual se puede hacer rápido y difícil, pero si se le pide que explique algo que no se entiende el se devuelve y explica hasta que todos puedan entender, durante la clase va dejando ejercicios para afianzar los temas, los parciales son fáciles, los puntos son parecidos a los quiz y ejercicios que deja en clase y muchas veces si se tiene suerte puede dejarlos con cuaderno abierto, excepto el final, ese si toca saber bien los temas, excelente profesor para aprender algebra lineal.</p>', '', '', '2022-3', '2024-06-15', 1, 105, 32, 64, 45, 3),
(61, 'Tiene un buen dominio en los temas, es cansón con el marcado de la hoja DIN y con su doblado, por lo cual recomiendo siempre hacer los trabajos en DIN A4, a menos que el pida hacerlo obligatorio en otra hoja, las clases son de 6 a 10 am, son cansonas porque deja arto trabajo, en conjunto con el resto de las materias muchas veces va a tocar trasnochar, (ojalá no les toque un horario de 12 horas el sábado como a mí, es un infierno trasnochar así), por su parte pasarle es fácil si le meten la ficha a los trabajos que deja, si tienen la nota alta en la carpeta compensan la nota de los parciales, nunca le pase ninguno y aun así le pase la materia, gracias a carpeta y proyecto, eso sí intentar dejar el parcial por lo menos en un 2.5&nbsp;', '', '<p>Deja muchos trabajo :v&nbsp;</p>', '2022-3', '2024-06-15', 1, 39, 415, 64, 45, 3),
(62, '<p>La profesora más querida de la facultad :b, en general cualquier clase con Nazly se basa en lo mismo, cumplir con las actividades que deja y no responderle, con más de 4 clases sin ir, se pierde la materia, hace grupos de a 2 maximo 3, deja unos temas con base en una lectura para hacer como parcial de ultimo corte, el parcial de segundo corte es aprenderse un texto y esperar que no les tire tan duro al momento del parcial, y el primero es un escrito con respecto a un documental del medio ambiente, todas las clases se trata de debates en general, cada clase va dando ciertas directrices, hay que escuchar atentamente lo que dice, porque si no entiende algo y le pregunta, hay dos opciones, que le responda bonito o con dos piedras en la mano :v, para la actividad final llevar como refrigerio tinto con pan, es lo más barato y lo que más le trama. Pero si se cumple con todo en general queda alta la nota.&nbsp;</p>', '', '', '2023-3', '2024-06-15', 1, 311, 1783, 64, 45, 2),
(63, '<p>Buen profesor, dicta los temas de manera que, si o si el estudiante entiende, los parciales son fáciles, ayuda y explica bastante. Aunque también veo necesario profundizar y practicar algunos temas, si no, se queda con un conocimiento muy básico de integral.</p>', '', '', '2023-1', '2024-06-15', 1, 188, 191, 64, 45, 3),
(64, 'Una decepción de docente es cansón con las mujeres, en las clases por lo general \"dicta\" los temas, pero se la pasa en su gran mayoria hablando de la vida de el en vez de la clase, llega tarde a todas las clases y no avisa si no va a ir, pero le molesta que uno se le vaya del salón porque no ha llegado porque para él es una \"falta de respeto\", se saca la mayoria de notas del cul0, ademas de ello hace firmar una lista toda mal hecha de confidencialidad en la que los estudiantes aceptan que el saque las notas como el quiera, es decir no saca notas en toda la materia, un desastre total, porque administración tiene muy buenas temáticas que no son abordadas por el \"profesor\", además de que sus notas sacadas del cul0 no siempre son altas, por ejemplo a mí me quedo en 31 y es muy raro ver un 40 en esa clase', '', '', '2023-1', '2024-06-15', 1, 255, 16, 64, 45, 3),
(65, '<p>Es una docente con quién es muy fácil pasar la materia pero no se aprende nada, ella solo califica la asistencia y las actividades que deja (que son pocas), los parciales los deja una semana antes y son sobre el proyecto que se tiene que entregar al final del curso.</p>', '', '<p>Es una docente que considero que no tiene pedagogía, pues no sabe responder a preguntas que los estudiantes le realizan en las clases, no explica para nada bien los temas del curso, sus métodos de enseñanza se basan en responder preguntas de un libro y copiar las actividades que hay en el, además de llegar casi una hora tarde a la gran mayoría de las clases y sin justificación alguna o sin un aviso previo. Yo tuve un inconveniente con ella al momento de sustentar un parcial, pues en una clase que estaba resolviendo dudas le mostré una forma en que había realizado una relación y me dijo que estaba bien, entregué así el parcial y días después al momento de sustentarlo me dijo que estaba mal, le recordé lo que ella me había dicho días atrás a lo cual ella respondió cosas como&nbsp;<span style=\"font-size: 1rem;\">\"Yo no dije eso\",&nbsp;</span><span style=\"font-size: 1rem;\">\"Me entendió mal\"&nbsp; y \"No me hagan caso a lo que haga en el tablero\", este ultimo no en las palabras exactas pero sí haciendo referencia a que lo que ella dice en las clases está mal... ¿Cómo se puede aprender de una docente que contradice lo que se supone que enseña?. Tengamos en cuenta que la asignatura \"Bases de datos\" es la primera de este tema y con la que se debe salir con las bases necesarias para profundizarlo con los cursos que le siguen.</span></p>', '2024-1', '2024-06-17', 1, 276, 151, 4, 47, 2),
(66, 'En mi opinion es buen profesor, aveces es impuntual y por muchi hace 1h de clase, pero en esa hora explica demasiado pero de una forma que se hace facil de entender, si el grupo lo lleva en la buena, se ve parchado y la clase es amena.', '<p>- Sale con buenas bases para Integral</p><p>- Se pasa facil si hace los talleres&nbsp;</p><p>- Resuelve cualquier duda respecto a los talleres que deja, en clase resuelve cualquier ejercicio en donde haya dudas, asi que ahi se aprovecha bastante.</p><p>- Las clases no son monotonas y se llegan a disfrutar</p>', '<p>-Llega normalmente 30m tarde, y hace solo una 1h de clase, cuando es bloque de 4 horas llega 1h tarde y solo hace 2 de esas horas</p><p>- Mucho trabajo autonomo, los talleres son largos, asi q hay que dedicarle su tiempo</p>', '2022-1', '2024-06-17', 1, 6, 190, 59, 46, 3),
(67, '<p>Es una gran profesora, te anima a reflexionar</p>', '', '', '2023-1', '2024-06-17', 1, 20, 73, 7, 36, 2),
(68, '<p>Muy buena pero igualmente muy exigente</p>', '', '', '2021-1', '2024-06-17', 1, 45, 190, 7, 44, 2),
(69, '<p>Materia sencilla y la profesora es muy amable con los estudiante</p>', '', '', '2021-1', '2024-06-17', 1, 171, 222, 7, 44, 1),
(70, 'La primera mitad del curso se basa en hacer lo mismo que hace en programación Avanzada, la otra parte es copiar codigo de proyectos de Youtube, los parciales son de selección multiple en Moodle y tienen las mismas preguntas en los 3 cortes.', '<ul><li>Ayuda a subir el promedio</li></ul>', '<ul><li>No se aprende casi nada</li><li>Suele llegar tarde</li><li>Baja exigencia</li></ul>', '2023-3', '2024-06-17', 1, 13, 1525, 79, 47, 2),
(71, '<p>Exige mucho pero es un profesor bastante bueno, es muy amable y buen profesor, trabajando bastante se puede dejar la materia alta</p>', '', '', '2021-1', '2024-06-17', 1, 254, 32, 7, 44, 3),
(72, '<p>Es un gran profesor, se pueden aprender muchas cosas con él</p>', '', '', '2021-1', '2024-06-17', 1, 163, 220, 7, 44, 2),
(73, '<p>Las clases son muy llevaderas y es bastante sencillo de pasar, el profesor es muy amable</p>', '', '', '2021-1', '2024-06-17', 1, 147, 1505, 7, 44, 2),
(74, '<p>Buena clase para poder reflexionar, se aprende mucho, el profesor es muy dado a debatir y es una clase muy amena</p>', '', '', '2021-1', '2024-06-17', 1, 115, 235, 7, 44, 2),
(75, '<p>Es un profesor muy bueno al dar introducción a la programación</p>', '', '', '2021-1', '2024-06-17', 1, 157, 950, 7, 44, 2),
(76, '<p>Es un proceso algo fuera de lo común pero se aprende muy bien, es exigente</p>', '', '', '2021-1', '2024-06-17', 1, 282, 1016, 7, 44, 3),
(77, 'Buen profesor, es una materia llevadera y sencilla dada la amabilidad del profesor', '', '', '2021-3', '2024-06-17', 1, 324, 191, 7, 44, 2),
(78, '<p>Es una gran clase para crecer, buenas actividades para aprender y la profesora es muy comprensiva</p>', '', '', '2021-3', '2024-06-17', 1, 30, 1506, 7, 44, 3),
(79, '<p>Muy buen profesor, una clase sencilla donde se puede aprender mucho</p>', '', '', '2021-3', '2024-06-17', 1, 115, 657, 7, 44, 2),
(80, '<p>Es una profesora muy querida por lo amable y comprensiva que es, suele ser exigente</p>', '', '', '2021-3', '2024-06-17', 1, 269, 1598, 7, 44, 2),
(81, '<p>El profesor es conocido por ser bueno y muy relajado, es una materia sencilla donde se podrá aprender bastante</p>', '', '', '2021-3', '2024-06-17', 1, 157, 1097, 7, 44, 2),
(82, '<p>Es una profesora a la que hay que trabajarle mucho, es exigente pero también es muy buena gente</p>', '', '', '2021-3', '2024-06-17', 1, 307, 245, 7, 44, 2),
(83, '<p>Es un gran profesor, se enfoca mucho en que los estudiantes</p>', '', '', '2021-3', '2024-06-17', 1, 330, 703, 7, 44, 2),
(84, '<p>Es una gran profesora que prioriza el aprendizaje de los estudiantes, permitiendo así una clase muy amena y sencilla de pasar</p>', '', '', '2022-1', '2024-06-17', 1, 212, 192, 7, 41, 2),
(85, '<p>Es un profesor que invita al debate, muy bueno y además muy sencillo de pasar</p>', '', '', '2022-1', '2024-06-17', 1, 19, 219, 7, 44, 2),
(86, '<p>Se aprende mucho, es un profesor muy amable y muy bueno</p>', '', '', '2022-1', '2024-06-17', 1, 114, 1635, 7, 44, 2),
(87, '<p>La metodología del profesor es muy frustrante, no te vas a sacar una buena nota en casi ninguno de los laboratorios que el profesor proponga, no importa lo perfecto que esté, tu nota variara entre un 20 y un 30, y además no te va a dar explicación alguna de la nota.&nbsp;</p><p>El profesor llega tarde, o simplemente no llega a la clase, esto pasa el 80% de las veces sin siquiera avisar, y suele ser muy exigente con sus trabajos aunque sus explicaciones sean muy mediocres, suele ser algo humillativo y se salta temas sin explicación alguna.</p>', '', '', '2022-1', '2024-06-17', 1, 72, 246, 7, 44, 3),
(88, '<p>Es un profesor muy bueno y muy amigable, enseña muy bien y exige bastante</p>', '', '', '2022-1', '2024-06-17', 1, 144, 567, 7, 44, 3),
(89, '<p>Es muy difícil entender sus explicaciones , sus clases son muy agobiantes y exigentes</p>', '', '', '2022-1', '2024-06-17', 1, 277, 243, 7, 44, 3),
(90, '<p>Es un profesor muy ameno, se aprende bastante y es muy pasable</p>', '', '', '2022-3', '2024-06-17', 1, 140, 517, 7, 44, 2),
(91, '<p>Es un profesor al cual hay que trabajarle bastante, aunque se te dificulte, si le trabaja el profe te ad las oportunidades y se puede aprender mucho</p>', '', '', '2022-3', '2024-06-17', 1, 145, 244, 7, 44, 1),
(92, '<p>Es un muy buen profesor, enseña muy bien pero es muy estricto</p>', '', '', '2022-3', '2024-06-17', 1, 99, 568, 7, 44, 2),
(93, '<p>Algunas clases teóricas son bastante lentas y aburridas, pero la practica con esta profesora siempre son muy interesantes</p>', '', '', '2022-3', '2024-06-17', 1, 262, 1290, 7, 44, 2),
(94, '<p>La profesora es exigente, pero es buena profesora, los exámenes y laboratorios son difíciles, pero es muy pasable</p>', '', '', '2022-3', '2024-06-17', 1, 307, 1153, 7, 44, 2),
(95, '<p>Es uno de los mejores profesores para programación en electrónica, hay que trabajarle</p>', '', '', '2023-1', '2024-06-17', 1, 192, 470, 7, 44, 1),
(96, '<p>Se puede aprender mucho con este profesor si se le hace preguntas y es sencillo pasar</p>', '', '', '2023-1', '2024-06-17', 1, 96, 570, 7, 44, 2),
(97, '<p>Es una materia sencilla de pasar si se le trabaja bien, la profesora es muy amable y comprensiva</p>', '', '', '2023-1', '2024-06-17', 1, 162, 1741, 7, 44, 2),
(98, '<div><span style=\"white-space: pre; white-space: normal;\"><font color=\"#495057\">	</font></span></div><div><font color=\"#495057\">La metodología del profesor es muy frustrante, no te vas a sacar una buena nota en casi ninguno de los laboratorios que el profesor proponga, no importa lo perfecto que esté, tu nota variara entre un 20 y un 30, y además no te va a dar explicación alguna de la nota, se centra en el proyecto final el cual es sumamente agotador.&nbsp;</font></div>', '', '', '2023-1', '2024-06-17', 1, 72, 25, 7, 44, 2),
(99, '<p>Sus clases son muy buenas, es un muy buen profesor y es muy exigente en sus laboratorios</p>', '', '', '2023-1', '2024-06-17', 1, 99, 563, 7, 44, 2),
(100, '<p>Es un profesor bastante exigente pero muy pasable, se aprende mucho</p>', '', '', '2023-3', '2024-06-17', 1, 225, 1585, 7, 44, 2),
(101, '<p>Es un profesor que usa un método distinto de aprendizaje, y a veces sus clases son muy complicadas, pero es muy pasable</p>', '', '', '2023-3', '2024-06-17', 1, 248, 1694, 7, 44, 1),
(102, '<p>Es un profesor exigente en los informes, le gusta que los laboratorios salgan perfectos pero es muy pasable, sus parciales no son tan difíciles</p>', '', '', '2023-3', '2024-06-17', 1, 89, 1693, 7, 44, 2),
(103, '<p>Es una materia muy de practica y es muy interesante, la profesora explica muy bien los temas y se ponen en practica al instante</p>', '', '', '2023-3', '2024-06-17', 1, 262, 2, 7, 44, 2),
(104, 'Es un profesor muy exigente y de palabras fuertes, se aprende', '', '', '2021-3', '2024-06-17', 1, 331, 700, 7, 44, 3);

-- --------------------------------------------------------

--
-- Table structure for table `ReferenciaCriterio`
--

CREATE TABLE `ReferenciaCriterio` (
  `idReferenciaCriterio` int(11) NOT NULL,
  `valor` int(11) NOT NULL,
  `referencia_idReferencia` int(11) NOT NULL,
  `criterio_idCriterio` int(11) NOT NULL
) ENGINE=InnoDB DEFAULT CHARSET=utf8 COLLATE=utf8_unicode_ci TABLESPACE `itiud_referencialos_ud`;

--
-- Dumping data for table `ReferenciaCriterio`
--

INSERT INTO `ReferenciaCriterio` (`idReferenciaCriterio`, `valor`, `referencia_idReferencia`, `criterio_idCriterio`) VALUES
(1, 3, 1, 1),
(2, 2, 1, 2),
(3, 4, 1, 3),
(4, 4, 1, 4),
(5, 3, 1, 5),
(6, 5, 1, 6),
(7, 4, 1, 7),
(8, 3, 1, 8),
(9, 4, 1, 9),
(10, 3, 1, 10),
(11, 5, 2, 1),
(12, 5, 2, 2),
(13, 5, 2, 3),
(14, 5, 2, 4),
(15, 5, 2, 5),
(16, 5, 2, 6),
(17, 5, 2, 7),
(18, 2, 2, 8),
(19, 5, 2, 9),
(20, 5, 2, 10),
(21, 5, 3, 1),
(22, 5, 3, 2),
(23, 5, 3, 3),
(24, 5, 3, 4),
(25, 5, 3, 5),
(26, 5, 3, 6),
(27, 5, 3, 7),
(28, 5, 3, 8),
(29, 5, 3, 9),
(30, 5, 3, 10),
(31, 5, 4, 1),
(32, 3, 4, 2),
(33, 5, 4, 3),
(34, 5, 4, 4),
(35, 5, 4, 5),
(36, 5, 4, 6),
(37, 5, 4, 7),
(38, 5, 4, 8),
(39, 5, 4, 9),
(40, 5, 4, 10),
(41, 5, 5, 1),
(42, 2, 5, 2),
(43, 2, 5, 3),
(44, 2, 5, 4),
(45, 1, 5, 5),
(46, 5, 5, 6),
(47, 5, 5, 7),
(48, 5, 5, 8),
(49, 5, 5, 9),
(50, 3, 5, 10),
(51, 5, 6, 1),
(52, 5, 6, 2),
(53, 3, 6, 3),
(54, 5, 6, 4),
(55, 4, 6, 5),
(56, 2, 6, 6),
(57, 5, 6, 7),
(58, 5, 6, 8),
(59, 3, 6, 9),
(60, 3, 6, 10),
(61, 5, 7, 1),
(62, 4, 7, 2),
(63, 5, 7, 3),
(64, 3, 7, 4),
(65, 2, 7, 5),
(66, 1, 7, 6),
(67, 5, 7, 7),
(68, 5, 7, 8),
(69, 3, 7, 9),
(70, 2, 7, 10),
(71, 5, 8, 1),
(72, 5, 8, 2),
(73, 5, 8, 3),
(74, 5, 8, 4),
(75, 5, 8, 5),
(76, 5, 8, 6),
(77, 5, 8, 7),
(78, 5, 8, 8),
(79, 5, 8, 9),
(80, 5, 8, 10),
(81, 5, 9, 1),
(82, 5, 9, 2),
(83, 5, 9, 3),
(84, 5, 9, 4),
(85, 5, 9, 5),
(86, 5, 9, 6),
(87, 5, 9, 7),
(88, 5, 9, 8),
(89, 5, 9, 9),
(90, 5, 9, 10),
(91, 5, 10, 1),
(92, 5, 10, 2),
(93, 5, 10, 3),
(94, 5, 10, 4),
(95, 5, 10, 5),
(96, 5, 10, 6),
(97, 5, 10, 7),
(98, 5, 10, 8),
(99, 5, 10, 9),
(100, 5, 10, 10),
(101, 5, 11, 1),
(102, 5, 11, 2),
(103, 5, 11, 3),
(104, 4, 11, 4),
(105, 5, 11, 5),
(106, 5, 11, 6),
(107, 5, 11, 7),
(108, 5, 11, 8),
(109, 5, 11, 9),
(110, 5, 11, 10),
(111, 5, 12, 1),
(112, 5, 12, 2),
(113, 5, 12, 3),
(114, 5, 12, 4),
(115, 5, 12, 5),
(116, 5, 12, 6),
(117, 5, 12, 7),
(118, 5, 12, 8),
(119, 5, 12, 9),
(120, 5, 12, 10),
(121, 4, 13, 1),
(122, 3, 13, 2),
(123, 4, 13, 3),
(124, 3, 13, 4),
(125, 5, 13, 5),
(126, 2, 13, 6),
(127, 5, 13, 7),
(128, 4, 13, 8),
(129, 5, 13, 9),
(130, 3, 13, 10),
(131, 5, 14, 1),
(132, 4, 14, 2),
(133, 5, 14, 3),
(134, 3, 14, 4),
(135, 5, 14, 5),
(136, 4, 14, 6),
(137, 5, 14, 7),
(138, 5, 14, 8),
(139, 5, 14, 9),
(140, 4, 14, 10),
(141, 5, 15, 1),
(142, 5, 15, 2),
(143, 4, 15, 3),
(144, 5, 15, 4),
(145, 4, 15, 5),
(146, 5, 15, 6),
(147, 5, 15, 7),
(148, 4, 15, 8),
(149, 5, 15, 9),
(150, 5, 15, 10),
(151, 5, 16, 1),
(152, 5, 16, 2),
(153, 5, 16, 3),
(154, 5, 16, 4),
(155, 3, 16, 5),
(156, 5, 16, 6),
(157, 5, 16, 7),
(158, 5, 16, 8),
(159, 5, 16, 9),
(160, 5, 16, 10),
(161, 4, 17, 1),
(162, 3, 17, 2),
(163, 4, 17, 3),
(164, 5, 17, 4),
(165, 4, 17, 5),
(166, 5, 17, 6),
(167, 5, 17, 7),
(168, 5, 17, 8),
(169, 5, 17, 9),
(170, 4, 17, 10),
(171, 5, 18, 1),
(172, 4, 18, 2),
(173, 5, 18, 3),
(174, 4, 18, 4),
(175, 5, 18, 5),
(176, 5, 18, 6),
(177, 5, 18, 7),
(178, 5, 18, 8),
(179, 5, 18, 9),
(180, 5, 18, 10),
(181, 5, 19, 1),
(182, 4, 19, 2),
(183, 4, 19, 3),
(184, 5, 19, 4),
(185, 5, 19, 5),
(186, 3, 19, 6),
(187, 4, 19, 7),
(188, 5, 19, 8),
(189, 5, 19, 9),
(190, 3, 19, 10),
(191, 5, 20, 1),
(192, 3, 20, 2),
(193, 5, 20, 3),
(194, 4, 20, 4),
(195, 5, 20, 5),
(196, 4, 20, 6),
(197, 5, 20, 7),
(198, 5, 20, 8),
(199, 4, 20, 9),
(200, 4, 20, 10),
(201, 5, 21, 1),
(202, 5, 21, 2),
(203, 5, 21, 3),
(204, 4, 21, 4),
(205, 5, 21, 5),
(206, 5, 21, 6),
(207, 5, 21, 7),
(208, 4, 21, 8),
(209, 3, 21, 9),
(210, 4, 21, 10),
(211, 5, 22, 1),
(212, 4, 22, 2),
(213, 4, 22, 3),
(214, 4, 22, 4),
(215, 3, 22, 5),
(216, 5, 22, 6),
(217, 4, 22, 7),
(218, 4, 22, 8),
(219, 5, 22, 9),
(220, 5, 22, 10),
(221, 5, 23, 1),
(222, 5, 23, 2),
(223, 5, 23, 3),
(224, 5, 23, 4),
(225, 3, 23, 5),
(226, 5, 23, 6),
(227, 5, 23, 7),
(228, 5, 23, 8),
(229, 5, 23, 9),
(230, 5, 23, 10),
(231, 4, 24, 1),
(232, 3, 24, 2),
(233, 4, 24, 3),
(234, 4, 24, 4),
(235, 5, 24, 5),
(236, 5, 24, 6),
(237, 5, 24, 7),
(238, 4, 24, 8),
(239, 5, 24, 9),
(240, 5, 24, 10),
(241, 5, 25, 1),
(242, 5, 25, 2),
(243, 5, 25, 3),
(244, 5, 25, 4),
(245, 5, 25, 5),
(246, 5, 25, 6),
(247, 5, 25, 7),
(248, 5, 25, 8),
(249, 5, 25, 9),
(250, 5, 25, 10),
(251, 5, 26, 1),
(252, 3, 26, 2),
(253, 5, 26, 3),
(254, 4, 26, 4),
(255, 5, 26, 5),
(256, 4, 26, 6),
(257, 5, 26, 7),
(258, 5, 26, 8),
(259, 5, 26, 9),
(260, 4, 26, 10),
(261, 5, 27, 1),
(262, 5, 27, 2),
(263, 5, 27, 3),
(264, 5, 27, 4),
(265, 5, 27, 5),
(266, 5, 27, 6),
(267, 5, 27, 7),
(268, 5, 27, 8),
(269, 5, 27, 9),
(270, 5, 27, 10),
(271, 5, 28, 1),
(272, 2, 28, 2),
(273, 5, 28, 3),
(274, 4, 28, 4),
(275, 5, 28, 5),
(276, 3, 28, 6),
(277, 5, 28, 7),
(278, 5, 28, 8),
(279, 3, 28, 9),
(280, 4, 28, 10),
(281, 5, 29, 1),
(282, 3, 29, 2),
(283, 5, 29, 3),
(284, 2, 29, 4),
(285, 5, 29, 5),
(286, 4, 29, 6),
(287, 3, 29, 7),
(288, 5, 29, 8),
(289, 5, 29, 9),
(290, 4, 29, 10),
(291, 5, 30, 1),
(292, 3, 30, 2),
(293, 5, 30, 3),
(294, 4, 30, 4),
(295, 5, 30, 5),
(296, 5, 30, 6),
(297, 4, 30, 7),
(298, 4, 30, 8),
(299, 3, 30, 9),
(300, 5, 30, 10),
(301, 5, 31, 1),
(302, 5, 31, 2),
(303, 5, 31, 3),
(304, 5, 31, 4),
(305, 5, 31, 5),
(306, 4, 31, 6),
(307, 5, 31, 7),
(308, 5, 31, 8),
(309, 5, 31, 9),
(310, 5, 31, 10),
(311, 5, 32, 1),
(312, 4, 32, 2),
(313, 5, 32, 3),
(314, 5, 32, 4),
(315, 5, 32, 5),
(316, 5, 32, 6),
(317, 5, 32, 7),
(318, 5, 32, 8),
(319, 5, 32, 9),
(320, 5, 32, 10),
(321, 5, 33, 1),
(322, 5, 33, 2),
(323, 5, 33, 3),
(324, 5, 33, 4),
(325, 5, 33, 5),
(326, 5, 33, 6),
(327, 5, 33, 7),
(328, 5, 33, 8),
(329, 5, 33, 9),
(330, 5, 33, 10),
(331, 5, 34, 1),
(332, 4, 34, 2),
(333, 5, 34, 3),
(334, 4, 34, 4),
(335, 5, 34, 5),
(336, 5, 34, 6),
(337, 5, 34, 7),
(338, 5, 34, 8),
(339, 5, 34, 9),
(340, 5, 34, 10),
(341, 5, 35, 1),
(342, 3, 35, 2),
(343, 3, 35, 3),
(344, 5, 35, 4),
(345, 3, 35, 5),
(346, 5, 35, 6),
(347, 3, 35, 7),
(348, 5, 35, 8),
(349, 5, 35, 9),
(350, 5, 35, 10),
(351, 4, 36, 1),
(352, 2, 36, 2),
(353, 2, 36, 3),
(354, 5, 36, 4),
(355, 5, 36, 5),
(356, 5, 36, 6),
(357, 5, 36, 7),
(358, 5, 36, 8),
(359, 5, 36, 9),
(360, 2, 36, 10),
(361, 5, 37, 1),
(362, 5, 37, 2),
(363, 5, 37, 3),
(364, 5, 37, 4),
(365, 5, 37, 5),
(366, 5, 37, 6),
(367, 5, 37, 7),
(368, 2, 37, 8),
(369, 3, 37, 9),
(370, 5, 37, 10),
(371, 5, 38, 1),
(372, 1, 38, 2),
(373, 4, 38, 3),
(374, 1, 38, 4),
(375, 1, 38, 5),
(376, 2, 38, 6),
(377, 5, 38, 7),
(378, 5, 38, 8),
(379, 5, 38, 9),
(380, 3, 38, 10),
(381, 5, 39, 1),
(382, 5, 39, 2),
(383, 5, 39, 3),
(384, 5, 39, 4),
(385, 5, 39, 5),
(386, 5, 39, 6),
(387, 5, 39, 7),
(388, 5, 39, 8),
(389, 5, 39, 9),
(390, 5, 39, 10),
(391, 5, 40, 1),
(392, 2, 40, 2),
(393, 2, 40, 3),
(394, 1, 40, 4),
(395, 1, 40, 5),
(396, 5, 40, 6),
(397, 5, 40, 7),
(398, 5, 40, 8),
(399, 5, 40, 9),
(400, 5, 40, 10),
(401, 5, 41, 1),
(402, 5, 41, 2),
(403, 4, 41, 3),
(404, 5, 41, 4),
(405, 4, 41, 5),
(406, 5, 41, 6),
(407, 5, 41, 7),
(408, 5, 41, 8),
(409, 5, 41, 9),
(410, 5, 41, 10),
(411, 5, 42, 1),
(412, 5, 42, 2),
(413, 3, 42, 3),
(414, 5, 42, 4),
(415, 5, 42, 5),
(416, 5, 42, 6),
(417, 5, 42, 7),
(418, 5, 42, 8),
(419, 5, 42, 9),
(420, 5, 42, 10),
(421, 5, 43, 1),
(422, 5, 43, 2),
(423, 5, 43, 3),
(424, 5, 43, 4),
(425, 5, 43, 5),
(426, 5, 43, 6),
(427, 5, 43, 7),
(428, 2, 43, 8),
(429, 5, 43, 9),
(430, 5, 43, 10),
(431, 5, 44, 1),
(432, 4, 44, 2),
(433, 5, 44, 3),
(434, 5, 44, 4),
(435, 5, 44, 5),
(436, 5, 44, 6),
(437, 5, 44, 7),
(438, 5, 44, 8),
(439, 5, 44, 9),
(440, 5, 44, 10),
(441, 4, 45, 1),
(442, 2, 45, 2),
(443, 2, 45, 3),
(444, 2, 45, 4),
(445, 2, 45, 5),
(446, 4, 45, 6),
(447, 4, 45, 7),
(448, 1, 45, 8),
(449, 4, 45, 9),
(450, 2, 45, 10),
(451, 1, 46, 1),
(452, 1, 46, 2),
(453, 1, 46, 3),
(454, 1, 46, 4),
(455, 3, 46, 5),
(456, 1, 46, 6),
(457, 1, 46, 7),
(458, 1, 46, 8),
(459, 1, 46, 9),
(460, 1, 46, 10),
(461, 5, 47, 1),
(462, 3, 47, 2),
(463, 4, 47, 3),
(464, 1, 47, 4),
(465, 4, 47, 5),
(466, 1, 47, 6),
(467, 5, 47, 7),
(468, 5, 47, 8),
(469, 1, 47, 9),
(470, 2, 47, 10),
(471, 4, 48, 1),
(472, 4, 48, 2),
(473, 4, 48, 3),
(474, 5, 48, 4),
(475, 2, 48, 5),
(476, 5, 48, 6),
(477, 4, 48, 7),
(478, 3, 48, 8),
(479, 5, 48, 9),
(480, 4, 48, 10),
(481, 5, 49, 1),
(482, 4, 49, 2),
(483, 4, 49, 3),
(484, 5, 49, 4),
(485, 4, 49, 5),
(486, 4, 49, 6),
(487, 2, 49, 7),
(488, 2, 49, 8),
(489, 5, 49, 9),
(490, 3, 49, 10),
(491, 5, 50, 1),
(492, 5, 50, 2),
(493, 4, 50, 3),
(494, 4, 50, 4),
(495, 4, 50, 5),
(496, 5, 50, 6),
(497, 5, 50, 7),
(498, 5, 50, 8),
(499, 5, 50, 9),
(500, 5, 50, 10),
(501, 2, 51, 1),
(502, 5, 51, 2),
(503, 2, 51, 3),
(504, 1, 51, 4),
(505, 4, 51, 5),
(506, 4, 51, 6),
(507, 5, 51, 7),
(508, 5, 51, 8),
(509, 3, 51, 9),
(510, 4, 51, 10),
(511, 5, 52, 1),
(512, 5, 52, 2),
(513, 5, 52, 3),
(514, 5, 52, 4),
(515, 5, 52, 5),
(516, 5, 52, 6),
(517, 5, 52, 7),
(518, 5, 52, 8),
(519, 5, 52, 9),
(520, 5, 52, 10),
(521, 5, 53, 1),
(522, 5, 53, 2),
(523, 5, 53, 3),
(524, 5, 53, 4),
(525, 5, 53, 5),
(526, 5, 53, 6),
(527, 5, 53, 7),
(528, 5, 53, 8),
(529, 5, 53, 9),
(530, 5, 53, 10),
(531, 4, 54, 1),
(532, 2, 54, 2),
(533, 4, 54, 3),
(534, 2, 54, 4),
(535, 3, 54, 5),
(536, 3, 54, 6),
(537, 4, 54, 7),
(538, 2, 54, 8),
(539, 2, 54, 9),
(540, 2, 54, 10),
(541, 5, 55, 1),
(542, 4, 55, 2),
(543, 5, 55, 3),
(544, 5, 55, 4),
(545, 5, 55, 5),
(546, 4, 55, 6),
(547, 3, 55, 7),
(548, 2, 55, 8),
(549, 3, 55, 9),
(550, 5, 55, 10),
(551, 4, 56, 1),
(552, 2, 56, 2),
(553, 4, 56, 3),
(554, 3, 56, 4),
(555, 3, 56, 5),
(556, 4, 56, 6),
(557, 5, 56, 7),
(558, 4, 56, 8),
(559, 3, 56, 9),
(560, 2, 56, 10),
(561, 4, 57, 1),
(562, 4, 57, 2),
(563, 3, 57, 3),
(564, 3, 57, 4),
(565, 4, 57, 5),
(566, 2, 57, 6),
(567, 3, 57, 7),
(568, 5, 57, 8),
(569, 4, 57, 9),
(570, 3, 57, 10),
(571, 5, 58, 1),
(572, 4, 58, 2),
(573, 3, 58, 3),
(574, 5, 58, 4),
(575, 4, 58, 5),
(576, 5, 58, 6),
(577, 4, 58, 7),
(578, 5, 58, 8),
(579, 5, 58, 9),
(580, 5, 58, 10),
(581, 5, 59, 1),
(582, 5, 59, 2),
(583, 4, 59, 3),
(584, 3, 59, 4),
(585, 5, 59, 5),
(586, 5, 59, 6),
(587, 5, 59, 7),
(588, 5, 59, 8),
(589, 5, 59, 9),
(590, 5, 59, 10),
(591, 5, 60, 1),
(592, 5, 60, 2),
(593, 5, 60, 3),
(594, 5, 60, 4),
(595, 5, 60, 5),
(596, 5, 60, 6),
(597, 5, 60, 7),
(598, 5, 60, 8),
(599, 5, 60, 9),
(600, 5, 60, 10),
(601, 5, 61, 1),
(602, 4, 61, 2),
(603, 5, 61, 3),
(604, 5, 61, 4),
(605, 4, 61, 5),
(606, 4, 61, 6),
(607, 3, 61, 7),
(608, 4, 61, 8),
(609, 5, 61, 9),
(610, 4, 61, 10),
(611, 5, 62, 1),
(612, 3, 62, 2),
(613, 5, 62, 3),
(614, 3, 62, 4),
(615, 4, 62, 5),
(616, 3, 62, 6),
(617, 5, 62, 7),
(618, 5, 62, 8),
(619, 5, 62, 9),
(620, 4, 62, 10),
(621, 5, 63, 1),
(622, 5, 63, 2),
(623, 5, 63, 3),
(624, 5, 63, 4),
(625, 5, 63, 5),
(626, 5, 63, 6),
(627, 5, 63, 7),
(628, 5, 63, 8),
(629, 5, 63, 9),
(630, 5, 63, 10),
(631, 3, 64, 1),
(632, 1, 64, 2),
(633, 1, 64, 3),
(634, 1, 64, 4),
(635, 1, 64, 5),
(636, 2, 64, 6),
(637, 1, 64, 7),
(638, 1, 64, 8),
(639, 1, 64, 9),
(640, 1, 64, 10),
(641, 2, 65, 1),
(642, 2, 65, 2),
(643, 2, 65, 3),
(644, 2, 65, 4),
(645, 2, 65, 5),
(646, 4, 65, 6),
(647, 1, 65, 7),
(648, 1, 65, 8),
(649, 3, 65, 9),
(650, 1, 65, 10),
(651, 5, 66, 1),
(652, 5, 66, 2),
(653, 4, 66, 3),
(654, 5, 66, 4),
(655, 5, 66, 5),
(656, 5, 66, 6),
(657, 3, 66, 7),
(658, 3, 66, 8),
(659, 5, 66, 9),
(660, 5, 66, 10),
(661, 5, 67, 1),
(662, 5, 67, 2),
(663, 5, 67, 3),
(664, 5, 67, 4),
(665, 4, 67, 5),
(666, 5, 67, 6),
(667, 5, 67, 7),
(668, 5, 67, 8),
(669, 5, 67, 9),
(670, 5, 67, 10),
(671, 5, 68, 1),
(672, 5, 68, 2),
(673, 4, 68, 3),
(674, 4, 68, 4),
(675, 5, 68, 5),
(676, 5, 68, 6),
(677, 5, 68, 7),
(678, 5, 68, 8),
(679, 5, 68, 9),
(680, 5, 68, 10),
(681, 5, 69, 1),
(682, 5, 69, 2),
(683, 5, 69, 3),
(684, 4, 69, 4),
(685, 4, 69, 5),
(686, 5, 69, 6),
(687, 5, 69, 7),
(688, 5, 69, 8),
(689, 5, 69, 9),
(690, 5, 69, 10),
(691, 4, 70, 1),
(692, 2, 70, 2),
(693, 2, 70, 3),
(694, 3, 70, 4),
(695, 1, 70, 5),
(696, 4, 70, 6),
(697, 3, 70, 7),
(698, 2, 70, 8),
(699, 4, 70, 9),
(700, 4, 70, 10),
(701, 5, 71, 1),
(702, 4, 71, 2),
(703, 4, 71, 3),
(704, 4, 71, 4),
(705, 5, 71, 5),
(706, 5, 71, 6),
(707, 5, 71, 7),
(708, 5, 71, 8),
(709, 5, 71, 9),
(710, 5, 71, 10),
(711, 5, 72, 1),
(712, 3, 72, 2),
(713, 4, 72, 3),
(714, 5, 72, 4),
(715, 5, 72, 5),
(716, 5, 72, 6),
(717, 5, 72, 7),
(718, 5, 72, 8),
(719, 5, 72, 9),
(720, 5, 72, 10),
(721, 5, 73, 1),
(722, 5, 73, 2),
(723, 4, 73, 3),
(724, 5, 73, 4),
(725, 4, 73, 5),
(726, 5, 73, 6),
(727, 5, 73, 7),
(728, 5, 73, 8),
(729, 5, 73, 9),
(730, 5, 73, 10),
(731, 5, 74, 1),
(732, 5, 74, 2),
(733, 5, 74, 3),
(734, 5, 74, 4),
(735, 4, 74, 5),
(736, 5, 74, 6),
(737, 5, 74, 7),
(738, 5, 74, 8),
(739, 5, 74, 9),
(740, 5, 74, 10),
(741, 4, 75, 1),
(742, 4, 75, 2),
(743, 5, 75, 3),
(744, 5, 75, 4),
(745, 5, 75, 5),
(746, 5, 75, 6),
(747, 5, 75, 7),
(748, 5, 75, 8),
(749, 5, 75, 9),
(750, 5, 75, 10),
(751, 4, 76, 1),
(752, 3, 76, 2),
(753, 3, 76, 3),
(754, 4, 76, 4),
(755, 4, 76, 5),
(756, 4, 76, 6),
(757, 5, 76, 7),
(758, 5, 76, 8),
(759, 3, 76, 9),
(760, 5, 76, 10),
(761, 3, 77, 1),
(762, 4, 77, 2),
(763, 5, 77, 3),
(764, 5, 77, 4),
(765, 5, 77, 5),
(766, 5, 77, 6),
(767, 5, 77, 7),
(768, 5, 77, 8),
(769, 5, 77, 9),
(770, 5, 77, 10),
(771, 5, 78, 1),
(772, 3, 78, 2),
(773, 5, 78, 3),
(774, 5, 78, 4),
(775, 3, 78, 5),
(776, 5, 78, 6),
(777, 5, 78, 7),
(778, 5, 78, 8),
(779, 5, 78, 9),
(780, 5, 78, 10),
(781, 5, 79, 1),
(782, 4, 79, 2),
(783, 5, 79, 3),
(784, 5, 79, 4),
(785, 5, 79, 5),
(786, 5, 79, 6),
(787, 5, 79, 7),
(788, 5, 79, 8),
(789, 5, 79, 9),
(790, 5, 79, 10),
(791, 5, 80, 1),
(792, 4, 80, 2),
(793, 5, 80, 3),
(794, 3, 80, 4),
(795, 5, 80, 5),
(796, 5, 80, 6),
(797, 5, 80, 7),
(798, 5, 80, 8),
(799, 5, 80, 9),
(800, 5, 80, 10),
(801, 4, 81, 1),
(802, 5, 81, 2),
(803, 4, 81, 3),
(804, 5, 81, 4),
(805, 5, 81, 5),
(806, 5, 81, 6),
(807, 5, 81, 7),
(808, 5, 81, 8),
(809, 5, 81, 9),
(810, 5, 81, 10),
(811, 4, 82, 1),
(812, 5, 82, 2),
(813, 4, 82, 3),
(814, 5, 82, 4),
(815, 5, 82, 5),
(816, 5, 82, 6),
(817, 5, 82, 7),
(818, 5, 82, 8),
(819, 5, 82, 9),
(820, 5, 82, 10),
(821, 5, 83, 1),
(822, 5, 83, 2),
(823, 4, 83, 3),
(824, 5, 83, 4),
(825, 5, 83, 5),
(826, 5, 83, 6),
(827, 5, 83, 7),
(828, 5, 83, 8),
(829, 5, 83, 9),
(830, 5, 83, 10),
(831, 5, 84, 1),
(832, 4, 84, 2),
(833, 5, 84, 3),
(834, 5, 84, 4),
(835, 5, 84, 5),
(836, 5, 84, 6),
(837, 5, 84, 7),
(838, 5, 84, 8),
(839, 5, 84, 9),
(840, 5, 84, 10),
(841, 5, 85, 1),
(842, 3, 85, 2),
(843, 5, 85, 3),
(844, 5, 85, 4),
(845, 5, 85, 5),
(846, 5, 85, 6),
(847, 5, 85, 7),
(848, 5, 85, 8),
(849, 5, 85, 9),
(850, 5, 85, 10),
(851, 5, 86, 1),
(852, 4, 86, 2),
(853, 4, 86, 3),
(854, 5, 86, 4),
(855, 5, 86, 5),
(856, 5, 86, 6),
(857, 5, 86, 7),
(858, 5, 86, 8),
(859, 5, 86, 9),
(860, 5, 86, 10),
(861, 5, 87, 1),
(862, 1, 87, 2),
(863, 1, 87, 3),
(864, 3, 87, 4),
(865, 2, 87, 5),
(866, 3, 87, 6),
(867, 1, 87, 7),
(868, 3, 87, 8),
(869, 5, 87, 9),
(870, 3, 87, 10),
(871, 5, 88, 1),
(872, 5, 88, 2),
(873, 4, 88, 3),
(874, 5, 88, 4),
(875, 4, 88, 5),
(876, 5, 88, 6),
(877, 5, 88, 7),
(878, 5, 88, 8),
(879, 5, 88, 9),
(880, 5, 88, 10),
(881, 5, 89, 1),
(882, 3, 89, 2),
(883, 4, 89, 3),
(884, 3, 89, 4),
(885, 4, 89, 5),
(886, 5, 89, 6),
(887, 5, 89, 7),
(888, 5, 89, 8),
(889, 5, 89, 9),
(890, 5, 89, 10),
(891, 5, 90, 1),
(892, 5, 90, 2),
(893, 4, 90, 3),
(894, 5, 90, 4),
(895, 5, 90, 5),
(896, 5, 90, 6),
(897, 5, 90, 7),
(898, 5, 90, 8),
(899, 5, 90, 9),
(900, 4, 90, 10),
(901, 4, 91, 1),
(902, 5, 91, 2),
(903, 4, 91, 3),
(904, 5, 91, 4),
(905, 5, 91, 5),
(906, 5, 91, 6),
(907, 5, 91, 7),
(908, 5, 91, 8),
(909, 5, 91, 9),
(910, 5, 91, 10),
(911, 5, 92, 1),
(912, 5, 92, 2),
(913, 5, 92, 3),
(914, 5, 92, 4),
(915, 5, 92, 5),
(916, 5, 92, 6),
(917, 5, 92, 7),
(918, 5, 92, 8),
(919, 5, 92, 9),
(920, 5, 92, 10),
(921, 5, 93, 1),
(922, 3, 93, 2),
(923, 4, 93, 3),
(924, 5, 93, 4),
(925, 5, 93, 5),
(926, 5, 93, 6),
(927, 5, 93, 7),
(928, 5, 93, 8),
(929, 5, 93, 9),
(930, 5, 93, 10),
(931, 5, 94, 1),
(932, 4, 94, 2),
(933, 4, 94, 3),
(934, 4, 94, 4),
(935, 5, 94, 5),
(936, 5, 94, 6),
(937, 5, 94, 7),
(938, 4, 94, 8),
(939, 5, 94, 9),
(940, 5, 94, 10),
(941, 5, 95, 1),
(942, 5, 95, 2),
(943, 5, 95, 3),
(944, 5, 95, 4),
(945, 5, 95, 5),
(946, 5, 95, 6),
(947, 5, 95, 7),
(948, 5, 95, 8),
(949, 5, 95, 9),
(950, 5, 95, 10),
(951, 5, 96, 1),
(952, 3, 96, 2),
(953, 4, 96, 3),
(954, 5, 96, 4),
(955, 5, 96, 5),
(956, 5, 96, 6),
(957, 5, 96, 7),
(958, 5, 96, 8),
(959, 5, 96, 9),
(960, 5, 96, 10),
(961, 5, 97, 1),
(962, 4, 97, 2),
(963, 5, 97, 3),
(964, 5, 97, 4),
(965, 5, 97, 5),
(966, 5, 97, 6),
(967, 5, 97, 7),
(968, 5, 97, 8),
(969, 5, 97, 9),
(970, 5, 97, 10),
(971, 4, 98, 1),
(972, 1, 98, 2),
(973, 2, 98, 3),
(974, 1, 98, 4),
(975, 2, 98, 5),
(976, 4, 98, 6),
(977, 1, 98, 7),
(978, 1, 98, 8),
(979, 5, 98, 9),
(980, 5, 98, 10),
(981, 5, 99, 1),
(982, 5, 99, 2),
(983, 5, 99, 3),
(984, 5, 99, 4),
(985, 5, 99, 5),
(986, 5, 99, 6),
(987, 5, 99, 7),
(988, 5, 99, 8),
(989, 5, 99, 9),
(990, 5, 99, 10),
(991, 5, 100, 1),
(992, 5, 100, 2),
(993, 5, 100, 3),
(994, 4, 100, 4),
(995, 4, 100, 5),
(996, 5, 100, 6),
(997, 5, 100, 7),
(998, 4, 100, 8),
(999, 5, 100, 9),
(1000, 5, 100, 10),
(1001, 5, 101, 1),
(1002, 3, 101, 2),
(1003, 3, 101, 3),
(1004, 3, 101, 4),
(1005, 5, 101, 5),
(1006, 5, 101, 6),
(1007, 5, 101, 7),
(1008, 5, 101, 8),
(1009, 5, 101, 9),
(1010, 5, 101, 10),
(1011, 5, 102, 1),
(1012, 4, 102, 2),
(1013, 5, 102, 3),
(1014, 5, 102, 4),
(1015, 5, 102, 5),
(1016, 5, 102, 6),
(1017, 4, 102, 7),
(1018, 4, 102, 8),
(1019, 5, 102, 9),
(1020, 3, 102, 10),
(1021, 5, 103, 1),
(1022, 5, 103, 2),
(1023, 4, 103, 3),
(1024, 5, 103, 4),
(1025, 5, 103, 5),
(1026, 5, 103, 6),
(1027, 4, 103, 7),
(1028, 5, 103, 8),
(1029, 5, 103, 9),
(1030, 4, 103, 10),
(1031, 5, 104, 1),
(1032, 2, 104, 2),
(1033, 4, 104, 3),
(1034, 4, 104, 4),
(1035, 2, 104, 5),
(1036, 3, 104, 6),
(1037, 5, 104, 7),
(1038, 5, 104, 8),
(1039, 5, 104, 9),
(1040, 5, 104, 10);

-- --------------------------------------------------------

--
-- Table structure for table `TipoDeDenuncia`
--

CREATE TABLE `TipoDeDenuncia` (
  `idTipoDeDenuncia` int(11) NOT NULL,
  `nombre` varchar(45) COLLATE utf8_unicode_ci NOT NULL
) ENGINE=InnoDB DEFAULT CHARSET=utf8 COLLATE=utf8_unicode_ci TABLESPACE `itiud_referencialos_ud`;

--
-- Dumping data for table `TipoDeDenuncia`
--

INSERT INTO `TipoDeDenuncia` (`idTipoDeDenuncia`, `nombre`) VALUES
(1, 'Información de referencia inconsistente'),
(2, 'Referencia falsa'),
(3, 'Injuria o calumnia'),
(4, 'Lenguaje inapropiado'),
(5, 'Lenguaje ofensivo');

-- --------------------------------------------------------

--
-- Table structure for table `Votacion`
--

CREATE TABLE `Votacion` (
  `idVotacion` int(11) NOT NULL,
  `voto` int(11) NOT NULL,
  `fecha` date NOT NULL,
  `referencia_idReferencia` int(11) NOT NULL,
  `estudiante_idEstudiante` int(11) NOT NULL
) ENGINE=InnoDB DEFAULT CHARSET=utf8 COLLATE=utf8_unicode_ci TABLESPACE `itiud_referencialos_ud`;

--
-- Dumping data for table `Votacion`
--

INSERT INTO `Votacion` (`idVotacion`, `voto`, `fecha`, `referencia_idReferencia`, `estudiante_idEstudiante`) VALUES
(8, 1, '2024-06-01', 9, 1),
(12, 1, '2024-06-06', 31, 6),
(13, 1, '2024-06-06', 9, 6),
(14, 1, '2024-06-09', 32, 6),
(15, 1, '2024-06-09', 18, 6),
(16, 1, '2024-06-09', 8, 6),
(17, -1, '2024-06-13', 29, 1),
(18, 1, '2024-06-13', 13, 9),
(19, 1, '2024-06-13', 7, 9),
(20, 1, '2024-06-13', 10, 9),
(21, 1, '2024-06-14', 13, 24),
(22, 1, '2024-06-14', 32, 24),
(23, 1, '2024-06-14', 18, 24),
(24, 1, '2024-06-14', 38, 30),
(26, 1, '2024-06-17', 65, 6),
(27, 1, '2024-06-17', 45, 79),
(28, 1, '2024-06-17', 65, 79),
(29, 1, '2024-06-17', 13, 79);

--
-- Indexes for dumped tables
--

--
-- Indexes for table `Administrador`
--
ALTER TABLE `Administrador`
  ADD PRIMARY KEY (`idAdministrador`);

--
-- Indexes for table `CategoriaDeCriterio`
--
ALTER TABLE `CategoriaDeCriterio`
  ADD PRIMARY KEY (`idCategoriaDeCriterio`);

--
-- Indexes for table `Criterio`
--
ALTER TABLE `Criterio`
  ADD PRIMARY KEY (`idCriterio`),
  ADD KEY `categoriaDeCriterio_idCategoriaDeCriterio` (`categoriaDeCriterio_idCategoriaDeCriterio`);

--
-- Indexes for table `Curso`
--
ALTER TABLE `Curso`
  ADD PRIMARY KEY (`idCurso`);

--
-- Indexes for table `Denuncia`
--
ALTER TABLE `Denuncia`
  ADD PRIMARY KEY (`idDenuncia`),
  ADD KEY `referencia_idReferencia` (`referencia_idReferencia`),
  ADD KEY `estudiante_idEstudiante` (`estudiante_idEstudiante`),
  ADD KEY `tipoDeDenuncia_idTipoDeDenuncia` (`tipoDeDenuncia_idTipoDeDenuncia`);

--
-- Indexes for table `Estudiante`
--
ALTER TABLE `Estudiante`
  ADD PRIMARY KEY (`idEstudiante`),
  ADD KEY `genero_idGenero` (`genero_idGenero`);

--
-- Indexes for table `Facultad`
--
ALTER TABLE `Facultad`
  ADD PRIMARY KEY (`idFacultad`);

--
-- Indexes for table `Genero`
--
ALTER TABLE `Genero`
  ADD PRIMARY KEY (`idGenero`);

--
-- Indexes for table `LogAdministrador`
--
ALTER TABLE `LogAdministrador`
  ADD PRIMARY KEY (`idLogAdministrador`),
  ADD KEY `administrador_idAdministrador` (`administrador_idAdministrador`);

--
-- Indexes for table `LogEstudiante`
--
ALTER TABLE `LogEstudiante`
  ADD PRIMARY KEY (`idLogEstudiante`),
  ADD KEY `estudiante_idEstudiante` (`estudiante_idEstudiante`);

--
-- Indexes for table `Profesor`
--
ALTER TABLE `Profesor`
  ADD PRIMARY KEY (`idProfesor`),
  ADD KEY `genero_idGenero` (`genero_idGenero`);

--
-- Indexes for table `Programa`
--
ALTER TABLE `Programa`
  ADD PRIMARY KEY (`idPrograma`),
  ADD KEY `facultad_idFacultad` (`facultad_idFacultad`);

--
-- Indexes for table `RangoDeNota`
--
ALTER TABLE `RangoDeNota`
  ADD PRIMARY KEY (`idRangoDeNota`);

--
-- Indexes for table `Referencia`
--
ALTER TABLE `Referencia`
  ADD PRIMARY KEY (`idReferencia`),
  ADD KEY `profesor_idProfesor` (`profesor_idProfesor`),
  ADD KEY `curso_idCurso` (`curso_idCurso`),
  ADD KEY `estudiante_idEstudiante` (`estudiante_idEstudiante`),
  ADD KEY `programa_idPrograma` (`programa_idPrograma`),
  ADD KEY `rangoDeNota_idRangoDeNota` (`rangoDeNota_idRangoDeNota`);

--
-- Indexes for table `ReferenciaCriterio`
--
ALTER TABLE `ReferenciaCriterio`
  ADD PRIMARY KEY (`idReferenciaCriterio`),
  ADD KEY `referencia_idReferencia` (`referencia_idReferencia`),
  ADD KEY `criterio_idCriterio` (`criterio_idCriterio`);

--
-- Indexes for table `TipoDeDenuncia`
--
ALTER TABLE `TipoDeDenuncia`
  ADD PRIMARY KEY (`idTipoDeDenuncia`);

--
-- Indexes for table `Votacion`
--
ALTER TABLE `Votacion`
  ADD PRIMARY KEY (`idVotacion`),
  ADD KEY `referencia_idReferencia` (`referencia_idReferencia`),
  ADD KEY `estudiante_idEstudiante` (`estudiante_idEstudiante`);

--
-- AUTO_INCREMENT for dumped tables
--

--
-- AUTO_INCREMENT for table `Administrador`
--
ALTER TABLE `Administrador`
  MODIFY `idAdministrador` int(11) NOT NULL AUTO_INCREMENT, AUTO_INCREMENT=3;

--
-- AUTO_INCREMENT for table `CategoriaDeCriterio`
--
ALTER TABLE `CategoriaDeCriterio`
  MODIFY `idCategoriaDeCriterio` int(11) NOT NULL AUTO_INCREMENT, AUTO_INCREMENT=3;

--
-- AUTO_INCREMENT for table `Criterio`
--
ALTER TABLE `Criterio`
  MODIFY `idCriterio` int(11) NOT NULL AUTO_INCREMENT, AUTO_INCREMENT=11;

--
-- AUTO_INCREMENT for table `Curso`
--
ALTER TABLE `Curso`
  MODIFY `idCurso` int(11) NOT NULL AUTO_INCREMENT, AUTO_INCREMENT=1939;

--
-- AUTO_INCREMENT for table `Denuncia`
--
ALTER TABLE `Denuncia`
  MODIFY `idDenuncia` int(11) NOT NULL AUTO_INCREMENT, AUTO_INCREMENT=3;

--
-- AUTO_INCREMENT for table `Estudiante`
--
ALTER TABLE `Estudiante`
  MODIFY `idEstudiante` int(11) NOT NULL AUTO_INCREMENT, AUTO_INCREMENT=84;

--
-- AUTO_INCREMENT for table `Facultad`
--
ALTER TABLE `Facultad`
  MODIFY `idFacultad` int(11) NOT NULL AUTO_INCREMENT, AUTO_INCREMENT=7;

--
-- AUTO_INCREMENT for table `Genero`
--
ALTER TABLE `Genero`
  MODIFY `idGenero` int(11) NOT NULL AUTO_INCREMENT, AUTO_INCREMENT=4;

--
-- AUTO_INCREMENT for table `LogAdministrador`
--
ALTER TABLE `LogAdministrador`
  MODIFY `idLogAdministrador` int(11) NOT NULL AUTO_INCREMENT, AUTO_INCREMENT=136;

--
-- AUTO_INCREMENT for table `LogEstudiante`
--
ALTER TABLE `LogEstudiante`
  MODIFY `idLogEstudiante` int(11) NOT NULL AUTO_INCREMENT, AUTO_INCREMENT=204;

--
-- AUTO_INCREMENT for table `Profesor`
--
ALTER TABLE `Profesor`
  MODIFY `idProfesor` int(11) NOT NULL AUTO_INCREMENT, AUTO_INCREMENT=1608;

--
-- AUTO_INCREMENT for table `Programa`
--
ALTER TABLE `Programa`
  MODIFY `idPrograma` int(11) NOT NULL AUTO_INCREMENT, AUTO_INCREMENT=48;

--
-- AUTO_INCREMENT for table `RangoDeNota`
--
ALTER TABLE `RangoDeNota`
  MODIFY `idRangoDeNota` int(11) NOT NULL AUTO_INCREMENT, AUTO_INCREMENT=6;

--
-- AUTO_INCREMENT for table `Referencia`
--
ALTER TABLE `Referencia`
  MODIFY `idReferencia` int(11) NOT NULL AUTO_INCREMENT, AUTO_INCREMENT=105;

--
-- AUTO_INCREMENT for table `ReferenciaCriterio`
--
ALTER TABLE `ReferenciaCriterio`
  MODIFY `idReferenciaCriterio` int(11) NOT NULL AUTO_INCREMENT, AUTO_INCREMENT=1041;

--
-- AUTO_INCREMENT for table `TipoDeDenuncia`
--
ALTER TABLE `TipoDeDenuncia`
  MODIFY `idTipoDeDenuncia` int(11) NOT NULL AUTO_INCREMENT, AUTO_INCREMENT=6;

--
-- AUTO_INCREMENT for table `Votacion`
--
ALTER TABLE `Votacion`
  MODIFY `idVotacion` int(11) NOT NULL AUTO_INCREMENT, AUTO_INCREMENT=30;

--
-- Constraints for dumped tables
--

--
-- Constraints for table `Criterio`
--
ALTER TABLE `Criterio`
  ADD CONSTRAINT `Criterio_ibfk_1` FOREIGN KEY (`categoriaDeCriterio_idCategoriaDeCriterio`) REFERENCES `CategoriaDeCriterio` (`idCategoriaDeCriterio`);

--
-- Constraints for table `Denuncia`
--
ALTER TABLE `Denuncia`
  ADD CONSTRAINT `Denuncia_ibfk_1` FOREIGN KEY (`referencia_idReferencia`) REFERENCES `Referencia` (`idReferencia`),
  ADD CONSTRAINT `Denuncia_ibfk_2` FOREIGN KEY (`estudiante_idEstudiante`) REFERENCES `Estudiante` (`idEstudiante`),
  ADD CONSTRAINT `Denuncia_ibfk_3` FOREIGN KEY (`tipoDeDenuncia_idTipoDeDenuncia`) REFERENCES `TipoDeDenuncia` (`idTipoDeDenuncia`);

--
-- Constraints for table `Estudiante`
--
ALTER TABLE `Estudiante`
  ADD CONSTRAINT `Estudiante_ibfk_1` FOREIGN KEY (`genero_idGenero`) REFERENCES `Genero` (`idGenero`);

--
-- Constraints for table `LogAdministrador`
--
ALTER TABLE `LogAdministrador`
  ADD CONSTRAINT `LogAdministrador_ibfk_1` FOREIGN KEY (`administrador_idAdministrador`) REFERENCES `Administrador` (`idAdministrador`);

--
-- Constraints for table `LogEstudiante`
--
ALTER TABLE `LogEstudiante`
  ADD CONSTRAINT `LogEstudiante_ibfk_1` FOREIGN KEY (`estudiante_idEstudiante`) REFERENCES `Estudiante` (`idEstudiante`);

--
-- Constraints for table `Profesor`
--
ALTER TABLE `Profesor`
  ADD CONSTRAINT `Profesor_ibfk_1` FOREIGN KEY (`genero_idGenero`) REFERENCES `Genero` (`idGenero`);

--
-- Constraints for table `Programa`
--
ALTER TABLE `Programa`
  ADD CONSTRAINT `Programa_ibfk_1` FOREIGN KEY (`facultad_idFacultad`) REFERENCES `Facultad` (`idFacultad`);

--
-- Constraints for table `Referencia`
--
ALTER TABLE `Referencia`
  ADD CONSTRAINT `Referencia_ibfk_1` FOREIGN KEY (`profesor_idProfesor`) REFERENCES `Profesor` (`idProfesor`),
  ADD CONSTRAINT `Referencia_ibfk_2` FOREIGN KEY (`curso_idCurso`) REFERENCES `Curso` (`idCurso`),
  ADD CONSTRAINT `Referencia_ibfk_3` FOREIGN KEY (`estudiante_idEstudiante`) REFERENCES `Estudiante` (`idEstudiante`),
  ADD CONSTRAINT `Referencia_ibfk_4` FOREIGN KEY (`programa_idPrograma`) REFERENCES `Programa` (`idPrograma`),
  ADD CONSTRAINT `Referencia_ibfk_5` FOREIGN KEY (`rangoDeNota_idRangoDeNota`) REFERENCES `RangoDeNota` (`idRangoDeNota`);

--
-- Constraints for table `ReferenciaCriterio`
--
ALTER TABLE `ReferenciaCriterio`
  ADD CONSTRAINT `ReferenciaCriterio_ibfk_1` FOREIGN KEY (`referencia_idReferencia`) REFERENCES `Referencia` (`idReferencia`),
  ADD CONSTRAINT `ReferenciaCriterio_ibfk_2` FOREIGN KEY (`criterio_idCriterio`) REFERENCES `Criterio` (`idCriterio`);

--
-- Constraints for table `Votacion`
--
ALTER TABLE `Votacion`
  ADD CONSTRAINT `Votacion_ibfk_1` FOREIGN KEY (`referencia_idReferencia`) REFERENCES `Referencia` (`idReferencia`),
  ADD CONSTRAINT `Votacion_ibfk_2` FOREIGN KEY (`estudiante_idEstudiante`) REFERENCES `Estudiante` (`idEstudiante`);
COMMIT;

/*!40101 SET CHARACTER_SET_CLIENT=@OLD_CHARACTER_SET_CLIENT */;
/*!40101 SET CHARACTER_SET_RESULTS=@OLD_CHARACTER_SET_RESULTS */;
/*!40101 SET COLLATION_CONNECTION=@OLD_COLLATION_CONNECTION */;
